Date,Open,High,Low,Close,Volume
2021-08-30,288.9931195332121,291.96828042904804,288.93553823039747,291.3636474609375,16348100
2021-08-31,292.16012706402677,292.2368923425425,289.35771113719727,289.722412109375,26285300
2021-09-01,290.6725629329241,292.8991369938273,289.34813475379116,289.6744384765625,18983800
2021-09-02,290.02958175450493,291.14283957172955,288.0909139976585,289.0218505859375,16285600
2021-09-03,288.8683160554501,290.4134922673868,288.1677338580256,289.0122985839844,14747900
2021-09-07,288.887563068861,288.9643283762939,286.19073133371813,288.0909729003906,17180400
2021-09-08,287.70704475507114,288.50360551584674,285.49007706649724,288.1197204589844,15046800
2021-09-09,288.70522581128586,289.97207310645393,285.03905983067443,285.27899169921875,19927000
2021-09-10,286.40184654237044,287.84143755665605,283.48426721928973,283.80096435546875,19633400
2021-09-13,285.56686392320825,286.51701392472955,282.2366088163071,285.0294189453125,23652900
2021-09-14,287.4958964728086,289.25221376514764,286.0947028700539,287.7166442871094,21853400
2021-09-15,291.0468952158528,293.02393100782655,289.66488563272827,292.5440673828125,28356300
2021-09-16,291.5267848065768,293.01435046119434,288.6476028000496,292.927978515625,19550800
2021-09-17,291.92030251442793,292.23699967637344,287.467153222757,287.79345703125,41372500
2021-09-20,284.3959685720782,286.68973080217256,277.860228217035,282.4477233886719,38278700
2021-09-21,283.78175309872546,285.5572543702067,282.22699963878074,282.9275817871094,22364100
2021-09-22,284.7798868463927,288.12932568723215,282.6492911094491,286.55535888671875,26626300
2021-09-23,286.81448200996863,288.781911071233,285.5476350659735,287.4958801269531,18604600
2021-09-24,286.21945226743645,287.72620170617705,284.971789339243,287.2943420410156,14999000
2021-09-27,284.21366203503686,284.53035916304015,281.142522901756,282.322998046875,23571700
2021-09-28,278.12892262453175,279.0694657966121,271.36285777992146,272.1018371582031,43186200
2021-09-29,273.61823631743374,275.22096437346653,271.6124099419833,272.5625305175781,26353700
2021-09-30,274.20369075422246,276.23830803362955,270.27840943903544,270.56634521484375,32343600
2021-10-01,270.7582465838053,278.301717984921,269.96168585473896,277.4571533203125,30086300
2021-10-04,275.8257051627655,276.1616156789927,268.9636587108174,271.7084655761719,31350700
2021-10-05,272.61052278816857,278.7047968877301,272.61052278816857,277.130859375,24993000
2021-10-06,274.270845855537,281.80471044780717,274.0117300480355,281.3056335449219,28002600
2021-10-07,283.2922830435044,284.6935059183277,282.08304662293614,282.9755859375,20430500
2021-10-08,284.2904075857707,284.6935059183277,281.92948674808355,282.9755859375,17685700
2021-10-11,281.1232834858587,285.9698937714107,280.96011698698385,282.3805236816406,19298600
2021-10-12,283.44585132765303,283.54182991335233,280.57627613312303,281.0849304199219,17974100
2021-10-13,283.03321851694517,285.3077678287941,281.6703926860201,284.3768310546875,23416300
2021-10-14,287.15996114857046,291.05645115386534,285.83553295482557,290.5574035644531,27262900
2021-10-15,290.1639328949292,292.18897261999524,288.41722227281656,291.9586181640625,25384800
2021-10-18,291.3444250695116,295.7975445356027,290.49986035476513,294.91461181640625,22729300
2021-10-19,295.9319350570906,296.84365846900545,294.8474384623916,295.8167724609375,17682100
2021-10-20,296.75728265313415,297.22756896603414,293.7821220408967,295.02978515625,16537100
2021-10-21,294.7994856279611,298.49441277839924,294.0220794692839,298.2449035644531,16918100
2021-10-22,297.89940328620986,298.56161758905387,295.4041059859267,296.7093505859375,17449300
2021-10-25,296.90124058009036,296.939637875098,294.11803710740327,295.7207946777344,17554500
2021-10-26,298.475142899543,299.81875504845516,296.171803603044,297.6209716796875,28107300
2021-10-27,303.2738027325777,312.9670535510442,303.2738027325777,310.1550598144531,52588700
2021-10-28,311.2683843629812,311.786645375774,308.4179927254557,311.28759765625,26297900
2021-10-29,311.0763923948779,318.6294410245631,310.85564458763923,318.2647399902344,34766000
2021-11-01,318.01516375454963,318.1399329660543,313.2261348081766,316.1053161621094,27073200
2021-11-02,317.00752073679007,320.02107850414706,316.71000761817237,319.7139587402344,26487100
2021-11-03,320.4529715980219,321.41269899381626,317.3338575616903,320.5489501953125,21500100
2021-11-04,319.4836957053107,322.9866951586953,316.23981212831796,322.8907165527344,23992200
2021-11-05,324.8772526985791,325.1459751338179,320.951972099872,322.5259094238281,22570100
2021-11-08,323.7160006633111,324.0519110698877,320.97119469393846,323.4184875488281,20897000
2021-11-09,323.5336680917774,325.07884433236194,321.0575844525398,322.42041015625,21307400
2021-11-10,321.09594304990367,321.15352434002415,316.6332173342628,317.4777526855469,25500900
2021-11-11,317.90970398049546,320.32820650538764,317.19951507073364,319.04217529296875,16849800
2021-11-12,320.47213819174647,323.64883306583664,320.34736896230555,323.15936279296875,23831000
2021-11-15,323.9463532471072,324.27265700662844,320.57770113283607,322.5355529785156,16723000
2021-11-16,322.16120369996304,326.9502621097972,321.998066485535,325.83697509765625,20886800
2021-11-17,325.8850760747881,329.0098960712893,324.9812796361216,326.0581359863281,19053400
2021-11-18,325.15435635646554,329.25990808153233,324.1351865907532,328.1253356933594,22463500
2021-11-19,329.44260130183307,331.8078416400719,329.01954636756113,329.89447021484375,21963400
2021-11-22,331.34626493417426,336.20177166262135,326.4715391090011,326.7407531738281,31031100
2021-11-23,324.067875438659,326.3754584116151,320.7123087229874,324.6736145019531,30427600
2021-11-24,323.3274620471291,325.13505455813925,321.0487523139128,324.8946838378906,21661300
2021-11-26,321.4719205549108,324.91401757282057,315.48186952965966,316.9817810058594,24217200
2021-11-29,322.0391233399611,325.97158534962614,321.8468150001387,323.6640319824219,28563500
2021-11-30,322.4045459611877,324.7697863608636,316.3183410190401,317.8567199707031,42885600
2021-12-01,322.2218403334276,326.2119893836903,316.7029366546509,317.3663330078125,33337600
2021-12-02,317.5779324514192,320.6450666242844,315.17422412422974,316.79913330078125,30766000
2021-12-03,319.20279534885117,319.88546954113923,305.7804982116358,310.5686950683594,41779300
2021-12-06,311.472416708919,314.8376070697841,306.9342159628672,313.6261291503906,30032600
2021-12-07,318.8662948497607,322.8660390443126,317.38560254163633,322.01995849609375,31021900
2021-12-08,322.39489389495935,322.5775780301863,318.0585957516276,322.0679931640625,24761000
2021-12-09,321.5296825679416,323.5295552242689,319.3278772616908,320.2701416015625,22214200
2021-12-10,322.0776255201496,329.7887095654795,321.894941380308,329.346435546875,38095700
2021-12-13,327.55808990182186,330.5483179150928,326.0197109116661,326.327392578125,28899400
2021-12-14,320.3854016251195,321.75072054562577,311.6262752750999,315.693359375,44438700
2021-12-15,315.95300870998227,322.2795851671007,312.0013264864769,321.7603759765625,35381100
2021-12-16,322.77955765121357,323.78913274409354,310.578331953771,312.38592529296875,35034800
2021-12-17,308.5207628124847,312.4051635201681,305.03057377478706,311.3282775878906,47750300
2021-12-20,307.722635580741,310.3667139438823,305.3381764176737,307.5880432128906,28326500
2021-12-21,310.8378448851712,315.1068317195721,307.4822492884366,314.68377685546875,24740600
2021-12-22,315.6549198284857,320.7603932246783,313.2031494286014,320.3662109375,24831500
2021-12-23,319.9335482909737,323.4333613707806,319.9143291893332,321.798828125,19617800
2021-12-27,322.5391907951614,329.28882257436214,322.51034746884613,329.2599792480469,19947000
2021-12-28,329.93289096293216,330.5674732743384,327.21190693909,328.1060791015625,15661500
2021-12-29,328.15421774318594,331.0386674602681,326.596619590704,328.7792053222656,15042000
2021-12-30,328.7406955115323,329.9137060860202,325.76971620596595,326.2504577636719,15994500
2021-12-31,325.4716783285754,326.28891555203285,322.91412956697064,323.36602783203125,18000800
2022-01-03,322.4333715730328,324.9812959837682,317.0779035290574,321.8564758300781,28865100
2022-01-04,321.9333330536582,322.28910640339575,313.5588245196175,316.3375244140625,32674300
2022-01-05,313.30884042531306,313.51077298431005,303.80941290749814,304.1940002441406,40054300
2022-01-06,301.0884509560254,306.4247001927171,299.49238536143025,301.79034423828125,39646100
2022-01-07,302.0499324142328,304.3094237353557,298.14631308588326,301.9441833496094,32720000
2022-01-10,297.56936510647546,302.59793177360086,292.9542584305184,302.1652526855469,44289500
2022-01-11,301.30958257691026,304.4151542522141,297.95401590280085,302.84796142578125,29386800
2022-01-12,307.35733034753923,310.9532679259109,304.86706317706137,306.01123046875,34372200
2022-01-13,308.1265127840826,308.52072440499325,292.2908837943043,293.06005859375,45366000
2022-01-14,292.53117903704157,298.8481288770932,292.0504375760111,298.25201416015625,39846400
2022-01-18,292.3582391420896,297.8675197676401,290.11796658264785,290.992919921875,42333200
2022-01-19,294.49261706590465,301.81911235300396,291.04089684223516,291.6466064453125,45933900
2022-01-20,297.1656180407453,299.64623177263644,289.54106334856164,289.98333740234375,35380700
2022-01-21,291.0313814474847,292.3966712973026,284.22406327473504,284.6278991699219,57984400
2022-01-24,280.9453743252705,285.6662305381032,265.4173987440913,284.9547424316406,85731500
2022-01-25,280.2915581603582,283.6279058744891,274.1861636133682,277.3782653808594,72848600
2022-01-26,296.1271750879496,296.61754086589866,281.74339590875957,285.2816467285156,90428900
2022-01-27,291.0024659264915,295.46373205879246,286.4546404978711,288.29107666015625,53481300
2022-01-28,288.6661016492175,296.59833777305556,283.10873012038377,296.3868103027344,49743700
2022-01-31,297.0501440748749,300.3480232729952,294.5695018415929,299.001953125,46444500
2022-02-01,298.45399507702996,298.6655225486515,293.37736510025144,296.8675537109375,40950400
2022-02-02,297.7040073654435,302.9825400250582,296.98289506365415,301.386474609375,36636000
2022-02-03,297.5693070036,299.2423070542267,288.40637695099,289.6466979980469,43730000
2022-02-04,288.64687935833757,296.906016986016,288.4161327669498,294.15618896484375,35096500
2022-02-07,294.37731117460294,295.98297161566165,288.3487929994967,289.3583679199219,28533300
2022-02-08,289.64668746095873,293.79067589518775,288.3967715838697,292.8291931152344,32421200
2022-02-09,297.9348214827328,299.91547470681274,295.55036170966486,299.22320556640625,31284700
2022-02-10,292.3293112144285,297.21363213902004,289.1179613871902,290.7332458496094,45386200
2022-02-11,291.51201390296524,292.56965100167986,282.88751078774607,283.6759338378906,39175600
2022-02-14,282.45484705008886,285.3297011391844,280.1280746488406,283.6374816894531,36359500
2022-02-15,288.4546070123702,289.2141576740427,285.5797520645728,288.8968811035156,27058300
2022-02-16,287.47087375855756,289.8795515618136,282.95219184742473,288.5596008300781,29982100
2022-02-17,285.53430336959343,285.958233038907,279.40664080865434,280.1099853515625,32461600
2022-02-18,282.3451367355774,283.1255458158132,275.85135224968457,277.41217041015625,34264000
2022-02-22,274.58934807974833,280.8904592474188,274.1076123813628,277.2099914550781,41736100
2022-02-23,279.58010909240227,281.04460436118626,269.8683308283759,270.0321044921875,37811200
2022-02-24,262.55554816759064,284.3781651371424,261.6016916782459,283.8289794921875,56989700
2022-02-25,284.3589600636408,286.75799441504483,280.9964249197429,286.4496765136719,32546700
2022-02-28,283.5591880367457,288.212770094987,282.29704319923974,287.87554931640625,34627500
2022-03-01,285.5728272162815,289.0124260885947,281.4780750548052,284.1758117675781,31217800
2022-03-02,284.57084383733564,290.4576682481348,282.9715074955346,289.22442626953125,31873000
2022-03-03,291.82580808856017,292.05703176941057,283.30869674167064,285.11041259765625,27314500
2022-03-04,283.53992798121607,284.8598787290603,276.68001821827283,279.271728515625,32356500
2022-03-07,277.9903600081898,279.1079901922431,268.35564745891236,268.7217712402344,43157200
2022-03-08,267.6523109324147,273.5872975701551,260.13724667838545,265.7735595703125,48159500
2022-03-09,273.0862941142346,279.0212805569592,270.52345705468474,277.9614562988281,35204500
2022-03-10,272.68158699777644,276.13083008813146,270.33071510240313,275.15771484375,30628000
2022-03-11,277.44109570873076,278.93449337232187,269.22268940942564,269.8393249511719,27209300
2022-03-14,270.0995117672135,274.9746736705197,265.74463254293596,266.34197998046875,30660700
2022-03-15,270.1091737905865,277.3063052834026,268.54835505285934,276.6607666015625,34245100
2022-03-16,278.54910553558244,283.8096787213844,272.8550174149433,283.6362609863281,37826300
2022-03-17,282.5764210911027,284.81165149082653,278.79960179018684,284.4359130859375,30816600
2022-03-18,284.58046582678224,290.00481304770483,282.0369173074508,289.45562744140625,43390600
2022-03-21,287.9719595079404,289.1762986686458,284.12768891305694,288.2320861816406,28351200
2022-03-22,288.84869714839016,293.85875989793885,287.8563228402571,292.9530944824219,27599700
2022-03-23,289.53277788187336,292.15342106739143,286.8446846467914,288.5500183105469,25715400
2022-03-24,288.2127385462436,293.08789961459325,287.42268524354915,292.9915466308594,24484500
2022-03-25,294.0803119983577,294.3404386258809,288.35729097039587,292.5869140625,22566500
2022-03-28,293.2132183201872,299.446879031132,293.2132183201872,299.3505554199219,29578200
2022-03-29,302.4433121800482,304.2835460913771,297.7608258637069,303.8885192871094,30393400
2022-03-30,302.2987264531988,304.40873068688376,300.1983369373926,302.3950500488281,28163600
2022-03-31,302.43355970417105,303.6282838118876,296.6431186303352,297.0477600097656,33422100
2022-04-01,298.0690878498517,298.8013353889546,294.3790059993479,298.1172790527344,27110500
2022-04-04,298.7627341145734,303.59934819649135,298.39661041143324,303.4644775390625,24289600
2022-04-05,301.82660661689823,303.3681663887453,298.5508104784777,299.52392578125,23156700
2022-04-06,294.04175386251336,295.7856342398464,285.8715081688589,288.5596008300781,40110400
2022-04-07,285.8233566950077,292.5580106672026,285.5246829888432,290.3612976074219,31411200
2022-04-08,289.46525511827485,290.1204083993762,285.4572118764955,286.12200927734375,24361900
2022-04-11,281.13127920546333,281.9213032700954,274.58930130303617,274.8398132324219,34569300
2022-04-12,278.6743681898196,280.11957482236716,270.24399616662504,271.75665283203125,30966700
2022-04-13,272.4023174654647,278.03860241861327,271.02453082533583,277.1136779785156,21907200
2022-04-14,277.56640502923614,277.7783698621316,269.1167734779353,269.6081237792969,28221600
2022-04-18,268.7217442498862,272.14205510022083,268.17255863306326,270.2729187011719,20778000
2022-04-19,269.1745036246196,275.7164792411384,268.2399356794026,274.87823486328125,22297700
2022-04-20,278.82852699073885,279.11758595882566,274.94573968215394,275.8995666503906,22906700
2022-04-21,278.03852943515125,282.5861150592423,269.82976470304897,270.5523681640625,29454600
2022-04-22,271.39056854763874,272.8550636325426,263.393769113378,264.02001953125,29405800
2022-04-25,263.3070532274066,270.8413756866367,260.87908697872507,270.46563720703125,35678900
2022-04-26,267.3632511079873,268.19182220528097,260.13721729425794,260.34918212890625,46518400
2022-04-27,271.795154326994,280.3411367431412,268.9625474500182,272.8742370605469,63477700
2022-04-28,274.77235637930573,280.35086291082894,271.1785981856094,279.0501708984375,33646600
2022-04-29,278.0673355494749,279.2909624684129,266.3997165093704,267.3824462890625,37073900
2022-05-02,267.56553951466765,274.53144585501184,266.12997704590924,274.07861328125,35151100
2022-05-03,273.58726807497914,273.7510711128351,269.9164452309345,271.4869079589844,25978600
2022-05-04,272.2672643508038,280.254447114598,266.62133844584713,279.3873291015625,33599300
2022-05-05,275.1095502622621,275.8899595127689,264.3186620189304,267.2187194824219,43260400
2022-05-06,264.77155329439324,269.049368342921,261.3608565604997,264.6944885253906,37780300
2022-05-09,260.195055446973,262.4110276632544,253.70126833077944,254.91522216796875,47726000
2022-05-10,261.76549132988686,263.7502396394238,255.3873167232384,259.6554870605469,39336400
2022-05-11,255.97502163371615,261.4475309989085,249.82807066667775,251.03240966796875,48975900
2022-05-12,248.27691919370875,250.38692367206517,240.88709615996444,246.02239990234375,51033800
2022-05-13,247.94928292003297,253.43143559809596,246.02234080198772,251.58155822753906,34925100
2022-05-16,250.46398464979046,256.1099416160169,246.43668177320907,251.94773864746094,32550900
2022-05-17,256.3892786113193,258.52818561527994,252.87261500014733,257.0733642578125,28828800
2022-05-18,253.98308927658698,254.56252427185584,244.10382723032592,245.36891174316406,31356000
2022-05-19,245.19505877898175,248.83582357923467,243.24432488041336,244.46112060546875,32692300
2022-05-20,248.42057161150723,249.6760190694131,237.99085911430905,243.90103149414062,39199300
2022-05-23,246.73057447845937,252.53451735450935,244.74118884717117,251.71365356445312,33175400
2022-05-24,249.0483255820953,252.37035900338427,244.80882139282033,250.718994140625,29043900
2022-05-25,249.289783654333,255.5089636207459,248.31440168457397,253.51959228515625,28547900
2022-05-26,253.27807996316005,257.9521373499767,252.46688284359203,256.78363037109375,25002100
2022-05-27,259.2752849819585,263.96864774816714,258.38681383363456,263.8720703125,26910800
2022-05-31,263.18632567522593,265.34951799157335,259.70974554446406,262.5489501953125,37827700
2022-06-01,265.7648261496329,268.16944748829445,260.78173234380733,263.08013916015625,25292200
2022-06-02,255.38334728727818,265.23362274910033,252.63105360262074,265.166015625,44008200
2022-06-03,261.04245577782234,264.0748154478667,259.2076029156242,260.76239013671875,28059000
2022-06-06,262.732495427998,264.77980709613064,258.0584370323219,259.5359802246094,22400300
2022-06-07,257.49833236224606,263.76581500022235,256.82231988834405,263.15740966796875,22860700
2022-06-08,262.3945173250315,263.64029841566133,260.3665091352675,261.13909912109375,17372300
2022-06-09,258.5992099165968,263.36017868447857,255.5572129915601,255.71173095703125,26439700
2022-06-10,251.64605970485297,251.64605970485297,243.87206395245485,244.31629943847656,31422800
2022-06-13,236.70645685368288,240.4824068795414,233.24919461693813,233.95416259765625,46135800
2022-06-14,235.49929128823007,237.31484044107447,233.22985484717458,236.10769653320312,28651500
2022-06-15,239.79673406143797,246.54708847653447,237.97153296010552,243.12844848632812,33111700
2022-06-16,237.54665625537092,238.93728870881043,234.68814708832016,236.5712890625,33169200
2022-06-17,236.31050590715876,241.91165700040483,235.6634784930398,239.15936279296875,43084800
2022-06-21,241.67990380993942,246.01597077834313,240.9556173405233,245.0406036376953,29928300
2022-06-22,243.25401534558895,248.3530054561835,241.78612402987773,244.45150756835938,25939900
2022-06-23,246.8078191002136,250.47752474998597,244.93432941875366,249.98500061035156,25861400
2022-06-24,252.83386609569553,258.7923411858124,252.74695527389528,258.5219421386719,33923200
2022-06-27,259.01450212809226,259.1014129718145,254.25353259267325,255.808349609375,24615100
2022-06-28,254.92954092954665,257.75907974566,247.53215803754682,247.68667602539062,27295500
2022-06-29,248.75854859461052,252.98838543989126,246.99128819672805,251.33702087402344,20069800
2022-06-30,248.23707094153858,250.6320551562228,244.22935890804,248.0246124267578,31730900
2022-07-01,247.599724121051,250.86381660731956,245.88073757874744,250.68032836914062,22837700
2022-07-05,247.3775897790424,253.96377399992517,246.00627607080364,253.83822631835938,22941000
2022-07-06,254.70741739613206,258.8020409501888,253.40369581093594,257.08306884765625,23824400
2022-07-07,256.0303925395583,259.8353125390256,255.93381513155052,259.19793701171875,20859900
2022-07-08,255.71170926657888,258.9082238859461,254.2631366183598,258.4833068847656,19658800
2022-07-11,256.5421839550465,257.3920178707807,253.19115172489805,255.4412841796875,19455200
2022-07-12,256.76433395035434,256.822274498301,243.39882584810758,244.9729461669922,35868500
2022-07-13,241.61228376039588,244.8570873615849,239.603594413408,244.0555419921875,29497400
2022-07-14,241.97925680708025,246.39256746391416,237.5079908622042,245.36891174316406,25102800
2022-07-15,246.9526808402148,251.44325042079436,246.03525438925857,247.91839599609375,29774100
2022-07-18,250.84453005870418,251.89715611893087,244.6156697955208,245.53309631347656,20975000
2022-07-19,248.74893867803232,250.81558360506327,244.98265483156152,250.63209533691406,25012600
2022-07-20,250.98938157590604,255.7889874324287,250.03333293209215,253.2781219482422,22788300
2022-07-21,250.88318973487608,255.80834373168997,248.2178060367972,255.76004028320312,22404700
2022-07-22,256.1462886118709,256.23319944277154,250.1878423691355,251.43359375,21881300
2022-07-25,252.05165427259675,252.5345118478316,248.00530543442562,249.95603942871094,21056000
2022-07-26,250.95075721193598,250.97009037906219,241.01356825164817,243.263671875,39348000
2022-07-27,252.2061678876976,260.79136010238045,249.97536828625238,259.5262756347656,45994000
2022-07-28,260.50171243898495,268.3143459872542,258.68616288804407,266.9333801269531,33459300
2022-07-29,268.17914544538223,272.33170936707273,267.1458230211277,271.1148986816406,32152800
2022-08-01,268.29505785999686,271.6364248715957,266.38293077002675,268.4785461425781,21539600
2022-08-02,266.5373945260248,268.3626103956282,263.0415102262708,265.3978576660156,22754200
2022-08-03,267.27132785781305,273.7802383800219,267.1264470117995,272.7855529785156,23518900
2022-08-04,272.13850053519735,274.0699307149256,270.5644096945988,273.9250793457031,18098700
2022-08-05,269.5794114121241,273.9251301220604,269.1255240569013,273.21051025390625,16774600
2022-08-08,274.3113883534034,276.11730051736697,269.74357435929414,270.70928955078125,18739200
2022-08-09,270.05259210657965,273.37462502798235,268.0921621074516,272.6213684082031,23405200
2022-08-10,278.2900455334461,279.87380247269977,277.1022057255484,279.24609375,24687800
2022-08-11,280.8783329903544,281.22597639185335,276.68713164605356,277.17962646484375,20065900
2022-08-12,278.5895808890098,281.9019775390625,277.1023709654231,281.9019775390625,22619700
2022-08-15,281.02312948938925,284.09409682100915,280.1636287959346,283.408447265625,18085700
2022-08-16,281.9792442454268,283.95897859670816,280.4630933901731,282.674560546875,18102900
2022-08-17,280.4002359720042,283.8938831580585,280.1389500408416,281.9293212890625,18253400
2022-08-18,280.8357203997343,282.50027733774294,279.76148592010856,280.8163757324219,17186200
2022-08-19,279.5873798762718,279.92610362667006,276.3550474268576,276.926025390625,20570000
2022-08-22,272.9871317684134,273.3548871851572,268.28380815555704,268.7967224121094,25061100
2022-08-23,267.5289001464844,269.8708743926488,266.52241649828346,267.5289001464844,17527400
2022-08-24,266.5321774149117,268.29351690361904,266.24183017802443,266.8999328613281,18137000
2022-08-25,268.39027578883355,270.0258011315452,265.67085828538086,269.8612976074219,16583400
2022-08-26,270.0838799821935,271.3032734990673,259.3417106465169,259.4481506347656,27549300
2022-08-29,257.2803379595906,258.7803619357156,255.34480790841272,256.6803283691406,20338500
2022-08-30,258.0738909142503,258.4416167849743,252.25761414315465,254.49314880371094,22767100
2022-08-31,256.8351555238569,258.4996828935802,252.9060026363371,253.04150390625,24791800
2022-09-01,250.5253174553684,252.4802216307378,247.1768588698768,252.00599670410156,23263400
2022-09-02,253.26411708214042,256.20610147316614,246.26716536821394,247.805908203125,22855400
2022-09-06,247.9414053865417,249.51883753175827,243.8187170261839,245.08648681640625,21328200
2022-09-07,246.48975437812405,250.48661397846638,245.0574662441124,249.77047729492188,24126700
2022-09-08,249.20920755279656,252.03506518749612,246.57687045645707,250.18663024902344,20319900
2022-09-09,252.10282364921977,256.68036347856776,251.89960123552532,255.93516540527344,22084700
2022-09-12,257.21261449388913,258.828795252262,256.61260484004885,258.0545654296875,18747700
2022-09-13,250.49630836570796,252.0060195193781,243.4800115748494,243.86712646484375,33353300
2022-09-14,245.3574916342139,246.03492427019088,241.8057953877336,244.0897216796875,23913000
2022-09-15,241.71871875061655,243.2961659891006,236.1540688365304,237.47023010253906,31530900
2022-09-16,236.38627698047728,237.3927608644155,234.25719690326952,236.85081481933594,39791800
2022-09-19,234.65397254260654,237.23790323040416,233.0861980227324,236.6378936767578,26826900
2022-09-20,234.2669028613096,235.66047218929285,231.91522600942378,234.6346435546875,26660300
2022-09-21,236.3959688481416,239.6766917207571,231.19906057717108,231.24745178222656,28625600
2022-09-22,230.20222575018326,235.99914265894625,229.91190810164895,233.21197509765625,31061200
2022-09-23,231.8184154017902,233.35717293349165,227.6183189581972,230.25064086914062,34176000
2022-09-26,229.40873723986832,233.66689809479655,229.26356360374658,229.79583740234375,27694200
2022-09-27,232.24423519066093,234.00557453802256,226.9408872481293,228.78932189941406,27018700
2022-09-28,229.1764446378298,234.51851197700628,227.16349151340208,233.29913330078125,29029700
2022-09-29,231.18938529349765,232.21521385312766,226.853802133828,229.8441925048828,27484200
2022-09-30,230.60870866268925,232.7861798495217,225.22793778149074,225.3924560546875,35694800
2022-10-03,227.82157728205974,233.82171772604818,227.09575348399042,232.97976684570312,28880400
2022-10-04,237.18950814956145,242.28963357290925,237.08305341434055,240.8573455810547,34888400
2022-10-05,238.06049042129033,242.50252771886065,236.23141537129544,241.16700744628906,20347100
2022-10-06,239.9379683013216,242.27028548507374,238.1476119193884,238.834716796875,20239900
2022-10-07,233.1346048289845,233.5410791626443,225.65378480022213,226.68930053710938,37769600
2022-10-10,225.5376480865996,226.99896799750226,219.42136587622,221.86013793945312,29743600
2022-10-11,220.28270418108383,221.6762883943557,216.88585373642715,218.14395141601562,30474000
2022-10-12,218.1342072790965,220.51491548211942,216.7406381971181,218.47293090820312,21903900
2022-10-13,212.76316144954848,228.4893441994696,212.06636940173655,226.68930053710938,42551800
2022-10-14,227.94737889006004,229.5925913283704,220.9794733149992,221.1923828125,30198600
2022-10-17,228.21836002283007,231.25714167375685,227.5602721133645,229.87322998046875,28142300
2022-10-18,235.3991931876777,236.0669387164965,227.782871649091,230.81198120117188,26329600
2022-10-19,229.39901697875123,231.88618020226818,226.7376631373762,228.85707092285156,19985700
2022-10-20,228.16997903446602,233.53139112693572,227.29898159472276,228.5377197265625,21811000
2022-10-21,227.17316603704901,235.16689978355862,226.9408971162325,234.3152618408203,26299700
2022-10-24,235.90237181871956,239.85085446829365,233.52167838261744,239.27987670898438,24911200
2022-10-25,239.28957660185964,242.9477272430807,237.90567969361152,242.57998657226562,34775500
2022-10-26,223.71826021026072,230.61843021635175,222.64404034026404,223.86343383789062,82543200
2022-10-27,223.592409520333,226.15699552057893,218.50197115457948,219.44070434570312,40424600
2022-10-28,218.94715681380413,228.97320270821285,218.76327910286216,228.2667236328125,40647700
2022-10-31,226.22475535763192,227.3473663725247,223.69888795758465,224.64730834960938,28357300
2022-11-01,227.03767812320683,228.1409296481597,220.0020223387947,220.81494140625,30592300
2022-11-02,222.06337802281334,223.8440621960301,212.94701812750728,213.00509643554688,38407000
2022-11-03,212.9954026993864,213.3050945982589,207.08235775345725,207.34365844726562,36633900
2022-11-04,210.53729517480699,214.4470595832424,206.55009302136054,214.25350952148438,36789100
2022-11-07,214.83414923285227,221.04719851693054,214.14702961237924,220.52459716796875,33498000
2022-11-08,221.32785232766216,224.18275612145348,218.5600438397234,221.49237060546875,28192500
2022-11-09,220.04072724111327,221.26012061364744,217.098728086194,217.27291870117188,27852900
2022-11-10,227.84092326094827,235.48627617138314,227.42479136911933,235.14755249023438,46268000
2022-11-11,235.15723711883936,239.99606241623323,234.1313937515766,239.14442443847656,34620200
2022-11-14,234.18944503837977,236.0475519661583,231.49905966480162,233.7636260986328,31123300
2022-11-15,237.74114480461608,239.03794631342942,232.29262332719875,234.1700897216797,31390100
2022-11-16,235.62581110898188,236.6060177766138,233.32574917375413,234.5970916748047,24093300
2022-11-17,230.76365473112853,236.07224872369898,230.61808681154827,234.54856872558594,23123500
2022-11-18,236.3245938837583,236.5478177930803,231.9767921721455,234.1021728515625,27613500
2022-11-21,234.3059689787537,237.45036963154155,234.07306028423957,234.90768432617188,26394700
2022-11-22,236.40220193537894,238.0714497781423,233.60719434514203,237.79971313476562,19665700
2022-11-23,237.87735803486538,240.95381671678922,237.0621480919058,240.27447509765625,19508500
2022-11-25,240.01246797791015,241.3614517929226,239.44958062083853,240.18716430664062,9200800
2022-11-28,238.81873915133238,239.3719120438035,233.69454115958348,234.62620544433594,24778200
2022-11-29,234.27682232337006,235.6258059533278,231.18096449697632,233.2384033203125,17956300
2022-11-30,233.47135371926146,247.7958155951577,232.78229762918565,247.61141967773438,47594200
2022-12-01,246.37890225412923,248.56251016658027,243.51595261951238,247.17471313476562,26041500
2022-12-02,242.44837741835488,248.504239491352,242.32220868898867,247.49493408203125,21528500
2022-12-05,244.57378861196725,246.3303923254423,240.74034652754588,242.81719970703125,23435300
2022-12-06,243.41890331596056,244.42820886485632,236.58662873937655,237.8870849609375,22463700
2022-12-07,237.60564320065706,238.89639979977625,235.0629579890975,237.15921020507812,20481500
2022-12-08,237.61528922412822,241.40021741097624,235.88781441981757,240.09974670410156,22611800
2022-12-09,237.47948221736485,240.98296029845363,236.95542284837845,238.17823791503906,20609700
2022-12-12,240.1483469667902,245.08814984287235,239.87661027319498,245.0590362548828,30665100
2022-12-13,253.96811982675712,256.13232821113195,245.60248135221084,249.33888244628906,42196900
2022-12-14,249.54275565955797,254.84163672246152,246.80595954357608,249.63009643554688,35410900
2022-12-15,246.2333334693487,246.69916567601095,240.04158720461845,241.6623077392578,35560400
2022-12-16,241.21590435148062,242.46783311149383,236.3246140510361,237.4698028564453,86102000
2022-12-19,237.63476384948163,237.97444210459676,231.66624165874438,233.35488891601562,29696400
2022-12-20,232.33587889229094,235.74231675615167,231.38480046926088,234.66506958007812,25150800
2022-12-21,234.5582680100152,238.37229534259706,233.02488851892647,237.2174072265625,23690600
2022-12-22,234.14099458820857,234.84946471293264,226.96905623748663,231.16159057617188,28651700
2022-12-23,229.1429380757911,231.82149149891836,227.03697155694044,231.6856231689453,21207000
2022-12-27,231.65652750812146,231.8797366085177,228.87121912390276,229.96788024902344,16688600
2022-12-28,229.89995135219928,232.64644670853528,227.26021075559856,227.60958862304688,17457100
2022-12-29,228.69650658121392,234.7814975020751,228.69650658121392,233.89834594726562,19770700
2022-12-30,231.18102152042397,232.87938337029664,229.6767552059716,232.74351501464844,21938500
2023-01-03,235.90729779007853,238.49851075863083,230.39489317769917,232.5105743408203,25740000
2023-01-04,225.4259409938991,225.9985278733158,219.2924376104367,222.33978271484375,50623400
2023-01-05,220.49582841202724,220.83550661088532,215.21634839005094,215.7501220703125,39585600
2023-01-06,216.4197883428899,219.09834182718123,212.8774972822173,218.29283142089844,43613600
2023-01-09,219.76796959383623,224.41663581790868,219.72915641914315,220.41819763183594,27369800
2023-01-10,221.03930492500658,224.48455530245445,220.62200037429594,222.09715270996094,27033900
2023-01-11,224.46515686951886,228.98765452783252,224.29047536414728,228.81297302246094,28669300
2023-01-12,228.31805219579647,232.82113664521583,226.66821796547995,231.47215270996094,27269500
2023-01-13,230.00668936190732,232.30675151679418,227.98806347571494,232.17088317871094,21333300
2023-01-17,230.94806647820474,233.80131636600996,230.09402846864725,233.25784301757812,29831300
2023-01-18,234.4418366169308,235.22793302598163,228.57035512507287,228.85179138183594,30028700
2023-01-19,226.88176678355612,228.57042929772973,223.87323369484895,225.0863494873047,28623000
2023-01-20,227.92982862321074,233.63632824749806,227.59015038517927,233.1316680908203,35389800
2023-01-23,233.98568794215404,237.93558370839386,232.5784623295547,235.42201232910156,31934000
2023-01-24,235.34439747923588,236.75160844059997,233.3451855854794,234.89796447753906,40234400
2023-01-25,227.5610098347346,236.12075825686085,224.08664593704998,233.5101318359375,66526600
2023-01-26,236.46045082013288,240.9829486422917,234.85914439539755,240.68209838867188,33454500
2023-01-27,241.6428822092,242.45809218411858,239.54661529494882,240.83737182617188,26498900
2023-01-30,237.2950768809861,238.35292478678218,235.05324194345323,235.54820251464844,25867400
2023-01-31,236.26634887736424,240.6335642533175,235.78110272448055,240.49769592285156,26541100
2023-02-01,240.6821076556318,247.65023576111176,238.2267631452796,245.2919464111328,31259900
2023-02-02,251.18282257259764,256.8796075980904,249.65914256333582,256.7922668457031,39940400
2023-02-03,251.8815727441677,256.4040702889057,249.5135692294624,250.7266845703125,29077300
2023-02-06,249.84352591670253,250.6781350311893,247.26201299101024,249.1932830810547,22518000
2023-02-07,252.84238703481986,260.8392350360664,252.40565360237943,259.6649475097656,50841400
2023-02-08,265.13855400297484,268.5935048183664,258.3547915146365,258.8594665527344,54686000
2023-02-09,265.7207597633259,265.89547087306715,255.04534527204862,255.84115600585938,42375100
2023-02-10,253.81282222305296,256.2972798694553,252.96849875330074,255.3365020751953,25818500
2023-02-13,259.7426507765096,266.4972709042155,259.267089268209,263.3140563964844,44630900
2023-02-14,264.62413161713886,266.85625191813295,261.33414871350027,264.1388854980469,37047900
2023-02-15,261.0547258535999,263.3994740205076,258.972656227329,262.02764892578125,28922400
2023-02-16,256.8711498021807,259.5175018592182,254.80855755164183,255.05178833007812,29603600
2023-02-17,252.36652933438805,253.0475576685139,249.06830587586964,251.07252502441406,30000100
2023-02-21,247.58949511011687,248.57215705654002,244.7777476181148,245.82850646972656,28397400
2023-02-22,247.21004899921323,247.45327979594094,243.56158704829775,244.6999053955078,22491100
2023-02-23,248.6401999292757,249.88554018375208,243.6977492993608,247.87159729003906,29219100
2023-02-24,243.19189234867713,244.20372595601927,241.38225458242883,242.471923828125,24990900
2023-02-27,245.6242009691581,245.97445391978178,242.6373195783351,243.386474609375,21190000
2023-02-28,242.3259744546454,244.68044668021838,241.99516930320846,242.66648864746094,22491000
2023-03-01,243.97023795416268,244.13563313137556,239.13480803308582,239.60182189941406,27565300
2023-03-02,239.87418786109544,244.5928558822364,238.95963779243274,244.3107147216797,24808200
2023-03-03,245.36146516717056,248.69858408661656,244.58312376181246,248.3775177001953,30760100
2023-03-06,249.48664537835333,253.076733733222,249.0488329841168,249.91473388671875,24109800
2023-03-07,249.3602116204825,250.7125891600785,246.52901630785823,247.2684326171875,21473200
2023-03-08,247.16138722750551,247.64784879607657,244.0188496513126,246.83059692382812,17340200
2023-03-09,248.8932070956166,252.53193017156482,244.76800759955387,245.48797607421875,26653400
2023-03-10,244.28156241943404,245.9452528022764,240.89579379056408,241.85897827148438,28333900
2023-03-13,240.7011840514009,250.92661597294014,239.0764041542882,247.04464721679688,33339700
2023-03-14,249.79798979400664,254.00102444049244,248.9320888847483,253.72860717773438,33620300
2023-03-15,252.9405641280701,259.26456442561187,252.19139432118732,258.2527160644531,46028000
2023-03-16,258.0289586598438,269.07164313641664,256.1512239726221,268.7214050292969,54768800
2023-03-17,270.7256186044692,275.65831665347815,268.8381452248547,271.8639221191406,69527400
2023-03-20,269.4802407516752,269.96670228330714,262.543294560003,264.8588562011719,43466600
2023-03-21,267.4371343013886,267.5538803349331,262.2222505034053,266.3669128417969,34558700
2023-03-22,265.9971973475459,273.43034485869043,264.81022985408475,264.9172668457031,34873300
2023-03-23,270.4142324494357,273.4497475874127,267.7484328177196,270.1418151855469,36610900
2023-03-24,269.7331419789733,273.0313649435058,267.82622136126867,272.9729919433594,28172000
2023-03-27,272.90495366822654,273.83895161321755,268.05978551317787,268.8965148925781,26840200
2023-03-28,268.32248351379377,268.6630125541161,264.68373074732534,267.77764892578125,21878600
2023-03-29,271.4066545555062,273.5276497515444,270.87155865821495,272.9147033691406,25087000
2023-03-30,276.53394388967973,276.7576972006701,273.8584053599599,276.3587951660156,25053400
2023-03-31,276.04750748202,281.4374805787577,275.33726286422353,280.4937438964844,32766000
2023-04-03,278.7619618964318,280.4645776022263,276.2615716824238,279.4527587890625,24883300
2023-04-04,279.4527472277195,282.5855611844231,277.93498937950386,279.4040832519531,25824300
2023-04-05,278.1100534490355,279.37484150873803,275.25939610333745,276.64093017578125,22064800
2023-04-06,275.54153732325625,284.1713602969535,274.3934952141327,283.7043762207031,29770300
2023-04-10,281.3791115118309,281.75856581319096,277.00095709388467,281.55426025390625,23103000
2023-04-11,278.0127623432296,278.23654533423,274.01406284794314,275.17181396484375,27276600
2023-04-12,277.07884402522524,279.23873500984865,274.325454368643,275.81402587890625,27403400
2023-04-13,275.91129524198396,282.05043844818863,275.5026841124763,281.9920654296875,24222700
2023-04-14,279.22891147364464,280.6688482565068,276.00853859815146,278.3922119140625,20987900
2023-04-17,282.0796326398558,283.70442754241606,278.4117226515916,280.980224609375,23836200
2023-04-18,283.6751943988744,283.86005216252715,279.23866745372095,280.56182861328125,20161800
2023-04-19,278.24620624627164,281.2233478976413,276.83548587844945,280.6396179199219,17150300
2023-04-20,277.52630699953454,281.2039550334732,277.3608970127179,278.3630065917969,23244400
2023-04-21,277.2927687532292,278.51863143275347,275.3955571976247,278.0224609375,21676400
2023-04-24,274.4518148632475,277.23438977201215,271.173069469935,274.1404724121094,26611000
2023-04-25,271.9417767926592,273.9751827450711,267.9138604386518,267.9625244140625,45772200
2023-04-26,288.66631890750085,291.45860367890464,284.80381270160626,287.372314453125,64599200
2023-04-27,287.95608640380885,296.9361784067996,287.2555804982626,296.576171875,46462600
2023-04-28,295.7783684985938,300.56513364270495,295.0973104351293,298.94036865234375,36469600
2023-05-01,298.6582327311371,300.24410228095644,296.8875053999733,297.2864074707031,21294100
2023-05-02,299.42687857918656,300.8084130116415,295.6811180076152,297.1405029296875,26404400
2023-05-03,298.3176970170622,300.25380462015016,295.8562025897096,296.1578063964844,22360800
2023-05-04,297.9480161890788,299.42687857918656,295.1849176329067,297.1405029296875,22519900
2023-05-05,297.4420521379096,303.5228215296377,296.03130176252597,302.2385559082031,28197100
2023-05-08,301.73263089775384,301.80074263730194,297.80201345372643,300.2926940917969,21318600
2023-05-09,299.6603622188009,301.6451339704267,298.0161195443124,298.68743896484375,21340800
2023-05-10,300.2635487654328,304.52495706862396,299.33928955394174,303.8536376953125,30078000
2023-05-11,301.7034562423544,302.6958271056149,297.9674351385275,301.7131652832031,31680200
2023-05-12,302.1412397708911,302.2385380136494,298.2982115576061,300.6040344238281,19774700
2023-05-15,300.73054195833356,301.50886857686805,299.26141854774806,301.0807800292969,16336500
2023-05-16,301.4407853698495,305.21573217875385,301.4407853698495,303.299072265625,26730300
2023-05-17,304.49835287265563,306.58494426267947,302.9870076180216,306.1656799316406,24315000
2023-05-18,306.6824666262682,311.07995152372933,305.8926785291236,310.5729064941406,27276000
2023-05-19,308.8373747474863,310.79723506942764,308.47661095325554,310.3974609375,27546700
2023-05-22,310.6509792014614,314.54141972113337,310.0757031921086,313.1665954589844,24115700
2023-05-23,312.0452031592295,314.6680896434004,307.38446605372087,307.39422607421875,30797200
2023-05-24,306.8774578305602,308.60328539686515,304.8103271006574,306.0194091796875,23384900
2023-05-25,315.175173290878,318.7438600972789,312.0160206042334,317.788330078125,43301700
2023-05-26,315.93572275471354,325.0816974555801,315.79923121389265,324.5844421386719,36630600
2023-05-30,326.8660707233384,327.3633260629456,322.27356311731285,322.94635009765625,29503100
2023-05-31,323.9993748636306,327.5583014347169,319.16310540886235,320.1966857910156,45950600
2023-06-01,317.7980281716673,325.2084138620462,316.61822604492374,324.2821044921875,26773900
2023-06-02,325.9104976467162,329.07941048845686,324.2529005654924,327.03179931640625,25873800
2023-06-05,326.8562818593042,330.11294548453895,326.31025620693947,327.5583190917969,21307100
2023-06-06,326.9635018339944,327.00251216553283,323.8823700342451,325.35467529296875,20396200
2023-06-07,323.37536016910263,326.14449888626166,314.45365769277373,315.31170654296875,40717100
2023-06-08,315.85776302496004,318.49041045789704,315.28248697978324,317.14483642578125,23277700
2023-06-09,316.8815191818162,321.7567696311191,316.3160032224107,318.6366271972656,22529000
2023-06-12,320.3819105271756,323.81410551348466,317.0472562466259,323.5703430175781,24260300
2023-06-13,326.12499527780267,328.5723804542734,322.1468041193806,325.9494934082031,22951300
2023-06-14,325.99819005349843,330.5809366273575,324.5063648507166,328.92333984375,26003800
2023-06-15,329.0598905688736,341.1114945004108,328.78687775426107,339.4149169921875,38899100
2023-06-16,342.5545684921727,342.70082003895476,333.41835487715986,333.7888488769531,46552000
2023-06-20,330.84423422142726,333.54511218147553,327.48029960440283,329.61566162109375,26375400
2023-06-21,327.9775897528391,329.3036733312241,323.784886322757,325.2377014160156,25117800
2023-06-22,325.7836365303023,331.63393536828784,325.02309887161056,331.2341613769531,23556800
2023-06-23,326.0177487407771,329.5279351767741,325.13047930366815,326.6612854003906,23146900
2023-06-26,325.39371033432894,327.72406452687306,320.29418775939905,320.4014587402344,21520600
2023-06-27,323.58003605093296,327.76300833110724,321.0839107605563,326.2224426269531,24354100
2023-06-28,326.3102386492254,329.5474118113246,325.48144019271336,327.4705505371094,20259500
2023-06-29,326.35903826648905,327.7241025708121,324.32118695571927,326.6905517578125,16997000
2023-06-30,329.32309010858233,334.17884912203095,328.7868245882197,332.0434875488281,26832800
2023-07-03,330.727231395335,332.394558661991,328.1726050055835,329.5571594238281,12508700
2023-07-05,326.7295447808277,333.1258712588089,326.37854101667716,329.71319580078125,18172400
2023-07-06,328.88436028376566,334.43239728548525,327.1292821478824,332.75531005859375,28161200
2023-07-07,330.85400764917136,333.2623825906087,328.591884271755,328.806396484375,21214800
2023-07-10,326.2516884002901,326.8659745717447,319.41657937452953,323.55078125,32791400
2023-07-11,322.80001130179477,324.5550891855568,318.8413111644658,324.1748352050781,26698200
2023-07-12,328.2018902215588,333.12588163330713,327.2951007130947,328.78692626953125,29995300
2023-07-13,331.0879956045949,335.16369770913235,330.56146024108614,334.11065673828125,20567200
2023-07-14,338.91756321276256,342.66175094916304,335.7194009948272,336.6261901855469,28352700
2023-07-17,337.0552945851425,338.33260777182664,333.66213945063294,337.10406494140625,20363900
2023-07-18,337.20150526147,357.62881326178683,333.63284869185065,350.52069091796875,64738600
2023-07-19,352.7242990079896,353.41657610071684,343.6465868791131,346.220703125,39732900
2023-07-20,344.7484850456873,349.03869970926394,336.75306199743676,338.21563720703125,33778400
2023-07-21,340.4386749626526,341.55997642385313,331.35120253084744,335.1929016113281,69405400
2023-07-24,337.2210689969038,338.2643797019485,333.7693834548789,336.49951171875,26678100
2023-07-25,338.4496147386664,343.11038262849917,336.4605340248674,342.22308349609375,41637700
2023-07-26,332.92103651777114,336.0704583718103,324.7988542780453,329.34259033203125,58383700
2023-07-27,331.9850338749244,332.8138025679025,320.8401897883476,322.4685363769531,39635300
2023-07-28,325.3449259664994,331.52673900384514,324.85740099740747,329.9276428222656,28484900
2023-07-31,328.51386838696095,329.2744062182313,325.0426629130829,327.538818359375,25446000
2023-08-01,326.827001708787,330.0934250583603,325.37418677597503,327.94830322265625,18311900
2023-08-02,325.30588726504845,325.30588726504845,318.21725578875714,319.3288269042969,27761300
2023-08-03,317.86625965352187,321.64945793431025,317.8175190621743,318.5097961425781,18253700
2023-08-04,323.5996092744747,326.7782818997198,319.0753628445266,319.6018981933594,23741500
2023-08-07,320.17717126140934,322.8487988022052,319.3483727907042,321.8737487792969,17741500
2023-08-08,318.802307526203,320.54765518196075,314.94111824721926,317.9150085449219,22327600
2023-08-09,318.3245710835293,318.94858760325343,313.03978705069517,314.19036865234375,22373300
2023-08-10,317.8858568827083,320.06998957446115,313.16661746479946,314.8729553222656,20113700
2023-08-11,312.2695668882884,314.3659187348988,311.2457463891283,313.0008544921875,24355500
2023-08-14,313.37138426545255,315.9747515213893,312.0940411840079,315.95526123046875,18836100
2023-08-15,314.9411305404492,316.97898134379494,312.8935197157339,313.8295593261719,16966300
2023-08-16,313.4583447502476,316.9955245713373,312.48123017207456,313.0675048828125,20698900
2023-08-17,313.2042018447522,314.50375064279973,308.9732805542869,309.6279602050781,21257200
2023-08-18,307.29270464284144,311.0936940527994,304.4199858602723,309.2371826171875,24755000
2023-08-21,310.65399674996837,315.383227213463,309.7843803763491,314.51361083984375,24040000
2023-08-22,318.0507585907704,318.61747186045255,314.1032077999083,315.080322265625,16084600
2023-08-23,316.40914128611394,321.66602068387584,316.05736465271366,319.516357421875,21166400
2023-08-24,325.23261059147694,325.359640264457,312.6375886963296,312.6473693847656,23281400
2023-08-25,314.11298756039173,317.9139473148537,311.5040788241883,315.58843994140625,21684100
2023-08-28,318.2070362516221,318.68581270104596,314.3572036482765,316.2919006347656,14808500
2023-08-29,314.51363868595456,321.45115801127633,314.51363868595456,320.8941955566406,19284600
2023-08-30,321.14816243481806,322.26205720426236,318.97896754783574,321.2654113769531,15222100
2023-08-31,321.66608035944125,323.3369376753796,319.30145033255354,320.259033203125,26411000
2023-09-01,323.7277749745022,324.3922056211829,319.3014478601216,321.138427734375,14942000
2023-09-05,321.47064520868975,327.18677054781415,321.13842988312655,325.91650390625,18553900
2023-09-06,325.75036744875047,326.80563776371406,322.62358978658284,325.2618103027344,17535800
2023-09-07,323.7082861250948,325.4572996917217,321.4999977101508,322.35986328125,18381000
2023-09-08,322.5356945258159,328.4667861972207,321.92010767166425,326.6200256347656,19530100
2023-09-11,329.52203220068384,330.6750497904705,327.75345762157895,330.2060241699219,16583300
2023-09-12,328.1345774558951,329.08237965274225,323.8939043767627,324.17724609375,17565500
2023-09-13,323.7277859536388,329.141008354495,323.59100543664357,328.36907958984375,16544400
2023-09-14,331.38835303568044,333.0592103619418,328.8674109262189,330.94866943359375,20267000
2023-09-15,329.2094292987057,329.6784251727831,322.10578782450574,322.6627502441406,37679800
2023-09-18,320.29815345634984,322.83865737625007,318.8911060489949,321.5293273925781,16834200
2023-09-19,318.7054373268487,321.85174708859677,317.0834237409372,321.128662109375,16505900
2023-09-20,321.96898600781554,322.04714204193704,313.1749561204339,313.4289855957031,21436500
2023-09-21,311.9535360525413,317.9041588491349,307.79101939102566,312.21734619140625,35560400
2023-09-22,313.96645780671054,314.09348747067116,308.91476240736046,309.7550964355469,21447900
2023-09-25,309.34464808220946,310.39994834578414,307.7910397456029,310.2729187011719,17836000
2023-09-26,307.918083681108,308.650919524038,302.92501329864484,304.99652099609375,26297600
2023-09-27,305.15284644995364,307.10707545013054,302.60259191792346,305.63165283203125,19410100
2023-09-28,303.87284184688065,308.2601064170978,302.3681069221391,306.46221923828125,19683600
2023-09-29,310.4781242122937,312.1587623008752,307.7715278533527,308.5238952636719,24147300
2023-10-02,309.0417036720847,314.52333029570326,307.96687199890835,314.43536376953125,20570000
2023-10-03,313.48759919542874,314.03481069195016,304.0877634575696,306.2178955078125,21033500
2023-10-04,306.84320351373003,312.7156700194833,306.81389127739357,311.6603698730469,20720100
2023-10-05,311.78742886180316,312.65707498694155,307.6933171593875,312.0512390136719,16965600
2023-10-06,309.30558981860264,321.6563316821838,309.06131118825493,319.7705078125,25673600
2023-10-09,317.31787385142707,322.7408463729551,315.78379722001137,322.2718505859375,19891200
2023-10-10,323.38576454759857,323.52257487302114,320.1710797301385,320.8746032714844,20557100
2023-10-11,323.629987237604,325.2031566123962,321.6073834973841,324.81231689453125,20063200
2023-10-12,323.0046828962765,325.9946502834495,321.1970154685532,323.5811767578125,19313100
2023-10-13,324.7733126546174,326.19011074612195,318.8910644547027,320.229736328125,21072400
2023-10-16,323.47367526332005,328.4472132631376,323.03399172229655,325.0273132324219,22158000
2023-10-17,322.04718865285014,325.82861728065586,319.9170860395432,324.4606628417969,18338500
2023-10-18,324.8807739787621,327.909834737972,320.7866620472197,322.55523681640625,23153600
2023-10-19,324.54851006231695,329.1702714544596,323.336897867666,323.7375183105469,25052100
2023-10-20,324.1283854502297,324.32382025517603,318.0018889823848,319.1939697265625,25027700
2023-10-23,318.0214287466955,325.1152889172781,316.96615830256553,321.7833251953125,24374700
2023-10-24,323.7179434195226,324.2455934709326,320.1026385377484,322.965576171875,31153600
2023-10-25,337.1239893295993,338.2770069491987,329.8933489527061,332.8735656738281,55053800
2023-10-26,332.7465699625012,333.81162115649903,319.4578072066944,320.3860778808594,37828500
2023-10-27,322.8679828184283,329.01404224349466,320.8844412951908,322.2621765136719,29856500
2023-10-30,325.7796234317427,331.6814010859109,324.23576641818215,329.5903625488281,22828100
2023-10-31,331.09518568729226,331.24174686809175,327.0303866312015,330.3721008300781,20265300
2023-11-01,332.0136865785613,339.46907368839175,331.8768762591472,338.14996337890625,28158800
2023-11-02,339.29314959662656,340.8467577077369,336.8796761567897,340.34844970703125,24348100
2023-11-03,341.62851616542054,346.27959030223104,339.38113512943426,344.7259521484375,23637700
2023-11-06,345.36110615399525,349.3575005821622,345.2633887474612,348.37060546875,23828300
2023-11-07,351.1749086935178,354.16487636600215,349.4454269438777,352.279052734375,25833900
2023-11-08,353.40267618539207,355.54255878691407,352.2985323074461,354.8879089355469,26767800
2023-11-09,354.0085341532929,356.44156927918397,352.1129298373234,352.4353942871094,24847300
2023-11-10,353.21708130319655,361.6300519453443,352.8067099465058,361.20989990234375,28042100
2023-11-13,359.7931253712149,360.03740401182273,357.5262124297735,358.2883605957031,19986500
2023-11-14,362.51919694143055,363.43768679672274,358.94295491704753,361.7961120605469,27683900
2023-11-15,363.5193564786247,365.3306930182784,359.4365063311856,361.9430236816406,26860100
2023-11-16,363.20606948048294,368.48342035388106,362.4423744800686,368.30718994140625,27182300
2023-11-17,365.8006186204478,366.5447423144695,359.3287982048387,362.1192321777344,40157000
2023-11-20,363.4606399313925,370.95073116555085,363.24523724780994,369.5506286621094,52465100
2023-11-21,367.8176632886869,368.35615509696635,363.3627506177611,365.2720031738281,28423100
2023-11-22,370.0989155578587,371.8515087359404,367.13225084262217,369.9520568847656,23345300
2023-11-24,369.44285575599235,370.06949251389324,367.2986596667437,369.540771484375,10176600
2023-11-27,368.9043706026068,372.68370265137486,368.33650717542696,370.69610595703125,22179200
2023-11-28,370.44154248770207,374.994339854648,370.25551157363964,374.70062255859375,20453100
2023-11-29,375.7385254123956,376.26721663239306,369.55062106548934,370.93115234375,28963400
2023-11-30,370.5786340328009,372.1451961390215,367.6217700935787,370.9898681640625,30554400
2023-12-01,368.88488526497616,370.25561616658536,363.5487904683599,366.6819152832031,33040500
2023-12-04,361.38499154139083,361.79619587063644,355.31457343804857,361.4241638183594,32063300
2023-12-05,358.7902991826528,365.2816906598943,357.9776315061035,364.7333984375,23065000
2023-12-06,365.73212951183393,366.35873644463544,360.3372921206186,361.0911865234375,21182100
2023-12-07,360.5331119373255,363.68580733396766,358.6630319776083,363.1962585449219,23118900
2023-12-08,361.48282487936234,366.6328576380953,360.53309906732864,366.4076843261719,20154400
2023-12-11,360.77796837530923,363.83274873288354,358.4477108287845,363.53900146484375,27708800
2023-12-12,363.09832185609827,366.59370717928465,362.7164594804309,366.5545349121094,24838300
2023-12-13,368.16027437565873,369.7464376106383,363.0200118977458,366.5447692871094,30955500
2023-12-14,365.50693426286074,365.9475401487158,356.5188251808004,358.28118896484375,43277500
2023-12-15,359.18190159796933,364.6158804344356,358.62380888642144,362.9808044433594,78502300
2023-12-18,361.7275930990288,365.20337736605416,360.9736688806633,364.8606872558594,21802900
2023-12-19,363.7249554315047,365.4579772949219,362.1094503782396,365.4579772949219,20603700
2023-12-20,367.1616214647713,368.1700908565403,362.78505374172363,362.8731689453125,26316700
2023-12-21,364.7725598810794,366.58389622045354,362.3052449535161,365.7320861816406,17708000
2023-12-22,365.869275678797,367.33792244682013,364.9195495736209,366.7504577636719,17107500
2023-12-26,367.1616249726416,369.0610768362086,365.69297847275107,366.8287353515625,12673100
2023-12-27,365.87894525127507,367.22030403850823,365.0173346750331,366.2510070800781,14905400
2023-12-28,367.5238451750327,368.59105792655595,366.3391454974242,367.43572998046875,14327000
2023-12-29,368.140698335078,369.2764551389083,365.67338313483896,368.17987060546875,18730800
2024-01-02,366.04544293017665,368.04281055620135,359.10364399056556,363.1179504394531,25258600
2024-01-03,361.29684544783345,365.4580105992302,360.8072966064926,362.8536071777344,23083500
2024-01-04,362.92215399405467,365.30135421024977,359.49531207816057,360.24920654296875,20901500
2024-01-05,361.25764113124956,364.2830491168241,358.8392688743441,360.0631408691406,21004600
2024-01-08,361.58074269539895,367.35744261436474,361.2968258961624,366.85809326171875,23134000
2024-01-09,364.23413165308716,368.13092123395006,363.4312643972459,367.93511962890625,20830000
2024-01-10,368.50297659226095,376.1399561660862,368.45403366179033,374.7691955566406,25514200
2024-01-11,377.9316910243427,382.5138608324762,372.4291670394017,376.59033203125,27850800
2024-01-12,377.4323150873344,380.55563874578314,376.6098767088899,380.35003662109375,21661200
2024-01-16,385.43155133047776,385.79381264906647,379.5177936668549,382.1123962402344,27202300
2024-01-17,379.8702558603142,381.95570842020396,376.76650366232656,381.3291015625,22234100
2024-01-18,383.5321225973024,385.75466344784127,381.96556042243856,385.6371765136719,23392100
2024-01-19,387.4877057228784,390.3368835449219,385.27493541414515,390.3368835449219,29331100
2024-01-22,391.65865857195683,392.24612317895645,385.36306741354116,388.2220458984375,27016900
2024-01-23,387.47789064929606,391.03201985975426,385.6959257751216,390.5620422363281,20525900
2024-01-24,393.14686950723774,397.1513752160577,392.079656679383,394.1455383300781,24867000
2024-01-25,395.8687958055948,398.5025710526844,394.1162025271926,396.40728759765625,21021200
2024-01-26,395.917652215205,397.6800456471152,394.0182006704119,395.4868469238281,17803300
2024-01-29,397.5724131081032,401.4104892723421,395.8785633157736,401.1559143066406,24510200
2024-01-30,403.64280098293807,404.41626660201007,397.9542461080957,400.04949951171875,33477600
2024-01-31,398.4535945955144,406.6388669659615,388.9073919493629,389.2696533203125,47871100
2024-02-01,393.430744217634,399.4717890769623,393.401372487154,395.3399963378906,30657700
2024-02-02,395.36939499914837,404.0246140998081,395.12462060191353,402.62451171875,28256700
2024-02-05,401.3320936868834,402.5657662041655,395.5456233801517,397.1709289550781,25352300
2024-02-06,397.39617518548,399.44248577195293,394.48825385108364,397.0143127441406,18382600
2024-02-07,398.9235343367266,405.64012962816963,398.88436206584436,405.3953552246094,22340500
2024-02-08,405.3953275824479,406.87377444064305,403.9071100669644,405.4540710449219,21225300
2024-02-09,406.57025541446654,412.02383590927224,406.4135962217608,411.75946044921875,22032800
2024-02-12,411.769283442755,411.94551383927785,406.0807287884979,406.580078125,21202900
2024-02-13,396.4758362047706,401.49861232810986,394.95824667886694,397.8269958496094,27824900
2024-02-14,400.2792461565028,402.01544302317166,396.8460672009255,401.672119140625,20401200
2024-02-15,400.34788638470263,401.3189759217452,396.5713838346197,398.79803466796875,21825500
2024-02-16,400.1712693339194,400.49498577796,395.73757539612643,396.3457336425781,22296500
2024-02-20,395.5414579178433,396.7675933071184,390.4113266074818,395.1000671386719,24307900
2024-02-21,392.53007321174096,394.60959394201785,389.63638185870155,394.5016784667969,18518900
2024-02-22,402.3587150074255,404.9482969480148,400.76964859968683,403.79083251953125,27009900
2024-02-23,407.7340858290021,407.92043082910567,401.1619895410124,402.5058288574219,16295900
2024-02-26,403.60448178020243,404.2911294979053,399.5827521513917,399.75933837890625,16193500
2024-02-27,400.2007433350152,400.5244598178457,396.13979878680874,399.70050048828125,14835800
2024-02-28,400.38709194736896,401.48570431449235,397.5817089338175,399.9358825683594,13183100
2024-02-29,400.83834831741547,406.29219561123216,398.17027676875426,405.7428894042969,31947300
2024-03-01,403.4180998812608,407.93028353505224,403.03556125394095,407.5673522949219,17823400
2024-03-04,405.54671909934444,409.3820740419509,404.4481066223211,406.99847412109375,17596000
2024-03-05,406.056714869292,406.3411866044012,392.9910415291509,394.962646484375,26919200
2024-03-06,395.27656457076307,397.4247558475786,390.7840183450358,394.4133605957031,22344100
2024-03-07,398.3664647487739,401.9565926355365,394.5605358436286,401.3288269042969,18718500
2024-03-08,400.17124800230863,402.5843034085502,396.6105469173114,398.4644775390625,18002200
2024-03-11,396.05149669102667,397.9348236347475,393.5992262388283,396.7969665527344,16120800
2024-03-12,399.83777202306123,407.6360037253644,399.02363143663507,407.3515319824219,22457000
2024-03-13,410.11771230614136,410.1961717884516,403.5946789555971,407.17498779296875,17115900
2024-03-14,412.21687278632703,419.652174073812,410.0098292271171,417.101806640625,34157300
2024-03-15,411.2849584886003,414.53176184842266,404.90905594932127,408.4697570800781,45079900
2024-03-18,406.34123515822085,412.69753127897746,405.8802070917239,409.3526306152344,20106000
2024-03-19,409.8528340561438,413.61954764814055,407.61636469929994,413.364501953125,19837900
2024-03-20,413.94325853489937,417.8276466076136,412.62884514501485,417.1116027832031,17860100
2024-03-21,421.6237557740876,422.5948752417206,419.004747660182,421.17254638671875,21296200
2024-03-22,421.4963200117596,421.6532390012991,417.9356179957843,420.55462646484375,17648500
2024-03-25,417.1214317546939,419.25001591585095,413.56072987159786,414.786865234375,18060500
2024-03-26,417.48433323864253,417.8570831519167,413.30568457627095,413.5999450683594,16725600
2024-03-27,416.3366986755512,416.3465173372015,411.0103740796991,413.3841552734375,16705000
2024-03-28,412.92309148516256,413.815721504757,411.11822405931304,412.68768310546875,21871200
2024-04-01,415.85607505767865,419.7208560550212,414.15909296576694,416.4642333984375,16316000
2024-04-02,412.08929633397446,414.3159769269491,409.86264567594,413.3939208984375,17912000
2024-04-03,411.71659648353796,415.17920112214335,411.0888008867087,412.4228515625,16502300
2024-04-04,416.87625243015657,420.4860181021849,409.59792884663904,409.9020080566406,19370900
2024-04-05,411.9913032872843,418.3672072160066,410.3335658710208,417.3960876464844,16554800
2024-04-08,417.0527386666228,419.12244053087517,415.21841524840187,416.4837951660156,14272400
2024-04-09,418.29848942937065,419.5736580977935,413.57050478624086,418.14154052734375,12496900
2024-04-10,414.12962029851764,415.9344877287147,411.68716854848634,415.17919921875,16216600
2024-04-11,417.69033834286756,421.1725504908495,414.2963744060529,419.7600402832031,17966400
2024-04-12,415.95410040174403,417.06253143112855,411.75581460240056,413.84515380859375,19253800
2024-04-15,418.4554515197094,418.6712525249299,405.5368771254888,405.7428894042969,20273500
2024-04-16,406.65512826574127,410.4119935798852,405.8311689524943,406.6649169921875,16765600
2024-04-17,409.2839199801292,410.88280503231437,402.49602250375233,403.9772033691406,15855500
2024-04-18,402.79031869935466,404.02627254838046,396.2378594372626,396.5517272949219,21029900
2024-04-19,396.31635459832717,397.738683518828,390.1758594431205,391.5000915527344,30565800
2024-04-22,392.4417885622407,395.1589237744009,388.1944686964581,393.30499267578125,20286900
2024-04-23,396.5223162949651,400.4067342721825,395.3648518176367,399.78875732421875,15734500
2024-04-24,401.7407592748994,404.5952057239604,399.01383568119996,401.25030517578125,15065300
2024-04-25,386.507271018032,392.25540884693,380.6218216022703,391.421630859375,40586500
2024-04-26,404.30094095620495,405.1150815807432,398.01331587991365,398.5626220703125,29694700
2024-04-29,397.5130677635141,398.56264677395114,391.56876617151903,394.5703430175781,19582100
2024-04-30,393.8248513162942,394.4820730278576,381.74008419354954,381.8970031738281,28781400
2024-05-01,385.11439972061993,394.050490048908,382.8583225669511,387.3999328613281,23562500
2024-05-02,390.067981051651,392.2946320183516,387.1154376190438,390.2445373535156,17709400
2024-05-03,394.59976579857647,399.37678414031285,394.1877711661832,398.8961486816406,17446700
2024-05-06,400.95603550783153,406.0273140130064,398.6116505989638,405.644775390625,16996600
2024-05-07,406.74340224425765,406.75322090554647,401.27973632622934,401.52496337890625,20018200
2024-05-08,400.37733960441915,404.3598247646084,398.9451919846881,402.70208740234375,11792300
2024-05-09,402.7314394166672,404.84038581124497,401.2895033351294,404.4480285644531,14689700
2024-05-10,405.0562460600837,407.44966453116945,403.93799631140473,406.8218688964844,13402300
2024-05-13,410.029454744504,410.3629599472109,402.9767222457907,405.82135009765625,15440200
2024-05-14,404.1538152820149,409.5193847249845,403.69278719697195,408.6071472167969,15109300
2024-05-15,410.660957995032,416.4685861383269,410.0418663164104,415.751220703125,22239500
2024-05-16,414.4934152171816,418.0507334531988,413.0685506371504,413.69744873046875,17530100
2024-05-17,415.2205942827064,415.59401656244523,410.78870878728935,412.9309387207031,15352200
2024-05-20,412.9308753558347,419.3772369114519,412.71468512121004,417.9720153808594,16272100
2024-05-21,419.4362626425402,425.46991744124085,417.4905802068074,421.6080017089844,21453300
2024-05-22,422.63977275649836,424.91959180983645,419.7310556819618,423.06231689453125,18073700
2024-05-23,425.4698570651074,426.0889486573305,418.05065430726955,419.603271484375,17211700
2024-05-24,419.78997344657733,423.5929302999633,417.0581313925194,422.7085266113281,11855300
2024-05-28,422.1877338257991,423.35712243524114,419.2102222377172,422.86578369140625,15718000
2024-05-29,418.3159892619867,423.4750461602697,418.3159892619867,421.7357177734375,15517100
2024-05-30,416.9500674611062,416.9500674611062,407.0643338259667,407.4869079589844,28394500
2024-05-31,409.53083651523417,409.53083651523417,397.5028738526741,407.93890380859375,47995300
2024-06-03,408.33203367027437,409.21643753791784,401.8365489421842,406.3568420410156,17484700
2024-06-04,405.2856495851976,409.226195718034,402.58328662384173,408.86260986328125,14348900
2024-06-05,410.57248754759564,416.7338647316788,409.0886349128657,416.66510009765625,16988000
2024-06-06,416.6651146111646,417.9425834215114,413.2945078470223,417.166259765625,14861300
2024-06-07,418.8171717087438,418.89577271534046,415.67259164399417,416.50787353515625,13621700
2024-06-10,417.34315052242914,420.66457531575907,416.5471841383872,420.4582214355469,13982900
2024-06-11,418.10961578141064,425.3224647271418,417.8835891699695,425.18487548828125,14551100
2024-06-12,427.77914935628644,435.719169857388,425.74499986300094,433.4197082519531,22366200
2024-06-13,433.21338970261115,435.7093989946261,431.75901618030764,433.93072509765625,15960600
2024-06-14,430.68790003484014,435.4637283515464,429.15492551069684,434.9035949707031,13582000
2024-06-17,434.92324397820295,443.1286073434569,433.0856417971322,440.6031188964844,20790000
2024-06-18,441.9198947788086,442.34246889984814,437.18341197055486,438.6082763671875,17112500
2024-06-20,438.5689526211533,438.79497924029823,433.6260860366594,437.9793701171875,19877400
2024-06-21,439.63025801243765,442.774807970896,438.77533339876635,441.9886779785156,34187100
2024-06-24,442.0083612472025,444.9072720890794,438.67709986214254,439.915283203125,15913700
2024-06-25,440.48515617122325,443.6002568065394,439.01114003233465,443.1383972167969,16413400
2024-06-26,441.222219477512,445.7425422004591,440.4262530619795,444.3274841308594,16507000
2024-06-27,444.3471165440364,448.2680202655606,443.94421515967235,445.0055236816406,14806300
2024-06-28,445.2216529567904,447.49163533200266,438.67701793083796,439.2076721191406,28362300
2024-07-01,440.8880538633733,449.44716577540373,437.9400216100097,448.8182678222656,17662800
2024-07-02,445.3494912239479,451.62878536550966,445.26102385148636,451.32415771484375,13979800
2024-07-03,450.2530351597629,453.0339994689676,449.9484075142332,452.788330078125,9932800
2024-07-05,451.6483951731934,460.2370169877969,451.01949716215944,459.460693359375,16000300
2024-07-08,458.4682018620652,459.59830504287737,456.41440936822374,458.16357421875,12962300
2024-07-09,458.9104170237532,459.23468742094946,450.0663190511327,451.57965087890625,17207200
2024-07-10,453.2305038870679,458.37972423311413,450.91136946375343,458.1733703613281,18196100
2024-07-11,454.9600551032178,456.72886266734906,443.7280281074878,446.823486328125,23111200
2024-07-12,446.459846610387,448.45468069664645,442.8436006787632,445.693359375,16324300
2024-07-15,445.4476817175394,449.33910606074033,443.61007966105154,446.09625244140625,14429400
2024-07-16,446.3518119574386,446.4304129687703,438.9227718455909,441.73321533203125,17175700
2024-07-17,434.92321432561624,437.1440749862863,431.5722805813875,435.83709716796875,21778000
2024-07-18,436.6429302135875,436.9475578488645,426.8751131633182,432.74169921875,20794800
2024-07-19,425.59769107139607,433.4984276788557,424.51673967166596,429.5382080078125,20940400
2024-07-22,434.1370778123692,436.89839903999433,431.3069619660928,435.26715087890625,15808800
2024-07-23,436.21051790501895,440.6227600869156,435.4243879336588,437.1440734863281,13107100
2024-07-24,432.82031037979385,433.8324669900576,420.18306232506063,421.4703674316406,26805800
2024-07-25,421.3721545577555,422.35483218497876,410.27774573844266,411.1523132324219,29943800
2024-07-26,410.9556919630689,421.48999466729276,410.0417792088543,417.9031982421875,23583800
2024-07-29,424.10397494654256,424.6641083620649,417.3431784161,419.3380126953125,15125800
2024-07-30,420.31083428857175,421.6177822082065,410.13027948455533,415.593994140625,32687600
2024-07-31,413.2159000993034,414.4737261342931,405.06949500365346,411.1031494140625,42891400
2024-08-01,413.50088916463085,420.05533154219523,405.9342601346404,409.8846130371094,30296400
2024-08-02,405.3446197900361,407.81114983489476,397.3358044115477,401.4139099121094,29437900
2024-08-05,382.4286607640187,394.09303926008795,378.90082173461536,388.3050537109375,40709200
2024-08-06,393.07103331037194,398.64282840268,391.59701693545804,392.6877746582031,24946500
2024-08-07,401.56132604317764,402.9763539760022,390.58480577308114,391.5281677246094,20650900
2024-08-08,395.4687471216862,398.82948747665125,393.01205329948556,395.71441650390625,20203000
2024-08-09,397.03117577316215,400.9815283942931,395.2918474526737,398.9866943359375,19276700
2024-08-12,400.008700380632,401.6792641246606,397.23754263585204,399.7630310058594,16762900
2024-08-13,402.49487016333154,407.7620371122612,402.475227409518,406.83831787109375,19414300
2024-08-14,407.6145724584555,410.4840036540826,405.305304565642,409.6388854980469,18267000
2024-08-15,413.2715696251715,414.5611950729744,411.1648649409175,414.4824523925781,20752100
2024-08-16,414.0591609720714,414.787643452163,410.81046198721873,411.9622802734375,22775600
2024-08-19,412.44459964164133,415.19121979816396,409.98347800679744,414.9746398925781,15234000
2024-08-20,415.1419894571752,419.2372692231651,415.08292494421295,418.1937561035156,16387600
2024-08-21,417.48500333716095,419.76893159636126,415.1617187597954,417.5440979003906,16067300
2024-08-22,417.7606059891525,420.1528389914807,408.1622318516386,409.0876159667969,19361900
2024-08-23,410.4954277824997,412.73996960606866,405.6814592418378,410.3083801269531,18493800
2024-08-26,409.89487877847426,410.7907306533513,404.94310328054127,407.0596618652344,13152800
2024-08-27,406.43949576869113,407.9161688910183,403.8700989564779,407.4042663574219,13492900
2024-08-28,408.42810007077503,408.54622911327857,400.975815861933,404.21466064453125,14882700
2024-08-29,408.4871383812944,415.48655408743093,404.2146347079457,406.6954345703125,17045200
2024-08-30,409.1368642535232,410.99745657650817,405.7208262421071,410.6529235839844,24308300
2024-09-03,411.41094371784055,413.3503087826454,400.7001374742272,403.0726623535156,20313600
2024-09-04,399.59758459335677,404.8446830658677,398.0815251485243,402.54107666015625,15135800
2024-09-05,401.28095677141835,406.67574622741506,399.8141378862011,402.03900146484375,14195500
2024-09-06,402.6985610672717,404.26383081056673,394.5670056307313,395.4530334472656,19609500
2024-09-09,400.90684301767806,402.294919165343,395.8960031892495,399.4104919433594,15295100
2024-09-10,401.8519446669211,409.8554868302287,401.3597203496137,407.7586364746094,19594300
2024-09-11,409.03840014283475,417.3963592828998,403.21045111442425,416.4611511230469,19266900
2024-09-12,416.7270008247058,420.7238603737511,413.22236565404535,420.359619140625,17395700
2024-09-13,419.20778281644255,425.11447510259467,418.84354159900835,423.8937683105469,15874600
2024-09-16,423.9035976857479,426.7880250402565,421.5606050753592,424.632080078125,13834700
2024-09-17,433.3838592052121,434.9786612819886,425.54762597309116,428.3828430175781,18874200
2024-09-18,428.235163297131,429.249144206207,423.7165475930165,424.1103210449219,18898000
2024-09-19,434.36830593406904,434.63409626466625,430.1056262859268,431.8677978515625,21706600
2024-09-20,430.4206328981448,432.409208323067,427.4672869965637,428.5009460449219,55167100
2024-09-23,427.52641684805,429.6725079875257,423.6969266994437,426.7684020996094,15128900
2024-09-24,426.26624401276456,426.6108070315339,419.4735546779715,422.4958190917969,17015800
2024-09-25,423.14556440453987,426.384408985251,421.9051794925785,425.3901062011719,13396400
2024-09-26,428.32378449228514,428.5305103087993,422.45647860828996,424.6025695800781,14492000
2024-09-27,424.80927883764434,425.1341637224931,420.8222737453315,421.36370849609375,14896100
2024-09-30,421.5507213885959,423.72637439868134,418.7548910042777,423.60821533203125,16807300
2024-10-01,421.78703621784,421.81656847562806,412.2969368087723,414.147705078125,19092900
2024-10-02,416.00832438993655,416.24461251055664,410.22961524498584,410.6430969238281,16582300
2024-10-03,411.1353318978847,413.0254566537122,407.84727671300476,410.0622863769531,13686400
2024-10-04,411.7357512697302,413.222278191572,408.51661533193175,409.58966064453125,19169700
2024-10-07,409.5306419831522,410.6233655735784,402.6395013728588,403.1711120605469,20919800
2024-10-08,404.5099645290717,409.19594995144206,401.82243880752753,408.2607116699219,19229300
2024-10-09,409.3928021729279,413.84252930935924,407.8570646785986,410.9679260253906,14974300
2024-10-10,408.77263914925425,410.859665558973,406.7249690560659,409.3731384277344,13848400
2024-10-11,409.6684790592566,410.6430736171545,406.8234080163179,409.8456726074219,14144900
2024-10-14,411.27310627026066,417.4456186019399,411.02699410502277,412.621826171875,16653100
2024-10-15,415.61453317923247,415.9098858066577,408.80216519233556,412.22802734375,18900200
2024-10-16,408.71356498849764,409.8850312589263,404.09649835161355,409.6487731933594,15508900
2024-10-17,415.7917465890575,415.9295838303706,409.127039576057,410.2394714355469,14820000
2024-10-18,410.65297755440105,413.12392355721715,409.78665782313783,411.6571044921875,17145300
2024-10-21,409.6487883889798,412.44461909285747,407.31564977599334,412.2674255371094,14206100
2024-10-22,411.9819473916582,423.88392916296095,411.53896348036403,420.8616943359375,25482200
2024-10-23,424.1595460644349,424.37612597688815,415.95910173602493,417.9969177246094,19654400
2024-10-24,418.7155536346828,419.35546932603506,415.83112614516494,418.1249084472656,13581600
2024-10-25,420.1233007480341,425.79370434385993,419.9362531076575,421.4916687011719,16899100
2024-10-28,424.9471252042487,425.2227696357769,419.670464602579,419.9559631347656,14882400
2024-10-29,421.34405104712135,426.4336641349943,419.1782518516455,425.2326354980469,17644100
2024-10-30,430.6372355196224,431.68074872313076,425.3802831426112,425.8035888671875,29749100
2024-10-31,408.9006558575702,409.68823295555137,399.98155176852,400.0307922363281,53971000
2024-11-01,402.6493843637014,409.0384470027673,401.162857168779,403.98822021484375,24230400
2024-11-04,403.4270065821216,404.0373899234799,399.2628084141344,402.10784912109375,19672300
2024-11-05,402.0192756499378,408.4477238969609,401.7337771398714,405.06121826171875,17626000
2024-11-06,406.0063586804049,413.91148078515863,404.13588205792996,413.6456604003906,26681800
2024-11-07,414.72850912180576,420.21189508853655,413.3502870767265,418.81396484375,19901800
2024-11-08,418.70569909892066,419.8673412736044,415.22074253188157,415.96893310546875,16891400
2024-11-11,415.94927334689254,418.20366938728347,409.5306783384117,411.5094299316406,24503300
2024-11-12,411.7456911405818,417.8394313280264,410.7120319666306,416.45135498046875,19401200
2024-11-13,415.0829808583345,422.6533640239858,411.7062988498683,418.5876159667969,21502200
2024-11-14,418.390720208814,421.51143597611144,413.4684764416515,420.2513427734375,30246900
2024-11-15,413.2912534776132,416.2248913266483,407.2073678244848,408.54620361328125,28247600
2024-11-18,408.41819885611204,411.89330132284374,405.69128696291637,409.29437255859375,24727000
2024-11-19,406.68566410441474,411.4405690388649,405.1499262486036,411.29290771484375,18133500
2024-11-20,410.38713903081657,410.8006207181085,404.19494808048387,409.0285949707031,19191700
2024-11-21,413.80284233986384,414.0790385036892,404.71793020151534,407.26287841796875,20780200
2024-11-22,405.7832472742104,411.73135363774225,405.4774597411712,411.3367919921875,24814600
2024-11-25,412.69804256956826,415.36135617252853,409.2159842267064,413.10247802734375,27691100
2024-11-26,413.891635863064,423.21330950979313,413.161695275106,422.17755126953125,23458900
2024-11-27,419.33665679394954,421.42789081016514,416.28862504102557,417.2454528808594,18332400
2024-11-29,414.384847961252,419.10980447039015,412.1259395107062,417.7090759277344,16271900
2024-12-02,415.84477479075025,427.11953971126485,415.58829615007085,425.1269836425781,20207200
2024-12-03,424.00241788094525,426.5967051479557,421.93093157664276,425.3439636230469,18302000
2024-12-04,427.1491277367897,433.69896602336337,426.7545660563865,431.4795227050781,26009400
2024-12-05,431.9726738856543,438.62112911545074,430.24644042721326,436.60882568359375,21697800
2024-12-06,436.29321828806303,440.04162946603964,435.7704172944161,437.5459899902344,18821000
2024-12-09,436.5891099408423,442.2412722506749,434.5176237615362,439.962646484375,19144400
2024-12-10,438.3548667232301,443.5138201555157,435.60274857576576,437.3092346191406,18469500
2024-12-11,438.01948123467236,444.23394093068583,438.01948123467236,442.89239501953125,19200200
2024-12-12,443.0106891858234,449.96496224230685,443.0106891858234,443.45458984375,20834800
2024-12-13,442.34980235220513,445.2991859531554,439.5286279530639,441.1956787109375,20177800
2024-12-16,441.1956629672055,446.0389843929351,439.2326985780913,445.4570007324219,23598800
2024-12-17,444.8849272856994,449.1068002031095,443.4644812477741,448.2880554199219,22733500
2024-12-18,445.19070178831043,446.50262602359174,431.08488976149135,431.44989013671875,24444500
2024-12-19,435.6224481744677,437.1612597390131,430.39443838506674,431.09478759765625,22963700
2024-12-20,427.22800034083093,437.7136411325363,422.80886164173944,430.6706237792969,64263700
2024-12-23,430.80871372187636,431.70635881030796,426.9518110200716,429.3389587402344,19152500
2024-12-24,428.7470606574343,433.629847299066,428.29331629516184,433.3634948730469,7164500
2024-12-26,433.1169536147247,434.9517090842379,430.70024449975995,432.1601257324219,8194200
2024-12-27,428.69777768381334,429.30935275325726,420.5598195240772,424.68304443359375,18117700
2024-12-30,420.2737923808389,421.7435474622816,416.17028459927946,419.06048583984375,13158700
2024-12-31,420.3131993235258,420.93464819489714,414.9470768224156,415.7756652832031,13246500
2025-01-02,419.7509810335182,420.2836558558519,409.21603069875914,412.8953552246094,16896500
2025-01-03,415.36136467137544,418.2713132207811,413.8423008464514,417.6005554199219,16662900
2025-01-06,422.1874466156374,428.42162361284306,419.7016808979234,422.03948974609375,20573600
2025-01-07,423.1738138555601,424.80139942668757,415.0851648128758,416.63385009765625,18139100
2025-01-08,417.70906128958796,421.171402275518,415.81515330470927,418.79412841796875,15054600
2025-01-10,418.8631994200863,418.9420997125399,409.383695034764,413.2603454589844,20201100
2025-01-13,409.6007318390263,412.81646832203865,406.69081302742603,411.5242614746094,17604800
2025-01-14,412.1358238822972,414.03960580749714,405.1421150215387,410.02490234375,16935900
2025-01-15,413.43790279096226,422.3353935398116,412.5895665870108,420.5203857421875,19637800
2025-01-16,422.87794590094956,423.6571954367501,418.62648132777844,418.8138732910156,15300000
2025-01-17,428.1947089431654,428.57942688248704,422.3551241092644,423.20343017578125,26197500
2025-01-21,424.3575582513444,425.0480336398343,419.82002384260585,422.6806335449219,26085700
2025-01-22,431.61761238386987,441.1957350447454,430.0788007344463,440.1402893066406,27803800
2025-01-23,435.9972543675129,440.6827452232724,435.50404480374874,440.6432800292969,18389300
2025-01-24,439.11439458237174,440.5841496239721,435.40544858930485,438.0293273925781,15549500
2025-01-27,418.2516444520013,429.2896784954125,417.74856099112463,428.6583557128906,35647800
2025-01-28,428.69779052094407,442.29064589853647,425.52151949148305,441.1266784667969,23491700
2025-01-29,440.6235877197962,440.81100977301065,434.41900262341227,436.3227844238281,23581400
2025-01-30,413.0827588425547,417.1172097708342,407.54896156269734,409.3540954589844,54586300
2025-01-31,413.2899333042713,414.976701732093,409.27519987674,409.42315673828125,34161900
2025-02-03,406.01011324135266,409.76836765650177,403.1100386386691,405.33935546875,25679100
2025-02-04,407.085314667825,408.2986210393196,404.1753661823544,406.7696533203125,20532100
2025-02-05,406.74994863541014,408.20982973334895,404.82641922275565,407.67718505859375,16316700
2025-02-06,408.3775613386283,412.5205341470821,408.3775613386283,410.1728515625,16309800
2025-02-07,410.82388435232116,412.96439718513943,402.5576865372201,404.1852722167969,22886800
2025-02-10,408.0914896331453,409.81772327895646,405.3394016663598,406.6217346191406,20817900
2025-02-11,404.0768132724711,406.8880841725034,403.74140422239867,405.85235595703125,18140600
2025-02-12,401.67976029438313,405.17169274595005,398.8783333348811,403.48492431640625,19121700
2025-02-13,401.472636502677,405.4183135199023,400.84131373042015,404.9645690917969,23891700
2025-02-14,402.25188608897315,403.3566707547541,400.3678218416371,402.8831787109375,22758500
2025-02-18,402.4590098668831,405.0237056562673,400.9793811541372,404.0767517089844,21423100
2025-02-19,402.34067225656025,409.8473079963777,402.11378500109834,409.1370849609375,24114200
2025-02-20,410.47144681938056,414.4447923675228,407.75335474991726,411.30169677734375,23508700
2025-02-21,412.4976421272199,413.1993956224997,403.15730762956775,403.47357177734375,27524800
2025-02-24,403.7700887978409,404.62009578289485,394.6867174896375,399.3124084472656,26443700
2025-02-25,396.44608593506547,397.25657880262406,392.09714469383994,393.283203125,29387400
2025-02-26,393.3919661639477,398.91710270889797,389.6755831630129,395.0920104980469,19619000
2025-02-27,396.61407498406965,401.0322110218146,387.61968592381214,387.9754943847656,21127400
2025-02-28,388.1040123360274,393.0163471729864,382.0846775634414,392.3837585449219,32845700
2025-03-03,394.1925192721913,394.1925192721913,381.67940898205217,383.98236083984375,23007700
2025-03-04,378.9514422192701,388.0249203607145,376.5792952112664,384.1009826660156,29342900
2025-03-05,384.82256283708585,397.00951722391665,384.2987135267968,396.3670349121094,23433100
2025-03-06,389.70521049036057,397.4838909032578,388.12376908504734,392.2849426269531,23304600
2025-03-07,387.76795648683793,390.2191619837315,381.0666253730808,388.7464599609375,22034100
2025-03-10,381.3631114017718,381.9166113327009,372.8431337183802,375.7490234375,32840100
2025-03-11,374.6025176419591,381.5212976511773,372.53677123025375,376.03570556640625,30380200
2025-03-12,378.5067033632867,380.75035405096787,374.55311473502826,378.8229675292969,24253600
2025-03-13,378.7141993931464,380.84914053983084,373.07046095024094,374.3751220703125,20473000
2025-03-14,375.37347920482887,385.7022417844661,375.1066228255176,384.0516052246094,19952800
2025-03-17,382.2131776873556,388.15342385678485,381.0962841175908,384.1899719238281,22474300
2025-03-18,382.57886557924786,382.87537263830677,376.67813379609476,379.0700378417969,19486900
2025-03-19,381.0567221702146,385.158563988563,379.54447585576617,383.3201599121094,19185500
2025-03-20,381.2642891356356,387.24410971121733,378.8328407062668,382.3515319824219,18470500
2025-03-21,378.77352451177876,387.194656647968,378.3583844724842,386.7202453613281,39675900
2025-03-24,390.81222312553433,390.81222312553433,385.28708673252123,388.5191345214844,21004500
2025-03-25,389.34940942223693,391.7610706609813,388.0842623065983,390.57501220703125,15775000
2025-03-26,390.4168571879551,390.72325787798576,384.0614710304359,385.4452209472656,16108400
2025-03-27,385.60336562359333,387.6888690270636,382.9050306805178,386.0481262207031,13766800
2025-03-28,383.5771084434194,384.6149434292676,372.55648752516225,374.40478515625,21632000
2025-03-31,368.2174858935481,372.694923815259,362.9789628551185,371.034423828125,35184700
2025-04-01,370.30297052308924,378.4078388750376,368.89946352111616,377.7554931640625,19689500
2025-04-02,373.584455994143,380.61194495123306,372.2501138660857,377.7060852050781,16092600
2025-04-03,370.4413221297822,373.10011248760316,365.06444000689004,368.7807922363281,30198000
2025-04-04,359.90499587925865,370.2436198076782,355.30895597122804,355.6647644042969,49209900
2025-04-07,346.808801297969,366.6953473866903,340.78946619633433,353.7077941894531,50425000
2025-04-08,363.98709615832223,369.3145404099518,346.1860561796805,350.446044921875,35868900
2025-04-09,349.43791334353114,388.66739600040677,349.00301621371585,385.95916748046875,50199700
2025-04-10,377.6269854135807,379.44563241847453,363.5324334212975,376.92523193359375,38024400
2025-04-11,376.22346214057205,385.52425170247653,374.49376732812806,383.9428405761719,23839200
2025-04-14,388.6575040815548,390.0709046779098,379.75203666792555,383.3102722167969,19251200
2025-04-15,384.0021985236263,387.3429858222691,379.70266475267175,381.25445556640625,17199900
2025-04-16,376.25315416820064,377.18221973337427,363.730149078798,367.2982482910156,21967800
2025-04-17,369.41339637295704,369.9767899290697,362.6330071079686,363.5126647949219,21120200
2025-04-21,358.6102367890087,360.25097956592975,351.54320368031085,354.9531555175781,20807300
2025-04-22,359.1637239988867,363.5027713530303,355.6845470865514,362.5638122558594,19485000
2025-04-23,371.6965961898571,375.9763723537339,368.69186067990836,370.0459899902344,20545500
2025-04-24,371.34077108557176,383.9428330432701,370.8366789549492,382.80615234375,22232300
2025-04-25,382.5097039822226,387.6098369882708,380.13755681192964,387.3034362792969,18973200
2025-04-28,387.41210451108003,388.18305301396595,382.1538550582223,386.62139892578125,16579400
2025-04-29,386.75978890275064,390.5157161336794,385.8504804253008,389.468017578125,14974000
2025-04-30,385.7713871677669,392.0576085897077,379.97939447353656,390.6738586425781,36461100
2025-05-01,426.1078192756201,431.91959850384194,419.96988230696996,420.4640808105469,58938100
2025-05-02,426.7305579775838,434.3412277785372,425.0008630376841,430.2294921875,30757400
2025-05-05,427.8474632490504,434.40054108405303,427.09627177369964,431.10919189453125,20136100
2025-05-06,427.18524232094876,432.65107712392626,426.1671945058241,428.2823486328125,15104200
2025-05-07,428.80620435216304,433.0365428333408,426.1078693467033,428.3218994140625,23295300
2025-05-08,432.84876270467214,438.52218293606853,430.6051120016966,433.08599853515625,23491300
2025-05-09,434.8946575632612,435.62606165321273,430.82246695950766,433.639404296875,15324200
2025-05-12,440.7657862582039,444.15598092637396,434.6772567640601,444.0472717285156,22821900
2025-05-13,442.5844751269483,445.4409573721911,440.19254074927665,443.9287109375,23618800
2025-05-14,442.940306646518,448.6334536340928,442.940306646518,447.6846008300781,19902800
2025-05-15,446.3576953837484,451.7246558325709,446.0210270484144,448.6946105957031,21992300
2025-05-16,447.6251846388841,449.9125712368337,444.33770477780746,449.8234558105469,23849800
2025-05-19,446.46663650360125,455.0913715701619,446.3874026485213,454.37841796875,21336500
2025-05-20,451.13050930908776,453.8535912700005,449.87295142774695,453.6852722167969,15441800
2025-05-21,450.12049890400635,453.29906971148773,447.3875051898017,448.14007568359375,19216900
2025-05-22,450.49682997275477,455.7449399531106,449.45708954496587,450.4076843261719,18025600
2025-05-23,445.5754743252827,449.2491512931012,444.51594054738166,445.77349853515625,16883500
2025-05-27,452.0117902439012,456.4380371890779,451.6552983634028,456.1805725097656,20974300
2025-05-28,456.7054113344306,457.9926743719098,452.45739496057166,452.8831787109375,17086300
2025-05-29,457.0321797296883,457.2005290082406,450.8532686393741,454.1902770996094,13974800
2025-05-30,455.22010105843367,457.16090743162863,451.081023612945,455.85382080078125,34770500
2025-06-02,452.6653804963421,457.5867035205711,452.41782757710985,457.4480895996094,16626500
2025-06-03,456.9529759669727,459.5968543955761,456.3489311405408,458.43829345703125,15743800
2025-06-04,459.4582001214203,461.1316602074749,458.48778183720145,459.3294677734375,14162700
2025-06-05,460.408765640122,465.0528603462912,459.48787612751937,463.1021423339844,20131700
2025-06-06,465.4885564998141,468.70674412433226,464.1913817517478,465.7757263183594,15285600
2025-06-09,465.10242514198006,468.7958952647425,464.0329796350046,468.12255859375,16469900
2025-06-10,466.57783210788693,468.172058367284,462.38922592870773,466.31048583984375,15375900
2025-06-11,465.41924870930376,470.81591405576256,465.0627870357861,467.9938049316406,16399200
2025-06-12,470.37032681118086,475.7174938929388,468.88500933710617,474.1826477050781,18950600
2025-06-13,471.74673205457395,474.48960742449077,468.13246560456287,470.3109130859375,16814500
2025-06-16,470.5584575569121,475.98482813726486,470.3505215770748,474.45001220703125,15626100
2025-06-17,470.7466055851971,474.0539088222925,469.4395189734987,473.36077880859375,15414100
2025-06-18,473.3211811212961,476.291816149254,469.8158233270243,475.53924560546875,17526500
2025-06-20,477.5097592999014,478.7277002496467,472.2022093150259,472.7270202636719,37576200
2025-06-23,473.52910172023695,482.97572926336846,467.8849134818946,481.24285888671875,24864000
2025-06-24,484.16397269221426,487.0355802812341,482.03499358247046,485.3125915527344,22305600
2025-06-25,487.223778215148,489.71910084538035,484.5997232276066,487.4515075683594,17495100
2025-06-26,488.15453290095326,493.1650012559548,487.9861836300842,492.5807800292969,21578900
2025-06-27,492.6797975508017,494.4126679494895,488.2040517426954,491.0855712890625,34539200
2025-06-30,492.17482524139086,495.85841392483957,490.4815414994746,492.54119873046875,28369000
2025-07-01,491.61036068604886,493.1748817381986,486.1741086010328,487.2336120605469,19945400
2025-07-02,485.1937811955959,488.66943364597034,483.9164299655294,486.28302001953125,16319600
2025-07-03,488.9764203666982,495.2345653483035,488.6100468852986,493.9571838378906,13984800
2025-07-07,492.51147619590915,493.86806132382594,490.38252718836065,492.84814453125,13981600
2025-07-08,492.37280697303856,493.3234318678901,489.2734398258723,491.7588806152344,11846600
2025-07-09,495.40288075164045,501.8194631786975,494.8483646402868,498.58148193359375,18659500
2025-07-10,498.12592881176073,499.50233742843255,492.877819466512,496.5713195800781,16492100
2025-07-11,493.5907782355643,500.0865639242522,492.9273231662245,498.393310546875,16459500
2025-07-14,496.6109349689791,499.0369655948213,496.1257409313552,498.09625244140625,12058800
2025-07-15,498.09622485625505,503.3245408608939,497.8684955298327,500.86883544921875,14927200
2025-07-16,500.2351113436526,501.7600457375481,496.9773367906475,500.6708068847656,15154400
2025-07-17,500.730191050298,508.3449206172861,500.67078077223215,506.6912841796875,17503100
2025-07-18,509.4440643876484,509.6025320949179,502.4630844244223,505.05743408203125,21209700
2025-07-21,501.7501069031347,507.0774803175347,500.60145783110823,505.06732177734375,14066800
2025-07-22,505.9684679829346,506.1962275502158,500.3242492675781,500.3242492675781,13868600
2025-07-23,501.78972599996087,501.8293429250601,495.79895793496456,500.9183349609375,16396600
2025-07-24,503.7899408054956,508.6419715627398,502.33432855643633,505.8793029785156,16107000
2025-07-25,507.4537274302719,513.2167663968169,505.3643953860848,508.681640625,19125700
2025-07-28,509.0480107678364,509.9589885432546,505.12675096242896,507.48345947265625,14308000
2025-07-29,510.48381297361453,512.5533213636355,506.55264151082275,507.5527648925781,16469200
2025-07-30,510.12728763864055,510.8996816885534,504.4533945708925,508.2161865234375,26380400
2025-07-31,549.7951084550788,550.0129864113624,526.6935178159886,528.27783203125,51617300
2025-08-01,529.7632164041114,530.5553736121248,515.7616096000787,518.9797973632812,28977600
2025-08-04,523.0991779644736,532.9814718412621,522.960533815094,530.3970336914062,25349000
2025-08-05,531.9219176627233,532.0407382325785,522.0792108748774,522.584228515625,19171600
2025-08-06,525.70337986457,526.4955370830186,518.9006307843745,519.8016967773438,21355700
2025-08-07,521.6435053063135,522.9209170643583,512.4840471895837,515.7418823242188,16079100
2025-08-08,517.4845698020915,519.524403327164,514.3257923084495,516.9300537109375,15531000
2025-08-11,517.1875615378566,522.4258201385037,514.6327984158801,516.6627807617188,20194400
2025-08-12,518.6233183732385,525.7825288027884,517.5836082950698,524.0595703125,18667000
2025-08-13,526.901545781552,527.4857972911225,514.2862580919234,515.4844360351562,19619200
2025-08-14,517.445017549053,520.8018496782777,515.0487221853349,517.3657836914062,20269100
2025-08-15,517.6529556536844,520.9503168823401,513.9990723038397,515.078369140625,25213300
2025-08-18,516.4844919382945,517.7024328589179,508.9885829187347,512.0383911132812,23760600
2025-08-19,509.9589996924715,510.11740696385556,503.5721224631474,504.7801818847656,21481000
2025-08-20,504.87920872605446,505.9981527246316,499.5023667236012,500.76983642578125,27723000
2025-08-21,499.57962247206007,503.48747238505433,498.6175369804135,500.1251220703125,18443300
2025-08-22,500.13506667774504,506.5621975190336,498.3100856343386,503.09075927734375,24324200
2025-08-25,502.4956437530773,504.04291093011733,500.00611695670057,500.1449890136719,21638600
2025-08-26,500.24412923099453,500.8590951140394,494.44189267773186,497.9430847167969,30835700
2025-08-27,497.9034268047853,503.1502662118434,495.8205578102606,502.604736328125,17277900
2025-08-28,502.95187030654046,506.91922816363694,501.3748491905692,505.4810791015625,18015600
2025-08-29,504.5090702372647,505.44140176386463,500.3730863144936,502.5551452636719,20961600
2025-09-02,496.38587753866574,501.87074834041937,492.75574161607386,500.9979248046875,18128000
2025-09-03,499.6787766683557,503.6461342434815,498.22077154875547,501.2260437011719,16345100
2025-09-04,500.1846427841772,504.00323087503085,499.0440334241921,503.82470703125,15509500
2025-09-05,504.9157294675595,507.79205789513924,488.35199810583333,490.9605407714844,31994800
2025-09-08,494.0451682561979,497.10997900607424,490.99031585598385,494.13446044921875,16771000
2025-09-09,497.33805669614713,498.15137232357364,493.63851485593227,494.34271240234375,14410500
2025-09-10,498.8754294126598,499.1233892811019,492.66650462093776,496.2867126464844,21611800
2025-09-11,498.15138006137016,499.0638857033828,493.8170463660224,496.9215087890625,18881600
2025-09-12,502.5154742767582,508.367321245748,499.73833579713096,505.73895263671875,23624900
2025-09-15,504.63802593930427,511.2634762434591,502.86262476523797,511.1543884277344,17143800
2025-09-16,512.6619733694059,513.0090929577493,504.449544036503,504.8859558105469,19711900
2025-09-17,506.4530809454648,507.11762672901375,501.8013512662406,505.85797119140625,15816600
2025-09-18,507.31595138937655,508.883074673213,503.5172196080818,504.30078125,18913700
2025-09-19,506.39357782967863,515.0622454615835,506.1456179521661,513.7034301757812,52474100
2025-09-22,511.3825425873763,513.5149611406991,508.35738375283694,510.2518310546875,20009300
2025-09-23,509.60711582016205,510.3907077578639,503.17008724169204,505.0744323730469,19799600
2025-09-24,506.215041937542,508.29788064425674,502.7832857896144,505.9869079589844,13533700
2025-09-25,504.15198973027213,505.84805701475193,500.9186136455738,502.8923645019531,15786500
2025-09-26,505.8976246789574,509.74596656687834,502.4856945681329,507.28619384765625,16213100
2025-09-29,507.325895548039,512.6322125671903,504.72728094557834,510.40057373046875,17617800
2025-09-30,509.05168089535164,513.9315141469417,505.5009089039439,513.7232666015625,19728200
2025-10-01,510.5989067561486,516.2623314762835,507.51430077675985,515.4688720703125,22632300
2025-10-02,513.4158303625842,517.343476169315,506.5126054199375,511.53131103515625,21222900
2025-10-03,512.8801529316524,516.2425031799986,510.7973143114264,513.1281127929688,15112300
2025-10-06,514.377848960065,526.6965386672223,513.9712214168786,524.256591796875,21388600
2025-10-07,523.9788663400786,525.4765536672338,517.1847899970462,519.7040405273438,14615200
2025-10-08,519.0098207695767,522.6498549115006,518.8213688365025,520.5669555664062,13363400
2025-10-09,518.07745494396,520.0512058016051,513.1777655449532,518.136962890625,18343600
2025-10-10,515.3994727403434,519.3073226434543,505.47115003636685,506.790283203125,24133800
2025-10-13,512.1958293204747,512.1958293204747,507.50444767633473,509.8551025390625,14284200
2025-10-14,506.06622732552523,511.07503445038043,501.87073577210117,509.37896728515625,14684300
2025-10-15,510.7577169104775,512.9694997370561,505.8381709448021,509.24017333984375,14694700
2025-10-16,508.3970827878481,512.6321960787722,503.9833851231019,507.4349670410156,15559600
2025-10-17,504.8859867353243,511.2734052578957,503.1700935064365,509.3889465332031,19867800
2025-10-20,510.41055088987974,514.4672014016805,509.24018745186737,512.57275390625,14665600
2025-10-21,513.2769402267872,514.4572316509175,508.8533142722573,513.4356079101562,15586200
2025-10-22,516.8971212574951,520.9437823737373,513.4851913413816,516.2920532226562,18962700
2025-10-23,518.1964698863214,519.6743010066873,514.3778516149157,516.3119506835938,14023500
2025-10-24,518.5237814648117,521.0628883153897,516.4607987679614,519.3370971679688,15532400
2025-10-27,527.4404441110845,530.2175826339089,524.6930292943027,527.1825561523438,18734700
2025-10-28,545.5116410650497,549.2012543795508,536.356983260493,537.6463623046875,29986700
2025-10-29,540.4929653309738,541.8121286840217,532.3499420595073,537.130615234375,36023000
2025-10-30,526.1509968235328,530.6043464776645,517.8592331602406,521.4695434570312,41023100
2025-10-31,524.5640198650095,525.0004316167937,510.896444053691,513.5843505859375,34006400
2025-11-03,515.5680119038287,520.676008789008,510.3906395365282,512.8107299804688,22374700
2025-11-04,507.5837474278435,511.34279700787874,503.6957236126803,510.1327819824219,20958700
2025-11-05,509.1112106662694,510.6287541811956,502.4460479183387,503.0213317871094,23024300
2025-11-06,501.53353925537283,501.5732213085109,491.7639146320967,493.04339599609375,27406500
2025-11-07,492.89463000746537,495.30479262227396,489.2248119110569,492.76568603515625,24019800
2025-11-10,495.9594336108676,502.7138582055711,494.729532044403,501.87078857421875,26101500
2025-11-11,500.68055811559174,505.4414057875519,498.2505695472254,504.5289001464844,17980000
2025-11-12,505.20330782589343,507.4944847122113,495.04688194383186,506.96881103515625,26574900
2025-11-13,506.1455939798088,509.3095642884979,497.1992129195551,499.1828918457031,25273100
2025-11-14,494.1641988801248,507.4250879884235,493.38063720960855,506.01666259765625,28505700
2025-11-17,504.300789978241,507.94082387806293,500.7896697837805,503.3486022949219,19092800
2025-11-18,491.3275301094218,498.87544447228873,482.8076324047851,489.76043701171875,33815100
2025-11-19,486.1005596390223,491.14901921379453,478.88986688506054,483.1448669433594,23245300
2025-11-20,489.6038857855625,490.4584800066478,472.50238827815747,475.4139099121094,26802500
2025-11-21,475.4834301610789,475.9007957312625,465.3179114267742,469.1436462402344,31769200
2025-11-24,472.005536687022,473.89355276873187,465.06952862032074,471.0118408203125,34421000
2025-11-25,471.08136597664605,476.12932719889915,461.9592459889855,473.9829406738281,28019800
2025-11-26,483.24419169180504,485.2315832491155,478.16642081896737,482.4393005371094,25709100
2025-11-28,484.5260924315005,489.5243812398697,483.5820692635899,488.9082946777344,14386700
2025-12-01,485.3607732415945,486.7718042788117,481.59465771305275,483.6714782714844,23964000
2025-12-02,483.6516286444489,490.38888506208144,483.2541563831954,486.91094970703125,19562700
2025-12-03,473.3171775583083,481.18723109312356,472.2042431453193,474.7182922363281,34615100
2025-12-04,476.7355071807625,478.2856702042714,473.4861025034468,477.8086853027344,22318200
2025-12-05,479.4780948278929,480.35255199911325,475.86105782216015,480.11407470703125,22608700
2025-12-08,481.8331998835391,489.1964595164875,481.32640529111774,487.9245300292969,21965900
2025-12-09,486.016607703579,489.01755801519323,485.42038417588924,488.9181823730469,14696100
2025-12-10,480.97857754952304,481.19719183884354,472.084987996716,475.5430603027344,35756200
2025-12-11,473.6252433732215,482.96597801292137,472.86007818396723,480.422119140625,24669200
2025-12-12,476.79512068758515,479.40854546431024,473.3370484252935,475.51324462890625,21248100
2025-12-15,477.0733729131614,477.6894594742654,469.5411415575728,471.82666015625,23727700
2025-12-16,468.9350114671635,474.87732355778707,467.911505956298,473.38677978515625,20705600
2025-12-17,473.903466892556,476.9739832708393,472.0055042784347,473.1184387207031,24527200
2025-12-18,475.17538699144035,486.5134594689822,474.8772903878124,480.92889404296875,28573500
2025-12-19,484.2875529363844,484.77448448182145,479.4482594182398,482.8566589355469,70836100
2025-12-22,483.0554234208069,485.64898536737695,479.6470539215635,481.8630065917969,16963000
2025-12-23,481.9226163967179,484.7546252629152,481.6841087754749,483.78082275390625,14683600
2025-12-24,482.61817584356095,486.0762481946253,481.77352833631136,484.94342041015625,5855900
2025-12-26,483.64171061957336,485.04282544173617,482.8964387136479,484.6354064941406,8842200
2025-12-29,481.80333660098637,485.27135560420123,481.1276307272214,484.02923583984375,10893400
2025-12-30,482.8666136001516,486.5929730105466,482.43933166580535,484.4068603515625,13944500
2025-12-31,484.7645645601486,485.06269150087525,480.25317705215497,480.5711669921875,15601600
2026-01-02,481.3363251826272,481.6046121327098,467.1960229709088,469.95849609375,25571600
2026-01-05,471.071443053882,473.0687813775576,466.5401924921144,469.86907958984375,25250300
2026-01-06,470.8130789419108,475.7219388392127,466.7886229022075,475.493408203125,23037700
2026-01-07,476.73551614076564,486.6128550141313,474.936929133209,480.422119140625,25564200
2026-01-08,478.20615894860083,479.61722033317443,472.8600706717694,475.09588623046875,18162600
2026-01-09,471.0714211959582,476.7951186190047,469.2231615927928,476.2585144042969,18491000
2026-01-12,473.6649886945649,477.95773148860775,472.68120923483104,474.1717529296875,23519900
2026-01-13,471.68751939768345,472.7805908527595,463.01257439213845,467.70281982421875,28545800
2026-01-14,463.51936213123724,465.24841354789686,454.2879494306214,456.4840087890625,28184300
2026-01-15,461.1941211270383,461.3233064418312,453.02593988397814,453.7811584472656,23225800
2026-01-16,454.94376661538865,460.2699922453042,453.6023014516422,456.9609680175781,34246700
2026-01-20,448.37541805572727,453.92022725149957,446.44764578645413,451.65460205078125,26130000
2026-01-21,449.74670883889326,449.8361378186282,435.9144504613163,441.3102111816406,37980500
2026-01-22,444.79810039972057,449.9851935867555,441.89652570286836,448.2959289550781,25349400
2026-01-23,449.02131930234236,468.1301005814363,447.6897705604439,463.0125732421875,38000200
2026-01-26,462.376577380716,471.26022001105116,459.0874468004336,467.31524658203125,29291200
2026-01-27,470.7137518035326,479.8259260665289,470.17714753577707,477.55035400390625,29213900
2026-01-28,480.1637149068934,480.69037244143027,474.9865685400099,478.59368896484375,36875400
2026-01-29,437.2162272399066,439.7104135269112,418.36581575660404,430.76715087890625,128855300
2026-01-30,436.4013853645445,436.8286672682951,423.7615739365565,427.5773620605469,58566800
2026-02-02,427.5277051213245,428.0245530606437,419.58808475506504,420.7010192871094,42219900
2026-02-03,419.34957819955315,419.3893041977899,405.9843574339844,408.6176452636719,61424100
2026-02-04,408.4089957411405,417.15350712085007,406.6600813351222,411.5788879394531,45012400
2026-02-05,404.87141244319446,405.72597626088844,389.84673704915224,391.188232421875,66289200
2026-02-06,396.6535630940219,399.25704122003975,390.4429643868461,398.61114501953125,53515300
2026-02-09,402.297746078297,412.2744602868579,398.34282592261525,410.9925842285156,45480500
2026-02-10,416.97464756162884,421.0090502850332,410.0982892644293,410.6646728515625,44857900
2026-02-11,413.5562839573264,413.83451755028244,398.4819366306212,401.82073974609375,42491000
2026-02-12,402.4467839094351,403.6392309547976,395.5008602319473,399.30670166015625,40802400
2026-02-13,401.90028127287496,402.98340606348665,395.54060384789733,398.7900085449219,34091600
2026-02-17,396.7032617740463,397.9950542597942,392.04282577248057,394.3581237792969,32078800
2026-02-18,395.6201070500213,400.02217209191446,393.8215201082963,397.0808410644531,23223400
2026-02-19,399.07278661262325,402.7976819572589,395.0690225854118,396.8517761230469,28234000
2026-02-20,394.51123443489973,398.5050592846536,393.56508699389525,395.6267395019531,34015200
2026-02-23,393.4057107487328,393.7642431363039,381.55374731391754,382.918212890625,43238300
2026-02-24,382.58959213032324,387.7884945775691,380.16937672197673,387.4299621582031,33884700
2026-02-25,388.95376053046306,399.84960746436826,388.5852587696308,398.9831237792969,43625500
2026-02-26,403.0765245044552,405.8453028142193,397.1306190557743,400.0986022949219,34405900
2026-02-27,389.30236795593413,395.2183958601928,388.30640407164015,391.15484619140625,51367200
2026-03-02,391.2743390590049,399.57073485574693,389.0533591512552,396.9413757324219,35474900
2026-03-03,391.5532542396072,405.05852201627056,391.0851500003899,402.2996826171875,38199200
2026-03-04,399.6504140582061,409.3710312257941,398.69429724653685,403.5645751953125,35808000
2026-03-05,402.78771732924594,409.9486695143622,402.7677785996419,409.0224304199219,39001300
2026-03-06,407.54843921074234,411.38287590243635,406.8612216895844,407.30938720703125,31123900
2026-03-09,403.2857003455267,408.55432729115563,401.8714182880504,407.757568359375,30131900
2026-03-10,408.37506928692744,408.5443965203919,401.30371964643086,404.122314453125,31706400
2026-03-11,403.9330670994013,407.35918518479474,399.96912002302975,403.245849609375,25512100
2026-03-12,402.99687655683135,404.4808530373378,400.08864860368743,400.238037109375,27263900
2026-03-13,399.3815063856616,403.16615688192843,392.65875035547907,393.9534912109375,26848000
2026-03-16,396.4633374914087,399.01300251860397,393.1965772756644,398.33575439453125,27733700
2026-03-17,398.6544268926901,402.7677623283013,396.1446090107731,397.79791259765625,26228300
2026-03-18,395.5271533612366,396.39363710184665,389.42188971563326,390.2087097167969,25908500
2026-03-19,388.52551763585893,390.90585551603124,385.4977789148814,387.4498596191406,25138800
2026-03-20,385.22889118681917,385.43803509853177,378.58579850034175,380.3287353515625,50853200
2026-03-23,382.3505545919761,385.64719283721575,380.1395134056624,381.4541931152344,29680100
2026-03-24,380.8167328036651,380.9263046350485,370.34917314154325,371.2355651855469,42733600
2026-03-25,375.39872248264555,375.5381416220395,368.13813722010167,369.5424499511719,31181200
2026-03-26,369.3233510512375,373.2076042912997,363.71606927386256,364.492919921875,36836600
2026-03-27,360.43931657918756,360.9871149414508,355.07108715320055,355.33001708984375,37883400
2026-03-30,360.4393055378546,363.8853318939423,354.8419936524484,357.51116943359375,44797000
2026-03-31,363.07862179545566,371.3949263066763,361.6046146993887,368.67596435546875,45244400
2026-04-01,371.98254731341393,372.48052926345224,366.7139201659809,367.8791809082031,29417200
2026-04-02,365.7278929006101,372.1319638369453,362.680245817395,371.9526672363281,24099100
2026-04-06,371.98252335059567,372.22157533941066,368.0086373714944,371.375,16146600
2026-04-07,368.8452727581139,370.9467724245638,365.080530373921,370.78741455078125,21443300
2026-04-08,383.426192668859,383.4461010048471,369.9109552686541,372.81915283203125,33064800
2026-04-09,370.9965632857518,371.99252721403565,365.5685477188417,371.56427001953125,30435300
2026-04-10,371.47463812837884,374.12390583360843,368.5365323725683,369.3731384277344,28111100
2026-04-13,372.10205289266787,382.98796126737693,369.5225100750242,382.8186340332031,35745800
2026-04-14,386.3543213772784,393.09698589720546,384.95994763093,391.5233459472656,37504500
2026-04-15,396.3936283702306,412.69755239260473,395.1287651714373,409.5602722167969,45063400
2026-04-16,418.16537187855886,419.12151906860663,410.4765600541581,418.56378173828125,41642400
2026-04-17,423.10539315661504,429.83808848207923,418.99205736838906,421.0835876464844,48568200
2026-04-20,419.4501847919345,421.6213787702164,414.6197538627068,416.38262939453125,27582200
2026-04-21,418.54386715015573,425.4558591722327,415.51615872358184,422.44805908203125,32048500
2026-04-22,424.4698510786937,431.9495495900464,421.9600330275293,431.1726989746094,29378200
2026-04-23,418.19526527607866,421.9500379562064,409.7494810939023,414.07196044921875,38308000
2026-04-24,415.28707116170386,423.23487407473965,414.12178001797366,422.90618896484375,27457400
2026-04-27,420.6752229306716,425.38611256831246,415.3866572294081,423.1053771972656,30867300
2026-04-28,422.8563830057505,428.1847957314844,420.197146128082,427.5174865722656,30438100
2026-04-29,422.866306449911,425.0972860808559,418.59364353468584,422.7467956542969,38288300
2026-04-30,409.15192465494977,412.74737011555624,396.4035989759817,406.1341552734375,70909400
2026-05-01,411.1338775963461,415.4264794885345,408.7834174283456,412.76727294921875,31372400
2026-05-04,409.87897009526375,419.0816663151199,409.14193618030583,411.9505615234375,28066500
2026-05-05,413.6437352165572,415.09783400354706,407.1500311208482,409.7196350097656,25700900
2026-05-06,406.3532485673598,416.73120520087787,403.4748984673602,412.2891845703125,30285900
2026-05-07,418.41437649189606,426.25263786097554,417.06984955189336,419.07171630859375,34942400
2026-05-08,415.70537649227293,416.9403619714099,412.32904436576047,413.44451904296875,33383800
2026-05-11,406.22377045102496,411.02432350049145,403.86334099070683,410.99444580078125,35657900
2026-05-12,412.8071154720842,413.8229876767416,404.9987623844293,406.1241760253906,38594200
2026-05-13,401.57265715241186,404.6700902960666,399.41140211310335,403.57452392578125,29667100
2026-05-14,402.847493220503,410.1777730080913,399.2620170659624,407.7774963378906,27077500
2026-05-15,412.5979239362014,426.4418454559798,411.2434277199191,420.2170715332031,50771200
2026-05-18,414.93848271907115,423.40417602339767,413.9325494355234,421.83056640625,32564100
2026-05-19,428.16486989475214,430.9535870211983,414.808990493047,415.7352600097656,33018700
2026-05-20,412.49835957243755,420.3963455784958,409.63991780241736,419.36053466796875,27864000
2026-05-21,423.9518891931334,425.5388979071037,414.92886694253497,418.3025207519531,31393500
2026-05-22,418.7517174636334,423.60257118762803,415.54772693408205,417.7835388183594,22390300
2026-05-26,415.6475333356961,418.9812539216563,412.24393696715845,415.248291015625,30398000
2026-05-27,410.23773822181624,415.15846763645,408.8104019854481,411.8946228027344,28901500
2026-05-28,412.2040283766931,428.68298564682067,411.89461329838434,426.18768310546875,47250500
2026-05-29,431.7372486144539,449.48383969057267,431.54760317786213,449.3940124511719,79654400
2026-06-01,463.96658383705716,465.4438139523178,457.40892124774234,459.6546936035156,53628900
2026-06-02,446.0403151791343,452.64787129328397,439.6024225764256,440.48077392578125,37036800
2026-06-03,437.62618910935214,439.56254639446627,423.45285793258154,426.53704833984375,39037000
2026-06-04,434.9911260035114,435.33048350032107,425.60879436274143,427.2456970214844,26899500
2026-06-05,427.5351398188391,428.66302140752947,413.6213308264138,415.8870849609375,34782200
2026-06-08,413.3618539280056,416.37616844333525,407.79232157753756,410.9663391113281,32086700
2026-06-09,408.26144336727174,411.20591258759293,397.7312786929967,402.6520080566406,35317300
2026-06-10,397.80110870103243,404.2789346443135,396.41373636313654,396.61334228515625,32576000
2026-06-11,394.46741202742857,396.1043451719433,383.278483574852,389.6065673828125,47224100
2026-06-12,390.6945042817559,391.003919361718,381.55171206615995,390.00579833984375,34865800
2026-06-15,396.05442037645633,400.99513175706005,392.11186050588947,399.0088806152344,32266400
2026-06-16,395.0463355104342,396.094350419825,389.9559121071713,393.0899963378906,31506800
2026-06-17,389.51671695343225,389.6364865987809,376.6110198431126,378.1980285644531,41987800
2026-06-18,377.11008548581106,380.6534028700893,372.5786075934489,378.6871032714844,59714200
2026-06-22,375.0339909424311,380.9129385065033,366.3802985575179,366.6497802734375,45171100
2026-06-23,371.6802994138851,376.51120135394876,369.9735210485466,373.23736572265625,40647600
2026-06-24,370.87185096853153,378.16811350773463,364.09460041679364,364.7733154296875,44509900
2026-06-25,362.0883479855026,363.5456265920902,348.54386902384044,352.1670227050781,66179000
2026-06-26,356.4789138154501,375.90234020580533,354.762144454129,372.2691955566406,186201600
2026-06-29,376.790685328561,379.7850483907747,359.2237492715265,367.8774719238281,51229900
2026-06-30,370.3328407149792,373.44697342275583,366.7595808670141,372.319091796875,44945700
2026-07-01,380.1144231011508,388.09939143880604,374.18561213385976,383.5579528808594,48065800
2026-07-02,383.7575696594082,391.4630649298244,382.97903650468743,389.7562561035156,42128900
2026-07-06,386.31276024010407,388.418780928489,380.5036887115837,386.0133056640625,34224500
2026-07-07,391.75251064257776,394.8267404517197,387.4905448392632,388.109375,29297500
2026-07-08,383.3084264217563,384.58602015004215,380.6134873969759,382.6197204589844,25908300
2026-07-09,373.74643420118315,383.92725049460796,372.64849496928053,383.6377868652344,31083200
2026-07-10,387.07131223677504,391.1736053926777,380.783162110783,384.37640380859375,24644600
2026-07-13,387.02143811329415,392.91034623109437,383.4281962321871,390.2553405761719,28914900
2026-07-14,382.1007052927433,387.46061042423804,377.93852713765,384.20672607421875,27863900
2026-07-15,387.07132248997675,398.2103568181361,385.6739591427675,394.8866271972656,36253700
2026-07-16,397.56157784187184,405.2271399033625,391.31333055964967,400.3463439941406,37047400
2026-07-17,394.1180409920291,397.64143734197864,388.6583483977542,393.08001708984375,33049800
2026-07-20,390.67455694621333,402.4224305318551,388.91785418191677,401.53411865234375,27915800
2026-07-21,398.0606303262699,400.7156358198418,395.57531880381754,397.00262451171875,24126600
2026-07-22,398.8291961465565,400.246541441447,386.2329133568751,389.6065673828125,28142500
2026-07-23,389.23725659651495,391.04385321150613,376.68090752842744,380.8630065917969,30351800
2026-07-24,386.32274187573427,388.29903252889795,379.9347732203772,380.9828186035156,27659400
2026-07-27,389.3470355932277,393.45931979821836,387.2609663085435,388.368896484375,27856200
2026-07-28,392.4212554523594,399.56780545733704,390.5647345556998,392.61090087890625,32367500
2026-07-29,392.6607942930367,400.4960502148319,388.00954678983055,389.8061828613281,47209000
2026-07-30,437.07720086969465,457.8281459885008,431.6274684759506,450.2524108886719,110160700
2026-07-31,449.1544591210436,465.962813447145,448.4857046349594,463.8468017578125,60846000
2026-08-03,475.2353605631651,490.7261876465455,474.10747895013026,486.73370361328125,66762100
2026-08-04,479.99640781848416,498.50158065157444,478.2696778930625,491.884033203125,50455500
2026-08-05,495.42733843271316,497.3038108374591,484.7674131728324,486.5440673828125,33388900
2026-08-06,487.6319998350186,500.61756372489685,487.60205742358346,498.9207458496094,36441500
2026-08-07,498.2719734340298,504.23075699317457,497.79289485093346,499.0505065917969,28846200
2026-08-10,502.4940586092805,512.7647021753171,501.32624359045303,505.109130859375,31206100
2026-08-11,503.3823542433026,504.38047525067043,498.61133704649393,502.86334228515625,23049800
2026-08-12,499.0505227551261,500.557695253814,490.59643643442394,491.5047302246094,29001500
2026-08-13,492.34314786956145,500.3979918654044,492.0836571155829,495.9463806152344,23039000
2026-08-14,495.42733437790497,499.07050046550256,492.991947114923,494.4691467285156,16217600
2026-08-17,489.21906226283284,491.73431632358415,477.51109147171053,479.44744873046875,29635800
2026-08-18,480.6352093836093,483.36006030134655,476.2534434403709,480.72503662109375,24087600
2026-08-19,479.16797047398614,488.3806080919379,478.4592826108848,483.3999938964844,19961900
2026-08-20,483.29998779296875,484.1600036621094,479.5,481.1499938964844,20020800
2026-08-21,479.8800048828125,486.3599853515625,478.5299987792969,483.239990234375,22510800
2026-08-24,483.2099914550781,490.6099853515625,481.8599853515625,487.30999755859375,17230800
2026-08-25,485.44000244140625,492.44000244140625,484.29998779296875,491.7099914550781,19519000
2026-08-26,487.8500061035156,497.3999938964844,487.30999755859375,496.3699951171875,20758900
2026-08-27,494.8800048828125,506.4800109863281,490.0799865722656,505.05999755859375,28649300
