Date,Open,High,Low,Close,Volume
2021-08-30,143.13080955855443,144.6875166286591,142.89589312218945,143.31964111328125,24434000
2021-08-31,143.87127806313893,143.89555316910022,143.01289216673564,143.42572021484375,22448000
2021-09-01,143.72555741436526,144.96853350536102,143.61008051608152,143.9391632080078,21936000
2021-09-02,143.9396648071746,144.2404946102544,141.9265099500036,142.02761840820312,32342000
2021-09-03,141.82290039954822,142.88794955642902,141.14886938934637,142.47610473632812,19850000
2021-09-07,142.57029576143597,143.29437443751178,142.35668998079893,143.0123748779297,20124000
2021-09-08,142.8334717334425,143.13082285164162,141.74313388446112,142.4280548095703,18344000
2021-09-09,142.57624028484273,143.04211051634226,141.9190731671668,142.2793731689453,15314000
2021-09-10,142.9449634747417,143.4465279342337,139.5010145668301,139.63780212402344,36840000
2021-09-13,140.7018527362788,141.6935625224341,140.00850740514775,141.0814971923828,22094000
2021-09-14,141.73868129488542,142.1029591253105,140.5041295860025,141.29164123535156,19674000
2021-09-15,141.51663270038054,143.18087624925593,140.10515271027106,143.16006469726562,27408000
2021-09-16,142.68527016924585,143.03170083482422,141.14988885441545,142.34776306152344,26190000
2021-09-17,141.7733797216764,142.18918733159688,139.23538335972722,139.56248474121094,53384000
2021-09-20,136.9471499261735,137.77828102826925,135.1238250653687,137.500244140625,46518000
2021-09-21,138.5212142285647,138.78092005656075,137.0626508817225,137.81101989746094,25332000
2021-09-22,138.07959309982573,139.64867199458607,137.33370475291073,139.05047607421875,25056000
2021-09-23,139.74833097489636,140.45109904539308,139.16748291766282,139.97482299804688,20952000
2021-09-24,139.30324860172112,141.07950537458137,139.00836284376217,140.9650115966797,22984000
2021-09-27,139.56692635866548,140.69096191409616,138.83640458295432,139.8320770263672,21882000
2021-09-28,137.4363214393238,137.87393879510293,134.17028392552325,134.6361541748047,45772000
2021-09-29,135.7760328990303,135.94553512593572,132.68842135183831,133.17262268066406,30848000
2021-09-30,133.08143210735338,134.35116361737062,132.3821276786133,132.50106811523438,37996000
2021-10-01,133.26579353336834,135.70715804170354,132.8945886396275,135.34288024902344,35360000
2021-10-04,134.7654811569935,134.7654811569935,129.89814958771572,132.48471069335938,51202000
2021-10-05,132.86287924921712,136.01840082000018,132.86287924921712,134.82745361328125,32404000
2021-10-06,133.56562063943494,136.53925226777113,133.3673815558137,136.3558807373047,24364000
2021-10-07,137.67124657959297,138.81114805651399,137.43236744248404,138.00132751464844,25110000
2021-10-08,138.3502060903865,139.097576749606,137.99386876227683,138.556884765625,26526000
2021-10-11,138.0677377987258,139.47525527556462,137.63852974209917,137.69305419921875,17954000
2021-10-12,138.25406031342655,138.28083098740217,134.5667554031385,135.2497100830078,36332000
2021-10-13,136.19484551288934,136.78709762710315,135.3191115718021,136.37277221679688,19654000
2021-10-14,138.24812282051505,140.09523891303556,137.6048250070832,139.91038513183594,31894000
2021-10-15,140.3698121513104,140.47240282360914,139.51786944318084,140.12547302246094,30274000
2021-10-18,139.8365491009501,141.54093366501112,139.82960687486855,141.52308654785156,20396000
2021-10-19,142.1272172677941,142.39980927751645,141.346647938062,141.97804260253906,20164000
2021-10-20,142.0781590742051,142.28433864697428,140.1338971977449,140.52294921875,23288000
2021-10-21,140.52295525974566,140.90656241415812,139.26511158996246,140.63893127441406,26292000
2021-10-22,137.92695427249757,139.34735778624022,134.86015436540723,136.3573760986328,50588000
2021-10-25,136.34104419991752,136.787086020702,134.23372308873442,136.23895263671875,34412000
2021-10-26,138.03947326185792,138.85175904468622,137.08890257767035,138.08407592773438,49236000
2021-10-27,138.17973449966777,147.34347311686153,138.17973449966777,144.93235778808594,85782000
2021-10-28,145.84128603540435,145.8645780331488,143.35581813063857,144.56707763671875,36206000
2021-10-29,143.80286589775253,146.93905794038585,143.37813478343114,146.74478149414062,43320000
2021-11-01,146.74479239872048,146.74479239872048,141.96665019325252,142.2357635498047,46924000
2021-11-02,143.30873631409102,145.32039357899643,143.06687765221287,144.15423583984375,33482000
2021-11-03,144.61814533980774,145.37989965427468,143.32016075699752,145.3095245361328,27494000
2021-11-04,145.83138101023934,148.41745854274853,145.02205961897133,146.96434020996094,38412000
2021-11-05,147.8583849953458,149.00621159465294,146.8944441768872,147.54368591308594,38354000
2021-11-08,148.50814284863625,149.29120778593392,147.1258987759427,147.72113037109375,23052000
2021-11-09,147.92133853788505,148.51755318741476,145.9508052596348,147.60960388183594,19530000
2021-11-10,146.20357706440018,146.76857441866247,143.2671214393326,144.61119079589844,29970000
2021-11-11,145.20197357813035,146.23878525750848,144.32077969235291,144.48532104492188,16518000
2021-11-12,145.3268136915054,147.54168572571453,144.1329023645109,147.37118530273438,22360000
2021-11-15,147.59176109433906,148.2350588729297,146.27791087379003,147.14720153808594,23508000
2021-11-16,146.84740393168792,147.45500761899692,146.01775484738633,146.57630920410156,18904000
2021-11-17,146.72642872326313,147.2537504824228,145.9458594225756,146.74575805664062,19594000
2021-11-18,146.9385664922546,149.25701287000476,146.58470958501508,148.5215301513672,35608000
2021-11-19,148.65732984777023,149.63963221382073,147.59029904384553,147.6175537109375,33682000
2021-11-22,148.0199641044775,148.512589853607,144.86296070061218,145.01609802246094,30594000
2021-11-23,144.86839742509054,145.37094493190813,142.84831586173624,144.5006561279297,27218000
2021-11-24,144.19489123717437,144.96407174008007,143.1040693827115,144.83570861816406,18040000
2021-11-26,143.07979835205043,143.28696106170008,140.5958271690256,140.93333435058594,30470000
2021-11-29,142.73432320274722,145.01163011022243,142.62875298434784,144.25137329101562,32596000
2021-11-30,143.73397863340372,144.71676490782465,140.3569260142656,140.65032958984375,42068000
2021-12-01,142.73433859612626,144.66769552061407,139.67348254273247,139.81175231933594,34020000
2021-12-02,140.00850599610223,142.60002820764856,138.98210021683846,141.7094268798828,29194000
2021-12-03,142.4181454494306,143.13082014038355,139.06784841754663,140.75340270996094,41230000
2021-12-06,141.78324823152144,142.58810768181868,138.91815125907553,141.89674377441406,30618000
2021-12-07,144.31679812363797,146.23430432331102,143.9510381265825,145.97509765625,32240000
2021-12-08,146.29922253666786,147.0887305485921,145.11919542765767,146.884033203125,24270000
2021-12-09,146.29376772137593,147.78950718555691,145.8219535305744,146.34085083007812,23270000
2021-12-10,147.39303059375538,147.66808793780228,145.41457182465953,146.70066833496094,24458000
2021-12-13,146.48260348264037,146.66945372410888,144.23851000057718,144.5447998046875,27070000
2021-12-14,142.7026193273764,143.21011265403155,139.9738104375734,142.64215087890625,38446000
2021-12-15,142.1485511948514,145.43143797020528,140.43276245717442,145.15390014648438,36370000
2021-12-16,145.8769849184342,146.37903341060957,142.34479835563232,143.17544555664062,33650000
2021-12-17,141.24755251079608,142.5703265958565,140.05810246195654,140.4793701171875,50416000
2021-12-20,138.76952565181767,140.52843495533597,138.09649260542437,140.36239624023438,27192000
2021-12-21,140.80495248159482,142.60450151263055,139.26758970259098,142.21148681640625,28756000
2021-12-22,141.8100612694889,145.21238762776494,141.8100612694889,145.1281280517578,26322000
2021-12-23,145.2123704862323,146.94054613463166,145.16478825775857,145.62521362304688,26384000
2021-12-27,145.96169591517778,147.04013044104252,145.87595414656877,146.60647583007812,15976000
2021-12-28,146.93310171719043,146.9955515001699,144.77078743444807,145.39772033691406,18200000
2021-12-29,145.35560679623677,146.12132376201117,144.3673755989165,145.3660125732422,17788000
2021-12-30,145.40465905246458,146.0053355046696,144.71131371891346,144.91549682617188,15688000
2021-12-31,144.7663412906992,145.40914004664086,143.57887268066406,143.57887268066406,18136000
2022-01-03,143.78006634339744,144.56907529374837,142.44986625187568,143.71713256835938,28646000
2022-01-04,144.11804191094802,145.19747465174785,142.4533145996278,143.13031005859375,28400000
2022-01-05,143.1506401362504,143.22943968889484,136.4778153700128,136.5640411376953,54618000
2022-01-06,135.79437916865325,138.71002316784708,135.35824405520043,136.5367889404297,37348000
2022-01-07,136.9313045859878,137.23165041306362,134.57321626393153,135.81272888183594,29760000
2022-01-10,133.89075867659383,137.59937427004354,131.99407910389132,137.45068359375,44408000
2022-01-11,136.7940204323314,138.9836045313537,135.49107504085617,138.5078125,28730000
2022-01-12,139.90937157216942,141.35456438559447,139.45788494003665,140.18740844726562,26108000
2022-01-13,140.2959756507741,141.59447455601426,137.1924977773982,137.3689422607422,31436000
2022-01-14,135.87416542111617,139.50497974939202,135.79438276109653,138.2545623779297,29662000
2022-01-18,134.97813484766374,135.92622520287958,134.24811208025204,134.8026885986328,34872000
2022-01-19,135.32354033179294,136.74692336638395,133.82879908705206,133.9289093017578,28648000
2022-01-20,135.05247646638676,136.41638959519287,131.79584612438092,132.13583374023438,29908000
2022-01-21,131.42809390052594,133.68011249754008,128.94312507327743,129.20579528808594,55652000
2022-01-24,124.87075517822278,130.04983783070446,123.40574871292903,129.6543426513672,76622000
2022-01-25,127.60848696964946,128.261691514958,125.38866839259472,125.81934356689453,46960000
2022-01-26,129.96654697196033,131.8310108586025,126.0244974232128,128.0971221923828,49130000
2022-01-27,130.14991337232922,131.48655634744904,127.7992518215496,127.87112426757812,31950000
2022-01-28,128.51938847818633,132.18439982716436,127.3557110756648,132.17893981933594,34362000
2022-01-31,132.9828112703711,134.28229308420728,131.04747300112987,134.11427307128906,39986000
2022-02-01,136.38512440213515,136.5818812789118,133.1874810681943,136.43418884277344,68644000
2022-02-02,149.92062310914736,150.21451067811546,144.24347030048295,146.69918823242188,123200000
2022-02-03,144.42485698358425,148.35946558582248,141.41156796467584,141.83233642578125,71518000
2022-02-04,142.1837422499907,143.6016655574309,139.27998583713477,142.0335693359375,57998000
2022-02-07,142.98215841687698,142.98215841687698,137.6791745678362,137.9775390625,54974000
2022-02-08,137.80457400105325,138.7695132466174,135.80976527306845,138.17379760742188,54284000
2022-02-09,139.72453341095786,141.27181794404441,138.95485380934457,140.34750366210938,40144000
2022-02-10,138.47556853172074,140.24090493735514,136.74441388121392,137.40158081054688,39330000
2022-02-11,137.38182183921865,137.93341878729322,132.22751362039665,133.10226440429688,39958000
2022-02-14,132.08527017678978,135.10202275464846,132.08527017678978,134.33482360839844,34302000
2022-02-15,136.36135685706915,136.8946378100411,134.62773623845976,135.40782165527344,26680000
2022-02-16,135.44549125984014,136.87233817056384,133.73812696337785,136.52740478515625,25022000
2022-02-17,135.04552392763165,135.90837156390384,131.31411513265346,131.37408447265625,38950000
2022-02-18,132.293916239701,132.89162828166567,129.05216896587058,129.25685119628906,45620000
2022-02-22,128.69680623013534,131.01871597493778,127.09649469482315,128.6725311279297,44990000
2022-02-23,130.49141097359714,130.8903696827922,126.40662916955034,126.46659851074219,32786000
2022-02-24,123.85524617381691,131.8310242930199,123.85524617381691,131.5247344970703,54456000
2022-02-25,132.37818496175834,134.0825696110589,130.5935034058996,133.2777099609375,36406000
2022-02-28,131.88058572904305,134.5583337933557,131.427102602085,133.8699493408203,38864000
2022-03-01,133.69301448970344,135.0579106140199,132.04761612674722,132.88319396972656,26496000
2022-03-02,133.44470905944584,134.07362324299785,131.90188646501582,133.38870239257812,23520000
2022-03-03,134.81456495195397,135.24029431326773,131.8562994539406,132.72262573242188,24604000
2022-03-04,131.75916874799498,132.6750434625872,129.19192148220066,130.74713134765625,30430000
2022-03-07,130.3323188037654,130.57714191731998,125.18495329978524,125.2677230834961,45112000
2022-03-08,125.14036103345764,130.0964149357728,124.56991874531153,125.98735046386719,40428000
2022-03-09,130.09638929835302,132.5600473216055,128.75874807277455,132.247314453125,37026000
2022-03-10,130.11227705245972,132.10064255507427,129.76188368845354,131.2655487060547,27102000
2022-03-11,132.31521548383986,132.6195239239846,128.49212139674947,128.72901916503906,31526000
2022-03-14,129.10519737260148,129.26279649048794,124.17392551133625,124.84397888183594,38812000
2022-03-15,125.85996865327388,128.71317811067638,124.61550282436785,128.06243896484375,30920000
2022-03-16,129.58394480607387,132.16108344524727,127.6030057057171,132.1090545654297,35576000
2022-03-17,131.97872086094247,132.90203693206857,131.02318923079633,132.66265869140625,28264000
2022-03-18,132.25179767226226,135.0465201210338,131.09604557963877,134.92906188964844,44566000
2022-03-21,134.96670973028958,135.84542305630865,132.9139133143383,134.90525817871094,26832000
2022-03-22,134.90525181097044,139.8102590701451,134.90525181097044,138.63864135742188,35496000
2022-03-23,137.48338373783585,138.36159787746607,136.62351582659406,137.0601348876953,25154000
2022-03-24,137.97653660408002,140.37428175630868,136.53978312219112,140.32769775390625,26396000
2022-03-25,140.6686711405159,140.78662849171081,138.50932109177913,140.4278106689453,24126000
2022-03-28,139.66207420173586,140.75439330324906,138.5826413227132,140.2122039794922,35050000
2022-03-29,141.39372554579415,142.52964906026023,140.79006955797232,141.25296020507812,34318000
2022-03-30,141.20787975036384,141.46608819585558,140.3554379628545,140.6909637451172,19884000
2022-03-31,140.80446372092825,140.85898818058075,137.80259350469294,137.84521484375,37524000
2022-04-01,138.27389064424523,139.23634932313234,137.0918670617453,138.91867065429688,25942000
2022-04-04,139.12484935301754,142.4488747295106,139.07726712649293,141.71487426757812,25942000
2022-04-05,141.61327865957014,141.73370131663094,139.14863735319742,139.3553009033203,21418000
2022-04-06,137.53048114777272,138.13561937873442,134.3258953417317,135.34783935546875,32468000
2022-04-07,134.81456023404073,135.9589233791473,133.04772597265375,134.6941375732422,26234000
2022-04-08,134.39180707525873,134.4775488545769,131.7968213100517,132.11599731445312,25142000
2022-04-11,130.66487843192186,130.93151135411028,127.53760956872993,127.69124603271484,36884000
2022-04-12,130.44334266181815,130.44334266181815,125.67462307577014,126.59198760986328,32710000
2022-04-13,126.87495402475328,129.18843915155622,126.61822782302634,128.75230407714844,27928000
2022-04-14,129.3326910511807,129.3326910511807,125.48827070120589,125.61614227294922,31598000
2022-04-18,125.8837687708988,127.0856057890182,125.07295756823771,126.5543212890625,20808000
2022-04-19,126.56918205499946,129.18745998099084,125.88326290264443,128.86631774902344,26490000
2022-04-20,129.7415575029072,130.24410511069215,126.3793722886123,126.91461944580078,31696000
2022-04-21,128.11397656104157,128.95501432098166,123.43198996855905,123.71746063232422,36446000
2022-04-22,123.90133604882998,124.2998031690539,117.8797341417918,118.583984375,56884000
2022-04-25,118.05419147063641,122.19398166489279,117.46938074819151,121.99227142333984,46128000
2022-04-26,121.21961522065254,121.4332209985113,117.46936899450668,117.60714721679688,73054000
2022-04-27,113.46340486617618,116.21153596211408,111.74564238038515,113.28994750976562,91820000
2022-04-28,115.39179161420873,118.59785963790864,113.11200403723606,117.48076629638672,48884000
2022-04-29,115.7084723527059,116.8835536229206,112.81413917887252,113.1065444946289,42676000
2022-05-02,112.40825746611199,115.71939696071765,111.61033248451041,115.5583267211914,35534000
2022-05-03,115.40714926550513,117.40097459460361,115.01463371515267,116.3027114868164,24968000
2022-05-04,116.0028802952593,121.7746984397327,114.10421172565688,121.18641662597656,49916000
2022-05-05,119.1474930563822,119.97515308141593,113.99468267182898,115.48149871826172,45840000
2022-05-06,114.17211482737774,116.5381358862753,113.01339074570949,114.72917175292969,39710000
2022-05-09,112.25461312851758,114.06555854767906,111.0160988528587,111.52210998535156,40802000
2022-05-10,114.49227422836657,115.22824850518352,111.90818559117898,113.3895492553711,39900000
2022-05-11,112.2412463004195,115.34175207633706,112.2412463004195,112.6040267944336,37534000
2022-05-12,110.3985706744424,113.29042361789074,108.85921908657511,111.85218048095703,53836000
2022-05-13,113.52632312930824,116.83895186572902,112.60648584455353,115.03048706054688,35038000
2022-05-16,113.94512093552153,115.14894677053942,112.88849600182488,113.4391098022461,25990000
2022-05-17,115.81355000837539,115.87252867662438,113.8603722292567,115.44927978515625,23054000
2022-05-18,113.9892360282762,114.38572183997256,110.57500685562273,110.91598510742188,35126000
2022-05-19,110.45209689987173,112.01672181932308,109.03317553495751,109.41380310058594,34144000
2022-05-20,110.96702082393216,111.19748304933411,104.86661954709218,107.95076751708984,48962000
2022-05-23,108.6243014393132,111.1617983492407,107.78523742789535,110.50809478759766,37184000
2022-05-24,104.8423393279953,105.52280600519344,100.98900326705386,105.0385971069336,76780000
2022-05-25,104.06276758814788,105.56395993156367,102.94369266973779,104.87506866455078,40258000
2022-05-26,104.7481849485602,107.69455509948278,104.30015422152373,106.8450927734375,37948000
2022-05-27,108.52072351941294,111.33080496604357,108.17924616749293,111.32931518554688,37914000
2022-05-31,111.75553808376368,114.71777381462744,111.0934100457265,112.76211547851562,50012000
2022-06-01,113.84550925646737,116.07226223773644,112.25461274183665,112.8909683227539,36606000
2022-06-02,112.99804034710738,116.86326517813715,111.95380234672015,116.58869934082031,37992000
2022-06-03,115.04239030742981,115.2991165371884,112.52075159132542,113.53426361083984,26136000
2022-06-06,115.6787463489471,118.29802241385896,115.14300011660191,115.79373168945312,33542000
2022-06-07,114.46550552636866,116.65657936123159,114.0407744070312,116.11983489990234,31590000
2022-06-08,115.73523910380932,117.52834484529313,115.57515955281724,116.1639404296875,26108000
2022-06-09,115.3050626696795,117.25923874880715,113.76720083398786,113.82617950439453,25798000
2022-06-10,111.45668305650874,112.28335238911357,109.39595372206405,110.18446350097656,41452000
2022-06-13,105.84792407779678,107.83529887701552,105.18629514776413,105.45738983154297,47252000
2022-06-14,105.5986399557648,106.97592316690826,104.87009945591228,105.77754974365234,33706000
2022-06-15,107.59097210374202,110.44417420422363,106.72317112084933,108.79975891113281,39698000
2022-06-16,106.27861773864792,107.6935690899347,104.2139253852508,105.10155487060547,51684000
2022-06-17,105.1015528730424,107.74412127524249,104.12272916591733,106.20179748535156,51376000
2022-06-21,107.97208392269314,111.50079919576064,107.64548168742688,110.56360626220703,47416000
2022-06-22,109.58478958192295,112.35026079420923,109.41231534981758,110.50760650634766,30774000
2022-06-23,111.2450721279725,111.75158241290121,109.5292910357325,111.25547790527344,28362000
2022-06-24,112.00185482451673,117.0411696178319,111.95972504269348,116.93807983398438,41164000
2022-06-27,117.23347197127057,117.53727377160598,114.16715569950595,114.81541442871094,36420000
2022-06-28,114.78467596630205,116.27843425509606,110.86493491306922,111.02303314208984,35792000
2022-06-29,110.57154255312791,112.1659026711125,109.89801049848562,110.7197265625,24716000
2022-06-30,109.03316748819037,109.91336299699368,105.81173299422112,108.00527954101562,43170000
2022-07-01,106.9843354918693,108.28976122127001,105.79240531545052,107.78176879882812,35476000
2022-07-05,106.15915998193664,112.38049064467288,104.80218931259407,112.26749420166016,39342000
2022-07-06,112.30615296257244,114.57354585155757,110.49619829116553,113.56498718261719,37432000
2022-07-07,114.06853442164258,118.14191207685637,113.82420284830546,117.73898315429688,40936000
2022-07-08,116.21945418412874,118.63304981056329,115.87401417090683,118.3044662475586,38238000
2022-07-11,116.96088070050413,116.96088070050413,114.31682284364507,114.65978240966797,31196000
2022-07-12,115.19355693473877,115.94588857717979,112.69075577017246,113.01834869384766,29960000
2022-07-13,110.71922817942544,113.19230171782554,110.22412191978457,110.37478637695312,43722000
2022-07-14,109.24183551851672,110.11657870733588,107.4204842436842,109.39745330810547,37004000
2022-07-15,111.01609105740265,112.14607058469424,109.9252617490399,110.7950439453125,46770000
2022-07-18,111.6499722698316,112.68083230186653,107.41750592240679,108.07170104980469,43164600
2022-07-19,109.87571691828899,113.01785337509594,108.5970540642529,112.80970001220703,36530900
2022-07-20,112.1753157376498,114.38571897797333,111.49138548098223,112.8989028930664,35600400
2022-07-21,113.27555937905743,113.54319050720274,110.13342322528176,113.33502960205078,32676200
2022-07-22,110.02438896081073,111.35260768410927,105.56394075969678,106.9516372680664,48901200
2022-07-25,107.45716230393901,108.90432910851514,105.36570699180157,106.56507110595703,34690900
2022-07-26,105.66306147231995,106.25778639316266,103.1552995551691,104.0969467163086,47991000
2022-07-27,108.29968789382276,112.9088193610781,107.06067446511638,112.0662841796875,59858500
2022-07-28,111.3823490591432,113.33502778538879,110.48034369240179,113.2160873413086,32816600
2022-07-29,112.08610228723958,115.68419422976437,112.06627383930068,115.29762268066406,37223400
2022-08-01,114.28659134517281,115.69410865783321,113.33502246319186,113.85045623779297,26034300
2022-08-02,112.9980223744773,115.32736606008014,112.72048458212805,114.11808776855469,20236000
2022-08-03,114.69299545382555,117.57742237828928,114.46502121528304,117.04216766357422,28499000
2022-08-04,116.4474330419797,117.73600237782314,115.86261481324507,117.15119171142578,21602900
2022-08-05,115.20842372972953,117.07189713527843,114.98044193983411,116.4375228881836,19159500
2022-08-08,117.34943613172396,119.09396911037126,115.85270583222336,116.2690200805664,19138300
2022-08-09,116.11043142494283,116.28884966977363,114.6929996916588,115.60491180419922,19086500
2022-08-10,117.7360142356941,119.85720468184134,117.36927109011395,118.6479263305664,30930400
2022-08-11,120.21402762148577,120.4221809525822,117.517933416611,117.79547119140625,24293700
2022-08-12,119.20300201694565,120.61051940917969,118.41003042457679,120.61051940917969,19096300
2022-08-15,120.06535665403284,121.2250789907804,119.54993038618566,121.00701141357422,19494800
2022-08-16,120.45192996370155,121.3539353982233,119.57966720477233,120.6303482055664,19041200
2022-08-17,119.06422683250173,120.22394148614529,118.33072550149306,118.49923706054688,22847000
2022-08-18,118.38029859169842,119.75808091078403,117.6765398760915,119.1137924194336,17987700
2022-08-19,118.0135401713866,118.10275306426914,115.73376016351709,116.17980194091797,21809500
2022-08-22,114.18747756849332,114.61369850167412,112.84934454275668,113.23591613769531,21456600
2022-08-23,112.4825879754463,113.9991390611321,112.43302441797354,112.85924530029297,15870400
2022-08-24,112.5024176637424,113.77116618601146,111.8779576273456,112.69075012207031,17734600
2022-08-25,113.23591148601406,115.69411741968042,113.10705681377382,115.6247329711914,16956800
2022-08-26,113.71170152369614,114.10818734688105,109.22151791479679,109.37019348144531,37245700
2022-08-29,109.02327231665438,109.97483376444924,107.84373662281749,108.45828247070312,21191200
2022-08-30,109.2016831186449,109.52878447093995,106.85251855405113,107.98249816894531,27513300
2022-08-31,109.67746398729584,109.87570309968547,107.1796088220971,107.2688217163086,28627000
2022-09-01,107.32829258582089,109.47921797382328,106.4163805635808,108.77545928955078,28360900
2022-09-02,109.61799202942274,109.76667515278551,106.3172660149257,106.9020767211914,24160700
2022-09-06,106.3569221880662,107.08050183935515,104.85027753257934,105.87122344970703,25068300
2022-09-07,106.11902111929638,109.01336227424459,105.96043133074927,108.4880142211914,23167000
2022-09-08,107.09040592922442,108.63669221562516,106.21814322757177,107.42741394042969,24238300
2022-09-09,108.11135259840358,110.0144753600422,108.06178903761959,109.6774673461914,23197700
2022-09-12,110.01447478728238,110.6389423756241,108.96379385270278,109.8856201171875,22966800
2022-09-13,106.85251559475012,107.34812094062124,103.17511727352941,103.4030990600586,38172900
2022-09-14,103.65090463743046,104.35466334080722,102.74890681508529,104.0771255493164,26395100
2022-09-15,103.11565198138281,104.34475118044541,101.45041763715635,102.00550079345703,34188300
2022-09-16,101.17288193424302,102.22356291951621,100.05281649828837,101.89646911621094,42797200
2022-09-19,100.85568758151153,102.42180228471612,100.65744846869414,102.1640853881836,23036800
2022-09-20,101.18279336472388,101.4702453845617,99.6364994799985,100.25105285644531,26517100
2022-09-21,100.7763794996927,101.97574341360239,98.39747255636897,98.40738677978516,31487300
2022-09-22,97.95145158637969,100.35017992291691,97.92171647216169,99.25984954833984,34298600
2022-09-23,98.75431586420589,98.78405853652902,96.61330475951237,97.87213897705078,31625400
2022-09-26,97.23776734850438,99.00212116985077,96.94040867838093,97.3071517944336,27072700
2022-09-27,98.55607269644881,99.12106244991988,96.01857591767867,96.64303588867188,30072800
2022-09-28,96.79172426782799,99.81491229984545,96.25646959395841,99.1706314086914,32466300
2022-09-29,97.77302184291314,97.77302184291314,95.11657689159186,96.5637435913086,31047200
2022-09-30,96.19700749257774,98.03074589010642,94.72009801207578,94.80931091308594,32941500
2022-10-03,95.90955206825485,98.41731399775504,95.67165604887613,97.77302551269531,27982000
2022-10-04,99.5572084701991,100.94489744691543,99.49773068381286,100.74665832519531,28850800
2022-10-05,98.95256988434666,101.03411092367425,97.93162403320214,100.53850555419922,22176900
2022-10-06,99.79509354103838,102.02531761520133,99.70588064565636,100.5285873413086,22324000
2022-10-07,98.97238249935859,99.64640604800172,97.43601051980215,97.81266784667969,27502800
2022-10-10,98.12986522026777,98.22898478378026,96.15735792571904,96.99988555908203,18225100
2022-10-11,96.57366940141243,98.37767277088885,95.46351057314297,96.32586669921875,26507100
2022-10-12,96.44479769912304,97.88205009327943,95.88971460177453,96.70250701904297,21876400
2022-10-13,94.31369376135358,98.90299629495368,93.55045733483536,98.18932342529297,34574500
2022-10-14,99.11115674778205,99.80500878199092,95.52297881847961,95.7113037109375,25410700
2022-10-17,97.99108703777611,100.04289281373572,97.96135192777248,99.0913314819336,28419200
2022-10-18,102.22356592791553,102.56058152852803,99.09134376768007,99.88430786132812,24060700
2022-10-19,99.1309831390766,100.13210049023245,98.0505595554906,98.75431823730469,23811100
2022-10-20,99.12106659193721,101.42067503437667,98.51642748073942,99.0913314819336,25323200
2022-10-21,96.98995739909645,100.41954522778374,96.86110274127708,100.24112701416016,32458700
2022-10-24,100.90524643291671,101.8468935183707,99.1012433660337,101.61891174316406,27176400
2022-10-25,101.99557665364006,103.89869927280016,101.81715843544772,103.56169128417969,40611400
2022-10-26,95.58245054848182,97.44592398970775,93.85774600381856,94.09563446044922,88114100
2022-10-27,93.68923447770169,94.59123986812598,90.993147655817,91.40945434570312,60710900
2022-10-28,91.45901584652545,95.70140436063788,91.32024694154877,95.44368743896484,43697300
2022-10-31,94.58133446001989,95.18597366412389,93.15399602416672,93.67933654785156,31675000
2022-11-01,94.61106036439496,95.18596439796062,89.57571564537245,89.67483520507812,47161400
2022-11-02,90.14070466460588,90.37859311828306,86.11638402723818,86.20559692382812,57038300
2022-11-03,85.56130698597873,85.75954610026633,82.60749578413358,82.69670867919922,61288000
2022-11-04,84.64938669325439,85.87848571894034,82.97423836047841,85.81901550292969,51124900
2022-11-07,86.51286290825593,88.11862685745632,86.08664203322763,87.71222686767578,34078900
2022-11-08,88.11863708496094,89.52615453336252,86.8201458615817,88.11863708496094,30429000
2022-11-09,87.67258615584599,88.6538902246859,86.51287141522182,86.55252075195312,31769100
2022-11-10,91.43917813783004,93.56036822352013,90.80480395682011,93.11432647705078,51620100
2022-11-11,93.8577385481565,96.07804827912527,93.09450211535228,95.5626220703125,33090500
2022-11-14,94.25422468031444,95.93928745861939,93.67932820432442,94.8588638305664,30179500
2022-11-15,97.39636509743826,99.25983848330503,95.85998549384487,97.57478332519531,41640800
2022-11-16,97.03953867950554,98.7642433513322,96.78182175445707,97.98118591308594,29105200
2022-11-17,96.11771619701832,98.40741081347373,95.93929794363618,97.49549865722656,26052600
2022-11-18,97.90186508489751,98.03072729943703,95.52296575672096,96.57364654541016,28342300
2022-11-21,96.43489126326328,97.53513576068444,94.52185428293382,94.7597427368164,21647400
2022-11-22,95.10666080878029,96.36550259521411,93.22336658471515,96.1969985961914,23438500
2022-11-23,96.23664311244816,97.89197072674976,96.23664311244816,97.5946044921875,18868100
2022-11-25,97.37653668783366,97.77302247882432,96.543923332857,96.6033935546875,9701400
2022-11-28,96.18708410227205,96.72233877031711,94.76965254495012,95.2057876586914,26237500
2022-11-29,94.8886024571373,95.27517402033777,93.28283842068635,94.35334777832031,20061700
2022-11-30,93.98660272217356,100.15193477810236,93.59011691093076,100.10237121582031,43647500
2022-12-01,100.1321063282544,101.35129887441687,99.36887738054075,100.10237121582031,28687100
2022-12-02,98.1794379788036,99.88431429297778,98.03075483844006,99.55722045898438,21480700
2022-12-05,98.52635317800012,100.4889462901507,98.12986735299515,98.60565185546875,24405100
2022-12-06,98.42722540069438,98.9030023011365,95.57253374869178,96.12761688232422,24910700
2022-12-07,95.56263371133674,96.02849641963317,93.88748509454602,94.10555267333984,31045400
2022-12-08,94.54166480545987,94.73991146391016,92.62862803485098,92.88634490966797,32213300
2022-12-09,92.94581670466732,93.43151535436729,91.93478519757772,92.01408386230469,28225400
2022-12-12,91.89514325545609,92.73767083950996,90.80481299595476,92.4898681640625,29420000
2022-12-13,96.90076587228482,98.6552055874712,94.19475717404306,94.78948211669922,40593700
2022-12-14,94.3632525525602,96.018580115214,92.77731699649831,94.2343978881836,28733600
2022-12-15,92.31145406282408,92.81697366079501,89.21888137485573,90.06140899658203,40107000
2022-12-16,89.96228779812273,90.52727761063562,88.73318105041864,89.46668243408203,58011800
2022-12-19,89.46667706453866,89.7640357277138,87.43469216899084,87.66267395019531,29493000
2022-12-20,87.33557392675367,88.39616905558795,86.67146458378042,88.2375717163086,23453800
2022-12-21,88.29705059692365,89.42703018514993,87.54372835066033,88.79265594482422,24745600
2022-12-22,87.3851332274773,87.76179054640475,85.56130172632905,86.9886474609375,27658300
2022-12-23,86.34436275710375,88.76291923113465,86.30471342250716,88.44573211669922,23003000
2022-12-27,88.01949767772324,88.15826654628803,86.24522992983195,86.62188720703125,20097300
2022-12-28,86.21551552084601,87.26619651001516,85.18465541951453,85.26394653320312,19523200
2022-12-29,85.85865973331578,88.06905500353619,85.84874551045745,87.67256927490234,23333500
2022-12-30,86.21551535680346,87.52391325940049,85.80911531469404,87.45452880859375,23986300
2023-01-03,88.80255544716131,90.24972960120895,87.74196039065848,88.3366928100586,28131200
2023-01-04,89.55588448127065,89.85325071371112,86.50295373591993,87.30583953857422,34854800
2023-01-05,86.70120175720164,86.80032131544093,85.14500124959856,85.4423599243164,27194400
2023-01-06,86.02717297103696,86.9192640659125,84.11413611960162,86.57233428955078,41381500
2023-01-09,87.58337634262733,89.25852481278592,87.08777100232832,87.2463607788086,29003900
2023-01-10,85.2242962744404,87.89064781997227,85.07561316227476,87.6428451538086,30467800
2023-01-11,88.39617710871649,90.79490536631714,88.22767309213403,90.71560668945312,26862000
2023-01-12,90.67595505151839,91.06252660626463,88.96115727194007,90.32902526855469,30258100
2023-01-13,90.05149141638756,91.37971769910212,89.33781849580512,91.31033325195312,26329200
2023-01-17,91.25084633493321,91.43917877077745,89.25851845375324,90.48761749267578,32602400
2023-01-18,91.33014619303279,91.98434883409725,89.84333025861744,90.3191146850586,29116700
2023-01-19,89.92263963407981,92.78723807060146,89.83342673497357,92.23216247558594,37000400
2023-01-20,94.26413670489272,97.43601550407813,94.18483803338714,97.1584701538086,63191100
2023-01-23,97.08909393274908,99.16072841791184,96.64305210182975,98.91292572021484,40005100
2023-01-24,97.23777151171052,98.73450183779414,96.3456803384707,96.8412857055664,33078500
2023-01-25,94.73000174467127,95.31481996198589,92.93591288382635,94.3830795288086,42330000
2023-01-26,95.65184064234623,96.7124358785813,94.54168184198296,96.66287231445312,30114000
2023-01-27,96.45471331121503,99.43825971343786,96.45471331121503,98.49661254882812,33879800
2023-01-30,96.62322160019781,97.42609984090785,95.5527122376928,96.08796691894531,27226200
2023-01-31,96.01858138177985,98.0109094055175,95.96901782279963,97.97126007080078,29870700
2023-02-01,97.84241093913148,100.30061689425332,96.72234552879351,99.54729461669922,35531100
2023-02-02,104.87010131411388,106.9020788324088,104.68176884997912,106.79304504394531,69883800
2023-02-03,102.02531630709647,106.86242173682118,101.67839407914221,103.85905456542969,65309300
2023-02-06,101.49998482270392,103.44275703327085,100.98455098504732,101.99559020996094,31999600
2023-02-07,102.31278158987035,107.2291863274613,102.21366202078417,106.69393157958984,49010200
2023-02-08,101.15305759656383,102.23347365780366,97.17830046850436,98.49661254882812,94743500
2023-02-09,99.12107385512309,99.15080896730558,92.80705872811015,94.17493438720703,119455000
2023-02-10,94.61106278381658,95.89963977995525,93.42161291225615,93.73880004882812,54980700
2023-02-13,93.90729704786835,94.36325304999363,93.01520592965052,93.7784423828125,50076100
2023-02-14,93.60002143562618,94.01632809123518,91.44909615264258,93.84782409667969,54726100
2023-02-15,93.6594961857254,96.26638514602948,93.32248818030943,96.08796691894531,50169000
2023-02-16,94.53177857561236,96.82147314864744,93.9073109194476,94.67054748535156,42462600
2023-02-17,94.0163267505867,94.72008539046281,92.39074192224304,93.52072143554688,34284100
2023-02-21,92.18259462414863,92.28171418116946,90.91384614467198,90.98323059082031,33629300
2023-02-22,90.89400789629578,91.30040786730466,89.81359198527798,90.84445190429688,30884000
2023-02-23,91.11208656749149,91.13191501658295,88.97107536820448,90.09114074707031,41206400
2023-02-24,88.65388384050988,89.09992561252551,87.8014420680175,88.34660339355469,36585100
2023-02-27,89.0801010131836,89.36755300004886,88.55475303297936,89.0801010131836,27502300
2023-02-28,88.54486061355257,90.42816260421704,88.53494638831793,89.26844024658203,30142000
2023-03-01,89.18914616715412,90.22991291205538,88.88186569379845,89.56580352783203,31111200
2023-03-02,88.8719465448015,91.46891349206841,88.80255454255308,91.19137573242188,32204400
2023-03-03,91.66716673162266,92.90618007780824,91.63742405895086,92.8268814086914,35160100
2023-03-06,93.19362456165446,95.1264899199855,93.1738036755349,94.29386901855469,32639300
2023-03-07,94.14520057401873,94.8291308506661,92.70794044588578,93.03504180908203,27835500
2023-03-08,93.2927533033278,95.11657735157019,93.17380529752776,93.4216079711914,34103300
2023-03-09,93.2233655789375,94.69035312052974,91.09226114790435,91.5085678100586,28813500
2023-03-10,91.35988513059155,91.97443846501345,89.60544558188205,89.83341979980469,35941000
2023-03-13,89.29817253447952,91.75637851356447,88.63406314919474,90.30921173095703,37335600
2023-03-14,91.74645521251553,93.5306374048924,91.62751477458181,93.1440658569336,36050200
2023-03-15,92.40066793697098,96.07805893634688,91.82576388320213,95.26526641845703,50622100
2023-03-16,95.35446457801073,100.30061132579071,94.66062012558537,99.4382553100586,65492000
2023-03-17,99.37879748699346,101.9361156180665,99.22020012817495,100.72684478759766,61028500
2023-03-20,99.2400149300755,100.85568559854943,98.9922122627572,100.3303451538086,32960400
2023-03-21,100.36009150328888,104.17625149489693,100.3303563898546,103.99783325195312,42110300
2023-03-22,103.35353990958235,105.65314851003183,102.4218069619865,102.46145629882812,43427400
2023-03-23,104.136589817013,105.36569648380548,103.54186493178221,104.67184448242188,40797800
2023-03-24,104.06721812674961,104.56282351890222,102.92732421233099,104.51326751708984,30393300
2023-03-27,103.70045921132483,103.83922809504408,101.03410018695052,101.55944061279297,31120900
2023-03-28,101.53963970691353,101.54954637031634,98.86336593215388,100.14202880859375,32057900
2023-03-29,101.38102484163565,101.58917817223534,99.76535419231203,100.49884796142578,28779600
2023-03-30,100.0230785716146,100.27088125455408,98.90300560483199,100.00325012207031,33086200
2023-03-31,100.40964092180509,102.97687285114189,100.15192403778421,102.81828308105469,36863400
2023-04-03,101.49005525349757,103.61124538527355,101.03409927363644,103.44274139404297,25035400
2023-04-04,103.41301187553275,104.65202522333027,103.12555987136325,103.7995834350586,24420100
2023-04-05,104.85026426841469,105.16745138275883,102.7489024717613,103.5517807006836,28290500
2023-04-06,104.33483456983963,108.21046425787682,103.41300836785234,107.46705627441406,48711500
2023-04-10,106.03972551827178,106.6443570965018,104.19607298512094,105.50447082519531,27067400
2023-04-11,105.61349136376525,105.79190957241535,103.75992483847456,104.42403411865234,26311800
2023-04-12,105.64322684987418,105.81173083577598,103.42290967597877,103.72027587890625,24370300
2023-04-13,104.90973463774462,106.54523377059805,104.90973463774462,106.48576354980469,24843600
2023-04-14,105.95051585392284,107.98250090468606,105.90095229177238,107.91311645507812,26578000
2023-04-17,103.7401135343835,105.22692955632782,103.60133708165166,105.0385971069336,37571200
2023-04-18,105.55401174351294,105.6035752970704,103.15528397312728,103.58150482177734,26596400
2023-04-19,102.66961069827711,104.05730725261225,102.16409110128505,103.26433563232422,20905700
2023-04-20,102.99670263824548,105.31613193758433,102.95705330462381,104.36457061767578,27820800
2023-04-21,104.54299836188882,105.0683388461455,103.85906052869694,104.48352813720703,25800100
2023-04-24,104.56281265248298,105.69279222417367,103.77975530677848,105.0385971069336,23542800
2023-04-25,104.89983354732145,105.75227538154243,102.92731874642017,102.9372329711914,46664100
2023-04-26,103.99782596670221,105.41525758570141,101.72795253139088,102.7984619140625,53347600
2023-04-27,103.53196218207461,107.41751415837903,102.62996431134651,106.64436340332031,50089200
2023-04-28,106.09919436658583,106.40646726401752,104.16632896179492,106.39655303955078,36139800
2023-05-01,105.90093792848754,107.0408316423043,105.88111704371835,106.25777435302734,26681700
2023-05-02,106.19831315828286,106.25778337997941,102.79846017510972,104.3943099975586,30997200
2023-05-03,104.60246858657061,106.54524073699993,104.03747876508014,104.48352813720703,21795400
2023-05-04,104.5628157154331,104.67184949855658,103.05617876315749,103.76985168457031,23419500
2023-05-05,103.89871228613758,104.94939327912539,103.19495354910443,104.64212036132812,26639300
2023-05-08,104.25554463966958,107.0111092526405,104.2357237525446,106.8227767944336,26511400
2023-05-09,107.43733132783537,109.18186434483572,106.24788146671654,106.4064712524414,36360100
2023-05-10,107.02101664654327,111.94733485864512,106.98136731248631,110.76779174804688,63153400
2023-05-11,114.38571831983981,116.88356600068316,113.40442182690181,115.5454330444336,78900000
2023-05-12,115.65447372138091,116.99260675738344,115.08948388118702,116.47718048095703,41102300
2023-05-15,115.08947611768251,117.43864822230549,114.9903565591719,115.4859619140625,36266800
2023-05-16,115.46613413085095,119.68869389632489,115.40666390786913,118.4595947265625,45035600
2023-05-17,118.55871573573606,120.60060741468727,117.8450428018749,119.77790069580078,33323600
2023-05-18,119.88694605831367,122.22620420638853,119.7680055994092,121.75042724609375,35234200
2023-05-19,122.464079972312,124.8628079526781,121.07638353692812,121.68102264404297,41353400
2023-05-22,121.85944209965614,125.31876521794419,121.66119542840033,123.95089721679688,35253000
2023-05-23,123.06872361968306,123.53458629434267,121.13585822548262,121.48278045654297,34046300
2023-05-24,120.05544702738894,120.83850441605266,118.80651938298395,119.8373794555664,34182600
2023-05-25,123.42556694477331,124.21853861906426,120.8880696867836,122.39471435546875,42317000
2023-05-26,122.08742462698592,124.15905899914881,121.37375168657263,123.5147705078125,35635900
2023-05-30,124.53571707323403,124.5555455229917,120.92771057579567,122.5830307006836,35076700
2023-05-31,121.67111394373497,122.96959754632296,121.42331126767849,121.7900619506836,37325800
2023-06-01,121.74050008884288,123.32643572526102,121.54226097016722,122.6325912475586,30772700
2023-06-02,122.90021802977736,125.04123686671639,122.67224379356901,123.5742416381836,26980100
2023-06-05,122.92004436641427,126.30998323761919,122.75153279545627,124.9024658203125,32305500
2023-06-06,124.90246303081489,127.16241466547471,124.25817456021957,126.19103240966797,26638300
2023-06-07,125.85401440540102,127.90581253658962,121.04664438130212,121.42330169677734,52539000
2023-06-08,121.15569544544086,122.14690621299393,120.17439134067995,121.06648254394531,29389200
2023-06-09,121.17550631108766,122.67223656375475,120.83849830791537,121.15568542480469,23778300
2023-06-12,121.7107637315462,122.95969134096524,120.59069835405128,122.55329132080078,28306400
2023-06-13,123.8815090432205,124.05992726081115,122.09732686731414,122.74161529541016,22278300
2023-06-14,122.01804087999511,122.95969562270113,120.38254164252703,122.5830307006836,30592300
2023-06-15,122.05768176188316,124.35729022251407,121.32418798075481,123.99053955078125,35246300
2023-06-16,124.82317467353323,125.00159291763548,122.19646457627043,122.44426727294922,45535600
2023-06-20,121.84952426545516,123.47510910990492,121.06646695245337,122.01802825927734,26097500
2023-06-21,121.32419395167761,121.58191085699323,119.04440626489465,119.4904556274414,30306300
2023-06-22,118.94528872348243,122.15680940156187,117.78557397338955,122.0676040649414,26952200
2023-06-23,120.31315570854476,121.71076646804086,119.99596857737609,121.26471710205078,34913600
2023-06-26,119.69861683495303,120.92771609419343,117.23049652880282,117.29988098144531,33969900
2023-06-27,116.0509569547925,118.03337846384325,115.07956708792895,117.28997039794922,39535900
2023-06-28,116.0608579876023,119.33185634380241,115.82296953551025,119.12370300292969,27091400
2023-06-29,118.19195339247716,119.00474580650618,117.26022054275512,118.05318450927734,24090900
2023-06-30,119.11379660317279,120.0158020352129,118.63801966773421,118.6479263305664,29532200
2023-07-03,118.19195821631217,119.13361289055685,117.77565154972177,118.84616088867188,14467900
2023-07-05,118.1919601816183,121.53234291871821,118.18205351963279,120.67990112304688,27584800
2023-07-06,118.74705599266238,119.24266138902185,117.35935937038825,119.05432891845703,24745200
2023-07-07,119.04440879722722,119.98606354107629,118.35056430162291,118.42986297607422,21709500
2023-07-10,117.2602367523764,117.27014341516231,115.11921786589225,115.4264907836914,35315200
2023-07-11,115.26789264862505,116.67541002080333,114.33615217521867,116.11042022705078,23078800
2023-07-12,117.75584228302935,119.27239354834892,117.36927068843174,117.88469696044922,30404400
2023-07-13,119.86711735011022,123.73284082144414,119.39133285851337,123.44538879394531,44297900
2023-07-14,123.70309642753425,125.6656893475704,122.40460528869126,124.31764221191406,33283100
2023-07-17,124.83307552717416,125.9828759841853,123.1083634981514,123.55441284179688,25716200
2023-07-18,123.5048392260822,123.58413788902924,121.87925444735147,122.67222595214844,26193600
2023-07-19,123.50484670115512,124.07975069881186,120.72946139106028,120.95743560791016,37224000
2023-07-20,120.35280221161847,122.9993329839657,117.18093097461103,118.15231323242188,37906800
2023-07-21,119.55982794306409,119.9265710332931,117.68644047254966,118.96509552001953,72937900
2023-07-24,120.59070763979601,121.91892646074687,119.91668400402355,120.46184539794922,29686100
2023-07-25,120.29333663689901,122.06760477820553,119.95632105113091,121.1358642578125,52509600
2023-07-26,128.92677586226864,129.8287660545172,127.19215723342076,128.13380432128906,61682100
2023-07-27,130.5127174287312,132.0689255635858,127.6580256334022,128.26266479492188,44952100
2023-07-28,129.63053631303129,132.56452668916148,129.4223905323537,131.4147186279297,36591200
2023-07-31,131.56340397747383,132.35637563474472,130.62175675151056,131.55349731445312,28055500
2023-08-01,129.63053185009693,131.4642776626303,129.53140473197496,130.39376831054688,23166800
2023-08-02,128.3122125664853,128.94658676241383,126.43882508751874,127.25162506103516,26273300
2023-08-03,126.84524509282699,128.2527625895299,126.30007613731763,127.3210220336914,20089500
2023-08-04,128.143731241555,130.35412709457032,126.78577728304035,126.98401641845703,26147200
2023-08-07,128.0247975185182,130.45326108561633,127.88602860396051,130.37396240234375,22746300
2023-08-08,129.47194349388803,130.35412045755103,128.4014340675314,130.24508666992188,23535200
2023-08-09,130.50279169045498,130.87944143501775,127.86616785514812,128.52037048339844,24912900
2023-08-10,130.16580349118593,130.889383106786,128.31222909619765,128.5501251220703,20857800
2023-08-11,127.52918100734196,128.78800779260496,127.04348228626603,128.4212646484375,19591100
2023-08-14,128.25275374989084,130.21534672977936,127.82654040248093,130.1757049560547,24695600
2023-08-15,129.9477334332242,130.26491300365356,128.14372263533488,128.6393280029297,19770700
2023-08-16,127.56880950927734,129.13492417430865,126.7461104050344,127.56880950927734,25216100
2023-08-17,128.6591509873898,130.82990482519432,128.15362385412445,128.77809143066406,33446300
2023-08-18,127.38048074077112,128.1139820986366,125.26920468665479,126.33971405029297,30504800
2023-08-21,126.0621788706278,127.59855093945741,125.4476255056934,127.24171447753906,25248700
2023-08-22,127.3804753860569,129.13492247421263,127.19215806698841,127.94547271728516,22054900
2023-08-23,129.03580432978123,132.23742584663677,128.72853142638633,131.20655822753906,27819700
2023-08-24,132.77267495370916,133.07004119920114,128.43118221835817,128.6393280029297,28500700
2023-08-25,128.40142596774677,129.61070421801392,126.13156014533209,128.7384490966797,26762900
2023-08-28,130.15587147682967,131.3750563736932,128.99615680059247,129.85850524902344,20543300
2023-08-29,131.07772968682022,135.36967452936457,131.07772968682022,133.3872528076172,43075600
2023-08-30,133.59536176682397,135.08217764800216,132.89161071955,134.68569946289062,28315800
2023-08-31,134.81454720656896,136.78706173002197,134.59647966630084,134.97314453125,30053800
2023-09-01,136.25181824627185,136.25181824627185,133.66475792752385,134.46763610839844,21543700
2023-09-05,134.24958930429057,135.22097162539615,133.39714743586188,134.57669067382812,19403100
2023-09-06,134.824484524279,135.32999653967815,132.4951333142853,133.2781982421875,18684500
2023-09-07,132.4158618461236,134.388377002044,131.7814874686669,134.07118225097656,18844300
2023-09-08,133.7242392505445,135.45885797662925,133.66476902845534,135.1813201904297,23558300
2023-09-11,135.33991830158746,136.27165888953823,134.59651018881954,135.71658325195312,20763400
2023-09-12,135.06236368343136,135.66700281159663,134.00177610596597,134.15045166015625,18405500
2023-09-13,133.90265121619703,135.69674018178068,132.9709107286248,135.5084228515625,20749500
2023-09-14,136.3905946148167,137.48091727999335,135.04254749494362,136.88619995117188,24751000
2023-09-15,136.76724102714817,137.30250324708538,135.28042505459356,136.1923370361328,38919600
2023-09-18,135.40929606761446,137.9368864099472,135.40929606761446,136.9952392578125,21861300
2023-09-19,136.21217538464424,137.1934794427395,135.41920378337616,136.82672119140625,20353700
2023-09-20,136.86639614180442,136.86639614180442,132.44558909081576,132.56454467773438,29927500
2023-09-21,130.28472870460357,131.06777845392287,128.92677497016894,129.29351806640625,31503900
2023-09-22,129.61069078701092,130.86953246620288,128.46089800194463,129.1051788330078,26397300
2023-09-25,128.68890816561319,130.01712709218657,127.82655955465064,129.95765686035156,20094600
2023-09-26,128.62942178523338,129.21423249109523,126.10183137682498,127.43997192382812,25718700
2023-09-27,127.43996798020761,129.7494756200031,127.43996798020761,129.39263916015625,22746500
2023-09-28,128.6987879376221,132.12838346203904,128.64922437989011,131.14707946777344,22513100
2023-09-29,132.10856705829798,132.87180356786632,129.21423349403221,129.7098388671875,30859800
2023-10-02,130.05676271040824,133.2385405902459,130.01710581255713,132.99073791503906,22288000
2023-10-03,132.76277495232893,133.0799545386721,130.68122625412332,131.2660369873047,22989400
2023-10-04,131.6228674142173,134.37844718411898,131.36515806688755,134.0513458251953,26752300
2023-10-05,133.88284301757812,134.29914971685594,132.2770713207343,133.88284301757812,19832600
2023-10-06,132.832143768504,136.9456773507009,132.832143768504,136.3707733154297,27597600
2023-10-09,135.73639678634393,137.718818202532,134.41808472961787,137.20338439941406,19278100
2023-10-10,137.2826774721206,138.49195569665042,136.1229628059091,136.84654235839844,27786600
2023-10-11,137.36196541642576,139.86972699986873,137.36196541642576,139.3146514892578,25884300
2023-10-12,139.8102704594491,139.9787744613181,137.04478417224522,137.74855041503906,24765500
2023-10-13,138.15495992166953,138.7695057500951,135.4192085570894,136.1527099609375,23420500
2023-10-16,136.9556074099909,138.40278197009948,136.77719670891506,137.87744140625,28501900
2023-10-17,137.41152745778462,138.67035400381826,135.97426001796143,138.491943359375,23515800
2023-10-18,138.22433080496884,139.48317264449588,136.17253249534386,136.7474365234375,23375000
2023-10-19,137.2826534762789,138.43246127971992,136.1725025624307,136.53924560546875,26066000
2023-10-20,136.1229473743945,136.65819441940081,133.8927236249681,134.4081573486328,26335700
2023-10-23,133.8530881539799,136.4500705092504,132.77267210572043,135.30026245117188,26317900
2023-10-24,136.61856834068817,138.135119454478,136.21216833642438,137.58995056152344,44814300
2023-10-25,127.03356406868409,127.18223962045136,123.97071914254384,124.50597381591797,84366200
2023-10-26,122.18655016094156,123.23723873561569,120.20412859059402,121.20525360107422,57061100
2023-10-27,121.79996533864069,122.22618623249376,119.15343464446192,121.09620666503906,44566500
2023-10-30,122.12706032585909,124.29781401681586,121.67110434536504,123.36607360839844,28940100
2023-10-31,123.96081560140948,124.26809608033074,121.61165093298484,122.98943328857422,26292300
2023-11-01,122.9795062521491,125.37823423377263,122.63258403370556,125.33858489990234,30082400
2023-11-02,127.29127970850502,127.8463552955118,125.81437784316901,126.36945343017578,27124600
2023-11-03,126.8948073232597,128.39153014476756,126.73620996974631,127.96531677246094,26393100
2023-11-06,127.91572915468251,129.19438415583073,127.53906429208809,129.1051788330078,19052700
2023-11-07,129.56115358521535,130.75060336661838,128.73844691253734,129.81886291503906,29757300
2023-11-08,129.81888007898115,131.04798691958564,129.63054760646278,130.6812286376953,26425800
2023-11-09,130.80015934584054,131.38496997848083,128.92677188940007,129.09527587890625,23747800
2023-11-10,128.95653161924707,131.63279776446794,128.27259374470339,131.4246368408203,26913300
2023-11-13,130.62172799705198,131.42460614060172,130.09638760374972,130.9290008544922,18324800
2023-11-14,133.01058459495962,134.50730751347305,132.1482360069387,132.44558715820312,32395200
2023-11-15,133.68458551793623,133.84318286371249,132.3960236763613,133.43678283691406,23861500
2023-11-16,134.00175898157278,136.0139152227425,133.13941062812088,135.72645568847656,28013200
2023-11-17,134.8046807303289,134.86415096364382,132.47532909430868,134.12074279785156,37240600
2023-11-20,132.5149477380473,135.45884443455537,132.44555573609716,135.0524444580078,27815500
2023-11-21,135.09211259340776,135.9742895959558,134.76502634077858,135.76614379882812,22635300
2023-11-22,136.26172703194487,138.19458474282766,136.26172703194487,137.27276611328125,17813900
2023-11-24,136.8168204777558,136.91594760397751,134.79475717504624,135.4886016845703,12514300
2023-11-27,134.83437943600723,137.20337221294994,134.8046443273795,135.21104431152344,23436500
2023-11-28,134.88394378751974,136.0436584048626,134.22974114450358,135.9940948486328,18730000
2023-11-29,136.36083751133174,137.07449516587866,133.65482192151282,133.8035125732422,23967200
2023-11-30,133.8629822813629,134.35858753592206,130.12611442707868,131.36512756347656,38988300
2023-12-01,130.70103454589844,130.94883720390865,129.52149147382195,130.70103454589844,31442300
2023-12-04,128.73844341976016,128.88711896664887,126.7758430151211,128.13380432128906,36669900
2023-12-05,127.8166059548372,130.9785702409771,127.12276154831913,129.83868408203125,27384800
2023-12-06,130.28472982782802,130.68120803665548,128.73844363885704,128.87721252441406,23576200
2023-12-07,133.85306832170912,137.34213375268916,133.51606035882827,135.72645568847656,56767100
2023-12-08,133.02044779828168,135.20110790159669,132.85194382605943,133.8035125732422,32260100
2023-12-11,131.21647898449544,132.16803279885028,130.20543982265264,132.11846923828125,31138000
2023-12-12,130.6515040042986,131.8310473744394,130.10633499398003,131.3552703857422,29032800
2023-12-13,132.20769395702044,132.32663440647838,130.41360492921032,131.40481567382812,30104800
2023-12-14,132.20768021650815,132.5446882047304,128.55011052905618,130.78033447265625,38722400
2023-12-15,130.46314245666346,132.33653000234125,130.0270073455555,131.43453979492188,50847100
2023-12-18,131.46427872099582,135.94454015229283,131.26602448315583,134.60641479492188,32258000
2023-12-19,135.63726127584442,136.26172882321336,134.88394662917216,135.4489288330078,25476800
2023-12-20,137.74852139637935,140.45452176756532,136.85643801566755,137.12405395507812,49107200
2023-12-21,138.26400273042307,139.45345268951988,137.95671467148622,139.18582153320312,27488300
2023-12-22,139.53272605486842,140.74200424587772,139.4732558364047,140.24639892578125,26532200
2023-12-26,140.3455151877592,141.42593118854055,139.94903696948103,140.27613830566406,16780300
2023-12-27,140.34552403156647,140.83122273553664,138.6604688106895,139.13624572753906,19628600
2023-12-28,139.54262061197767,139.89945701648085,138.52167495111323,138.99745178222656,16045700
2023-12-29,138.40276427098348,139.12634389616656,137.56022906895078,138.4622344970703,18733000
2024-01-02,137.3322465738531,138.2243301608941,135.28043314911363,136.95558166503906,23711200
2024-01-03,136.04368487458785,138.40277146312937,135.87518085036012,137.69900512695312,24212100
2024-01-04,137.20337960162615,137.93688094484938,135.15158137245075,135.19122314453125,27137700
2024-01-05,135.54805692417742,135.9544569222083,133.9621138280285,134.53701782226562,22513900
2024-01-08,135.09209963177744,137.78819394542484,135.06236452075504,137.61968994140625,21404000
2024-01-09,137.28270282254584,140.24642871103555,136.93577297492843,139.71116638183594,24759600
2024-01-10,139.7606859248287,141.74310700177662,139.67148060628745,141.02943420410156,21320200
2024-01-11,142.2288024749598,143.94359243380748,139.40384645271845,140.83119201660156,24008700
2024-01-12,141.41605342795455,141.94139398064064,140.57353326075875,141.39622497558594,18785500
2024-01-16,140.7519416163136,143.08129317884888,140.20677262032902,141.23764038085938,22670500
2024-01-17,140.1076373156861,140.59332087480647,137.67915902138483,140.22657775878906,20968600
2024-01-18,140.80149369743117,142.9425126026269,140.74202347084398,142.2189178466797,25746400
2024-01-19,143.4678445948608,145.16280645077472,143.11100813182492,145.0934295654297,34271900
2024-01-22,145.80710794511032,147.0857631627537,144.55817271543333,144.7068634033203,32200400
2024-01-23,144.60773333501743,145.88638852663772,144.22116175386006,145.74761962890625,21636100
2024-01-24,147.2344232959612,148.53292195218594,146.79830331468807,147.3930206298828,25233500
2024-01-25,148.7510042615379,151.70480805664835,148.225648650222,150.53517150878906,29149100
2024-01-26,149.77193994469403,151.19927062056652,149.68271948865382,150.85235595703125,26115500
2024-01-29,150.72348371697814,152.42836718497855,150.0990161895496,152.16073608398438,27784300
2024-01-30,151.4570029311418,152.26978786685433,149.86115304703833,150.1287841796875,36331800
2024-01-31,142.35767251765228,142.7343374146145,138.64063248081334,138.86862182617188,71910000
2024-02-01,140.87088072545782,141.80262134151818,139.55256848408283,139.91932678222656,40466500
2024-02-02,138.03599811357188,141.3664667061821,135.30026199719302,141.1285858154297,62499600
2024-02-05,141.56473326856243,144.1914358303926,141.5250763668689,142.4171600341797,38505400
2024-02-06,143.3786346695141,144.08240098500607,141.93147538647906,142.83348083496094,29128200
2024-02-07,143.48766006197988,144.34010189614554,142.66495333978824,144.26080322265625,25208900
2024-02-08,144.54824955155473,145.0438548719161,143.8246700187359,144.62754821777344,22563800
2024-02-09,145.39076798904887,148.1265190084021,144.89516267391085,147.6903839111328,26829500
2024-02-12,147.11551446539002,148.02742664435084,146.07474003434774,146.23333740234375,21564100
2024-02-13,143.6462512860247,145.3808699923918,142.42706637302987,143.86431884765625,27837700
2024-02-14,144.79604121304055,145.2321762817776,142.82352674295169,144.6572723388672,22704200
2024-02-15,141.88191038487835,142.25857532101722,139.22547275543386,141.51516723632812,37590700
2024-02-16,141.73323445625792,141.93147358673406,138.9082776917751,139.28494262695312,31468900
2024-02-20,138.43249472896153,140.83122289008293,138.26399071915645,139.87965393066406,25144700
2024-02-21,140.20673565971813,141.43584224259257,139.44349926654036,141.2970733642578,23223300
2024-02-22,143.65616072853092,143.7255527379726,141.5448922041246,142.82354736328125,27191900
2024-02-23,142.40724256933106,143.40835995334845,142.16934655124388,142.6947021484375,19493800
2024-02-26,140.8907113971141,141.188077680813,136.18245980002686,136.3608856201172,53641800
2024-02-27,136.8069057229925,138.02609065509074,135.8850719026194,137.6593475341797,33099200
2024-02-28,136.68794956560583,136.796983347661,134.21984460085443,135.1813201904297,37328600
2024-02-29,136.0734054858856,137.63952022756177,135.20113521845195,137.2430419921875,42133000
2024-03-01,137.21328646339086,137.6494215802847,135.71656378920932,135.93463134765625,31151100
2024-03-04,134.46764221027212,134.46764221027212,130.75060222297805,132.17794799804688,55999400
2024-03-05,130.7208868800359,132.06893419092674,129.52151514124904,131.50393676757812,40194800
2024-03-06,131.94997037211849,132.4059339725702,129.6999328564518,130.24508666992188,35318600
2024-03-07,131.6228467340528,133.75395856347797,130.45322550531313,133.19888305664062,37738200
2024-03-08,133.03039878127268,136.87628613042892,132.82223787303235,134.2198486328125,39370400
2024-03-11,134.93350327450352,137.877399954622,134.93350327450352,136.4599609375,32437800
2024-03-12,135.8255882651414,138.1549392414249,135.8255882651414,137.2826690673828,27563400
2024-03-13,137.7782905156126,139.84991729704038,137.7683838532644,138.56134033203125,23347200
2024-03-14,139.9490536613269,142.3279535040784,139.22547402056372,141.84226989746094,42753400
2024-03-15,141.24752279739727,141.9215388042357,138.7992311922684,139.93911743164062,49475400
2024-03-18,147.3038223387608,150.81270155253688,145.87647651462308,146.38198852539062,69273700
2024-03-19,146.8577896722865,147.4822421656298,144.79606947876087,145.7377166748047,24070400
2024-03-20,146.6991920761811,147.55163393242162,145.45027196690233,147.4326934814453,21311500
2024-03-21,148.15624755525624,149.0483310331233,145.6088290884326,146.3026885986328,24755600
2024-03-22,147.80931767778344,150.2477023731003,147.67054880079294,149.44482421875,29211800
2024-03-25,148.62214484045748,149.05827999793414,146.5207828540801,148.75100708007812,19229300
2024-03-26,148.89967658168865,150.92173980939236,148.66178056238658,149.34571838378906,22149100
2024-03-27,149.85124877307598,150.3072124181122,147.5912892491233,149.54397583007812,22879200
2024-03-28,149.52414052577765,150.09902942352818,148.85010938322958,149.60342407226562,24485400
2024-04-01,149.3655526121771,154.3711700008442,149.28625393600836,154.1233673095703,31730800
2024-04-02,152.15082675469168,153.3402764470575,150.8126863978592,153.20150756835938,24586000
2024-04-03,152.24994430850546,153.7169316661934,151.38758085781012,153.55833435058594,24705000
2024-04-04,152.15083657251893,153.40967834779974,149.12764102936788,149.20693969726562,34724700
2024-04-05,148.7113757431507,152.07158021628857,148.28516229987144,151.15966796875,23459200
2024-04-08,151.43715468784103,153.90527453372857,151.26865070032358,153.4889678955078,20702000
2024-04-09,154.71809036518897,157.16638225469364,153.82600669377314,155.22361755371094,31079500
2024-04-10,154.83704643510924,155.23352470706243,153.32047998943062,154.7676544189453,22838600
2024-04-11,155.5308692093835,158.27651186403895,155.0848274346832,158.00889587402344,27166400
2024-04-12,156.57166307757163,158.8117940185791,155.75886296974886,156.3436737060547,25353700
2024-04-15,157.4637444709509,157.8404094057048,153.23127022277416,153.4989013671875,27136500
2024-04-16,152.83479243864417,154.28195170620987,152.0814625667883,153.04293823242188,20779500
2024-04-17,154.25220644098835,155.69938073798713,153.22135395349792,154.10353088378906,21763100
2024-04-18,153.97466932035476,155.5606125191913,153.26099639334586,154.63877868652344,19883000
2024-04-19,154.82711196963538,154.98570931530094,150.96139619825826,152.73565673828125,32615600
2024-04-22,152.95374648724382,156.25448048975585,152.70594377046075,154.90643310546875,26446200
2024-04-23,155.58044145804854,157.57276956282405,154.90641030278562,156.86900329589844,21151600
2024-04-24,156.10578401898567,158.16750416167633,155.7885893241061,157.7313690185547,22779100
2024-04-25,149.99993818483273,155.11458974754143,149.54397454371866,154.62889099121094,57109700
2024-04-26,172.83740297886922,173.17442610783888,168.1588873174152,170.4386749267578,64665300
2024-04-29,167.57409377755957,168.0597925096593,163.75794130995203,164.68966674804688,45610000
2024-04-30,164.15440172797688,166.62252177219705,161.17086301864083,161.34927368164062,33562900
2024-05-01,162.8559349699541,165.65114151829926,161.656563265471,162.4197998046875,33493200
2024-05-02,163.34160023066508,165.26455135719664,162.4495166743879,165.155517578125,24294500
2024-05-03,166.08727540907034,166.48376879475936,161.61692024874446,165.7700958251953,34662400
2024-05-06,165.98815382038057,166.6621698501134,164.5707146259979,166.62252807617188,21871300
2024-05-07,167.01899792747776,170.25033926742327,166.90996414876957,169.7448272705078,28039700
2024-05-08,167.51460097970468,168.65448718502228,167.25689165384944,167.89126586914062,19569100
2024-05-09,167.90118913341487,169.18976613945827,166.70181746537216,168.4661865234375,15346700
2024-05-10,166.5531482403928,168.35715914244224,164.72932401226194,167.16769409179688,29799900
2024-05-13,162.81625335334653,167.79213497268913,162.55854403329832,167.6533660888672,31327600
2024-05-14,168.2778370057792,169.74482453915033,167.31636146118933,168.8428192138672,25127100
2024-05-15,169.13027815806552,171.13251278258656,169.01132259521063,170.99374389648438,26948400
2024-05-16,171.7668862401435,173.5808035378088,171.17216892717605,172.64906311035156,27867900
2024-05-17,172.64909207464802,174.7207341676862,172.16340845627886,174.5125732421875,24479300
2024-05-20,174.6414258747219,177.19875144536334,174.53239208635316,175.36500549316406,22554400
2024-05-21,175.34518759904142,176.58420112115073,174.26477143768452,176.28684997558594,16989400
2024-05-22,175.08746704167487,175.5929790815051,173.67004292281268,174.8297576904297,17880000
2024-05-23,175.51367817186207,176.6832994864589,171.42987998310477,172.0246124267578,21024900
2024-05-24,173.44202828735197,174.22509313899903,172.12371636120923,173.4519500732422,16579400
2024-05-28,172.9167057345963,175.7119272031069,172.83740706265183,174.8495635986328,20572200
2024-05-29,173.88807266741404,175.2856832784532,173.18432159354813,174.35394287109375,23388700
2024-05-30,173.6601277568323,173.67995620758435,170.28009532573515,170.5972900390625,22931500
2024-05-31,170.34948191938355,171.53893180715215,167.95075369372532,170.98385620117188,37638900
2024-06-03,171.02348165926512,172.99599632951654,169.6556212249439,171.64794921875,27459100
2024-06-04,171.75698494771635,172.3219822936052,170.37920271129525,172.2624969482422,26879600
2024-06-05,173.66010997413338,175.09736245061762,172.4012681621193,173.86827087402344,22068500
2024-06-06,174.35395954744376,175.59297294708358,174.2052839893571,175.17666625976562,23251000
2024-06-07,175.493867979147,176.30665293703487,172.76803839075907,172.9266357421875,19661400
2024-06-10,173.63116539571132,175.70516949520822,171.4380692158863,173.6708526611328,23726700
2024-06-11,174.87163664223397,175.48688780612986,172.44038608531787,175.26856994628906,21540600
2024-06-12,176.8860828234983,179.0295587655737,174.76245808700693,176.42959594726562,27864700
2024-06-13,174.76244518542256,175.38762940788288,173.5418611176958,173.81971740722656,20913300
2024-06-14,172.886928506799,175.7051941501706,172.81745685502335,175.437255859375,18063600
2024-06-17,174.11745590855674,176.99526019491833,173.47242036710682,175.8838348388672,19618500
2024-06-18,175.78459187073935,176.03267896636487,172.76785945042823,173.75027465820312,21869900
2024-06-20,174.02812743639052,175.93343447480135,173.65104535533175,174.95101928710938,20160100
2024-06-21,175.6456729700876,179.46622050110986,175.25865768617388,178.25555419921875,57759000
2024-06-24,178.7814884925371,179.50589857307529,177.3028839492694,177.8486785888672,18298000
2024-06-25,178.24561193946573,182.87987707702328,178.04714529101605,182.6218719482422,23130200
2024-06-26,181.23257184786374,183.0981763241254,181.0837105201297,182.47300720214844,19839000
2024-06-27,182.77070317530075,184.6264047984624,182.61193895476885,183.99130249023438,18848900
2024-06-28,182.90963458847077,183.71343423893046,180.5676921399298,180.7562255859375,29156600
2024-07-01,181.6294852381344,182.47298724360064,179.9127271353494,181.5897979736328,16006100
2024-07-02,180.65702287018632,184.15009335463083,180.17076672022137,183.82261657714844,17372500
2024-07-03,183.43559898745033,184.666101253454,182.59209683114494,184.39817810058594,10242100
2024-07-05,184.43785005315465,189.3995914027585,184.37831157968466,189.14158630371094,20967500
2024-07-08,188.4469257746695,188.71486404073931,186.34315233953677,187.58358764648438,21035900
2024-07-09,188.85377567387948,189.89574426900023,187.2759457355136,187.53395080566406,15121400
2024-07-10,187.70266681734014,190.28277834321375,187.5835898719109,189.71713256835938,15952500
2024-07-11,188.39735066829172,189.39961710579536,183.66384453862594,184.1501007080078,25625800
2024-07-12,183.66381817797418,185.67828393880026,183.0783363373865,183.65390014648438,22898400
2024-07-15,183.50502571552826,186.79962897877238,183.50502571552826,185.1027069091797,16474000
2024-07-16,185.9263913901426,187.2362833659617,181.96691593885006,182.51271057128906,18290700
2024-07-17,181.56997921247492,182.14554307379208,178.52346250305996,179.63490295410156,20734100
2024-07-18,180.53793067512186,181.10357651103143,175.11971708479683,176.33038330078125,25315700
2024-07-19,177.511279614787,178.9104792954856,175.77466998349036,176.3006134033203,18881900
2024-07-22,179.2081844529357,181.30204007198228,178.85093844213043,180.27992248535156,24100300
2024-07-23,180.65702234023118,182.205083362309,180.15091498468195,180.3990020751953,36352700
2024-07-24,172.27166103830413,174.84183935353695,170.50528237716065,171.30908203125,49585200
2024-07-25,171.1999570513624,172.09306459024975,165.91073805088556,166.0000457763672,44852000
2024-07-26,165.8710141586151,166.80382399385917,162.8046615111257,165.72216796875,41336900
2024-07-29,167.53816257445885,169.12591074335177,166.70459365013758,168.23280334472656,20293800
2024-07-30,168.93739420618675,169.91980941464726,167.15116408802947,168.98699951171875,18959700
2024-07-31,171.91443658888358,172.91670298864665,168.7091404604878,170.22743225097656,25729100
2024-08-01,168.94729223504007,172.71821867309802,167.58777995648467,169.45338439941406,24531400
2024-08-02,165.1664630337912,167.22061625981866,163.41000220136607,165.38478088378906,29130100
2024-08-05,154.3101575722687,163.17182044634595,153.74451178437454,158.03146362304688,53630700
2024-08-06,158.11087775486118,159.3413952637539,155.2132221455675,157.07882690429688,49004600
2024-08-07,160.0161531809976,161.73291139086032,157.25742629410797,157.7238311767578,25138600
2024-08-08,159.28183313078614,162.43750885518617,158.98414073021175,160.7902069091797,25578800
2024-08-09,158.7856348991968,162.5367099988413,157.84290710869936,162.41763305664062,28602300
2024-08-12,163.09245277727376,163.638232240746,160.60164879815585,161.04820251464844,15895300
2024-08-13,162.15965411245918,163.46954611395418,161.72301839794923,162.90391540527344,18551700
2024-08-14,161.1573644799167,161.97109738750262,156.50326348113867,159.1428985595703,40591100
2024-08-15,159.2718838038978,160.40316012990777,158.38869452431135,160.06576538085938,31524300
2024-08-16,160.23446942114322,163.79699592189854,159.89707465805918,161.71307373046875,24208600
2024-08-19,164.01533548402497,165.4145503036196,163.0031359185699,165.3946990966797,22416200
2024-08-20,165.62293103111787,167.34962258490438,165.54355648931903,165.90078735351562,18341500
2024-08-21,163.886292052533,165.57329603286027,163.40996917699755,164.58094787597656,22902000
2024-08-22,165.98014699702406,166.30762370530235,162.06037481216822,162.546630859375,22493300
2024-08-23,163.45964509800748,164.90846541930796,162.57645554427228,164.35275268554688,13955700
2024-08-26,165.106913416324,166.26795909914733,163.20160651563705,164.8885955810547,14190400
2024-08-27,164.57106498154224,165.16648011438994,163.20163440324978,163.41993713378906,11821900
2024-08-28,163.77715768210635,164.33288545251102,160.2940205808296,161.6039276123047,16407400
2024-08-29,163.05273886524938,164.70004059767595,159.02380738480878,160.54209899902344,19699800
2024-08-30,161.37568835446018,162.40773914692483,160.45281163127092,162.1298828125,22123800
2024-09-03,160.48258445374879,160.61159459119546,155.28267338679814,156.15594482421875,38945300
2024-09-04,155.4612989897302,157.78339053713182,154.76665816042646,155.25289916992188,19353800
2024-09-05,155.10407049895832,158.22996215508203,154.78651171708566,156.03688049316406,18688700
2024-09-06,156.09640040925774,156.62234382988387,149.39804896411633,149.7652130126953,37912100
2024-09-09,151.54385960268255,152.4282209390493,146.2873778721235,147.7679443359375,39260500
2024-09-10,149.49690018583888,150.3117127852872,147.40026637370062,147.71824645996094,31118800
2024-09-11,148.97025775559644,150.54025030429756,146.5854677760219,150.20240783691406,29607700
2024-09-12,152.82570635319718,153.83924907315188,151.682982309114,153.71006774902344,29621500
2024-09-13,154.44537016884462,157.37669455144265,154.22677778049754,156.4625244140625,29591200
2024-09-16,156.31346693580858,157.2475146303272,155.60797314926953,157.0587158203125,18379800
2024-09-17,158.0126274199818,159.53293380012653,157.3766823666018,158.31072998046875,20715600
2024-09-18,158.84729370623916,159.4832387245749,157.59528121573842,158.797607421875,23677300
2024-09-19,162.67291544318158,162.7523953061902,160.31791891468873,161.11285400390625,26587700
2024-09-20,162.46423894374368,162.6927776644467,161.03335881701463,162.5536651611328,40896400
2024-09-23,163.3088698512438,164.4416474906759,160.64583942390462,160.82470703125,24150900
2024-09-24,161.9972194853163,162.18601827960998,159.67204679818846,161.26190185546875,23332100
2024-09-25,160.44711769027916,161.77862539142924,160.27819642927898,160.4669952392578,18869200
2024-09-26,162.6033661315293,163.0405812277503,161.2519809078131,161.69912719726562,20319300
2024-09-27,161.7786145898017,164.65030615932238,161.59976214731748,162.91139221191406,21101300
2024-09-30,162.28537567750828,165.09743429522993,162.22574304110324,164.79934692382812,20413900
2024-10-01,166.62772204069785,168.08841111718823,163.537422620915,165.93215942382812,28338100
2024-10-02,165.36574568962988,166.4587833748385,163.68644922877587,164.80929565429688,17760200
2024-10-03,163.3684842780683,165.5843532266716,162.88158291608877,164.80929565429688,15073100
2024-10-04,166.9953742029211,167.1642954706186,164.43171611961677,166.001708984375,19047400
2024-10-07,166.6574871003685,167.41266700614904,161.7189710718705,161.947509765625,22463100
2024-10-08,162.901468985077,163.68645779124333,161.8382399845631,163.33868408203125,23072700
2024-10-09,162.41456443992033,163.7957583809211,158.72807525360884,160.8346405029297,31181800
2024-10-10,159.8509116423071,162.03698715416354,159.38388779769477,161.05325317382812,14144100
2024-10-11,161.10291803821593,162.86169424502742,160.21855675772235,162.2058868408203,15344300
2024-10-14,162.60336327926677,165.17695235890986,162.36487818674945,163.91500854492188,19016100
2024-10-15,164.73971556910084,166.61774183416674,163.58707567908868,164.4118194580078,20247200
2024-10-16,163.48772512033995,164.74968410008972,162.70273632699872,164.11373901367188,16406000
2024-10-17,164.6801076327293,165.31605267037628,161.72892116495908,161.89784240722656,21453400
2024-10-18,162.1562268737477,163.66660222742627,162.04692309495266,162.384765625,19757700
2024-10-21,161.9177244301946,163.45790836208016,161.58981312891888,163.0306396484375,20946500
2024-10-22,161.9475365199372,164.71987068710104,161.9475365199372,164.09385681152344,16568100
2024-10-23,163.71624709624942,164.7695447784646,160.90417320390316,161.74879455566406,18280500
2024-10-24,161.79848222899673,162.29531475497333,159.9900045566217,161.68917846679688,22412500
2024-10-25,162.63316747166715,164.54100267206263,162.38475119304076,164.22303771972656,19828900
2024-10-28,167.68100328825437,167.68100328825437,162.91140727340738,165.6638641357422,32138600
2024-10-29,166.66744336321563,169.30066498158368,166.03149830422933,168.60508728027344,42169000
2024-10-30,179.53541113405987,180.86693395167478,172.95735272555387,173.35482788085938,68890800
2024-10-31,172.03325462883092,175.69988150851668,169.91674297844676,170.0260467529297,44769000
2024-11-01,168.99262234877236,171.22836871150324,167.81015851321018,170.2048797607422,31796500
2024-11-04,168.8535086611848,169.64844379948434,166.9456734265419,168.1678924560547,21492700
2024-11-05,168.35665448147515,169.44969205157926,167.7703957675669,168.66470336914062,18242100
2024-11-06,172.69899134986846,175.81909904785277,172.40088879790804,175.39181518554688,33695500
2024-11-07,176.2861274447148,179.93287650946746,176.06751991171046,179.60496520996094,25352900
2024-11-08,179.50561748102942,179.75403378817845,176.95190572784412,177.22019958496094,22006200
2024-11-11,177.44872793439595,179.40624953288767,177.33942415917616,179.20751953125,17450400
2024-11-12,178.6808819487348,181.33396618962504,178.25359803223796,180.46946716308594,25134900
2024-11-13,179.31680352847516,179.81363605883408,177.40895326922643,177.74681091308594,23184000
2024-11-14,177.15062051532624,177.68720818344102,173.21571503907634,174.4677276611328,31007500
2024-11-15,172.62944344024277,173.03684979342893,170.135349355116,171.39730834960938,32504600
2024-11-18,172.32140362031606,174.32861141194803,171.80469351153303,174.1894989013672,20135300
2024-11-19,172.61950254558704,177.73687175049812,172.46051249052883,176.9916229248047,23434900
2024-11-20,176.2165738071629,176.55441631876369,172.67912830422068,174.8651885986328,18997100
2024-11-21,172.79835394534456,173.0269078339117,162.6629730093742,166.56808471679688,59734400
2024-11-22,164.7993539822004,165.4054902668861,162.8616950123504,163.71624755859375,38604600
2024-11-25,165.03785161237923,167.5617697445597,164.56089655546532,166.5879669189453,33135300
2024-11-26,166.56807852805025,168.74420743105776,166.51839224272408,168.0486297607422,20486700
2024-11-27,167.9294049937709,168.40636000516253,166.95561742322607,168.15794372558594,19266500
2024-11-29,167.43256870496816,168.35666996658753,166.10106111500806,167.8797149658203,14257200
2024-12-02,167.7008703464783,170.98989954223964,167.50214035040204,170.4036407470703,23789100
2024-12-03,170.40363650165742,171.5860852555961,169.7676914327812,170.25457763671875,22248700
2024-12-04,170.0657630063179,173.8019532050098,169.9763367929556,173.26536560058594,31615100
2024-12-05,174.24912670582898,174.94468929994056,171.23832242107443,171.54635620117188,21356200
2024-12-06,170.9402105427862,173.97089221181594,170.77128929069295,173.60324096679688,21462400
2024-12-09,173.05610866341627,175.34414569527965,172.74770667593938,174.45877075195312,25389600
2024-12-10,181.8998876981403,185.3916437019826,180.10923775533584,184.20782470703125,54813000
2024-12-11,184.34712093414166,194.59360484337623,183.88951960925283,194.3846893310547,67894100
2024-12-12,193.9867519757691,194.16580938373951,190.71385396756912,190.96255493164062,34817500
2024-12-13,190.01749841639386,191.72856243728444,188.65462185235455,188.8336944580078,25143500
2024-12-16,191.8678225512729,197.96597529078676,191.6191215772895,195.6381378173828,44934900
2024-12-17,196.22506444695088,200.37339478634232,193.96685539925252,194.40457153320312,43504000
2024-12-18,194.2056051830061,195.97635478856293,186.7644767742897,187.42103576660156,34166100
2024-12-19,190.6343012164666,192.0270207873231,187.4011881174381,187.53050231933594,32265200
2024-12-20,184.8146696474835,191.88772607244653,184.25758188521124,190.41542053222656,63462900
2024-12-23,191.61914756204428,194.0862724877592,189.16198039152084,193.61871337890625,25675000
2024-12-24,193.82759815006608,195.09100341796875,192.7731083908338,195.09100341796875,10403300
2024-12-26,194.1359900072514,195.7276824419866,193.37000187433253,194.5836639404297,12046600
2024-12-27,193.93703071352402,194.30511850410315,189.6593706110804,191.75840759277344,18891400
2024-12-30,188.8137872976618,191.5494980812226,188.13731273783964,190.24630737304688,14264700
2024-12-31,190.08714080992223,190.96257314438756,187.53048736926948,188.31639099121094,17466900
2025-01-02,189.65937128935172,191.00236272405684,186.52574484771176,188.44570922851562,20370800
2025-01-03,190.37562593745199,192.20607673113864,188.9928490622425,190.79344177246094,18596200
2025-01-06,192.9720631324044,197.19003728298551,192.8427489428689,195.8470458984375,29563600
2025-01-07,196.085805432373,199.95559215597262,193.5888530048973,194.47422790527344,26487200
2025-01-08,191.5693958945213,195.27005246800397,191.3803807232366,192.9422149658203,24864800
2025-01-10,193.29041142782185,195.49887742154428,189.32113818407666,191.04214477539062,26665200
2025-01-13,189.08239884518588,190.18661668529174,186.38647339351533,190.0175018310547,21823700
2025-01-14,190.2462913969121,190.98243652196967,187.33150825894856,188.67449951171875,17174900
2025-01-15,192.0866958313472,195.33970907887064,190.86309119272985,194.53392028808594,21776000
2025-01-16,193.1312278332848,194.46426141133438,191.8081368295779,191.90762329101562,17815400
2025-01-17,195.508827543568,196.20518730281572,192.74327365719543,194.98158264160156,27735100
2025-01-21,198.03563938794179,201.23889429991502,196.8418624454126,197.02093505859375,29971300
2025-01-22,198.02565047854944,199.43827011349632,196.50360181373688,197.3392333984375,26200600
2025-01-23,197.11045095911172,199.25923110054313,194.18572496319172,196.95127868652344,26951400
2025-01-24,197.07067128135972,199.85611023612495,196.97118481318788,199.16970825195312,23877500
2025-01-27,191.41022766272687,195.85700244066396,189.73894916830926,190.81333923339844,41728900
2025-01-28,191.7484490804529,194.4642594397363,189.6891977496922,194.2852020263672,24157900
2025-01-29,194.54385257803781,195.7674571519655,192.4249153665142,194.39463806152344,18218300
2025-01-30,196.97116592435128,200.35349300478669,196.64287882627042,199.8262481689453,24354700
2025-01-31,200.95040684244714,204.41232049224394,200.75144907949408,202.9599151611328,32001100
2025-02-03,199.64721499071638,202.69131276848185,199.0602842802592,200.1844024658203,27838300
2025-02-04,202.33316333940303,205.9741492335506,201.75617525949693,205.30763244628906,43856400
2025-02-05,190.0772023789456,191.74846576717462,187.05298980095407,190.33584594726562,70373900
2025-02-06,188.5153520057582,191.10184839531686,187.73940612479137,190.6044464111328,29297400
2025-02-07,190.05730586169955,190.18662005870158,182.2878891065967,184.37696838378906,49315000
2025-02-10,186.37653098919859,187.22210526115876,184.8942676002274,185.5010986328125,23105600
2025-02-11,184.0685692836796,185.96864842614565,183.3224663388948,184.35707092285156,21239500
2025-02-12,182.26797191010567,184.14815067534644,180.88519509524076,182.65594482421875,22072600
2025-02-13,183.36227049888035,185.3120777313061,182.18839394998832,185.1728057861328,21402500
2025-02-14,184.0984174978102,185.43145115453234,183.36227228593566,184.2675323486328,20448400
2025-02-18,184.63561754552705,184.99374757151398,180.79567372558517,182.81512451171875,29916700
2025-02-19,183.11355043751632,184.496327170372,182.63603366423376,184.30731201171875,19549400
2025-02-20,183.839756315763,184.34710081960932,181.77056246596453,183.6009979248047,20441500
2025-02-21,184.18795032658747,184.37696551099646,178.14949807767616,178.7264862060547,35199200
2025-02-24,181.04437173412518,182.16848984705686,177.96047349552646,178.318603515625,29854200
2025-02-25,177.11488051844918,177.81125539535978,173.7822965453186,174.5084991455078,41913400
2025-02-26,174.16032642215686,175.16507289862997,170.68845533929954,171.8324737548828,35431300
2025-02-27,173.08594510447406,173.65297546387492,167.06737815788244,167.6244659423828,39991000
2025-02-28,167.80351036476668,169.7234897370402,165.90344649975822,169.39520263671875,48130600
2025-03-03,171.03664581195866,172.46916601222185,165.0678217638651,166.1422119140625,40770500
2025-03-04,165.3762007856933,172.3895559244155,164.9384846542463,170.03187561035156,45388000
2025-03-05,169.63396197807168,172.87701716435777,168.18154163334694,172.1209716796875,30954900
2025-03-06,169.6439021909127,173.9016615264532,169.6140592892689,171.45445251464844,28302000
2025-03-07,170.3701228624436,174.06085227932917,169.38527664457013,172.9566192626953,27385800
2025-03-10,167.57848498247546,167.77768707285077,163.02700292073365,165.1981658935547,43604000
2025-03-11,164.24206639490993,166.074610170201,160.71639599552714,163.37557983398438,39587400
2025-03-12,165.9052839213103,166.96098805134596,162.86763464348198,166.43313598632812,28372400
2025-03-13,165.36748287025196,165.45712989370372,161.4534078114044,162.10076904296875,31756200
2025-03-14,162.60870791000892,165.81566708355933,161.79202188086273,164.81971740722656,31995900
2025-03-17,164.36156568984055,165.6264259709924,163.00707358955603,163.6245574951172,31184300
2025-03-18,163.01701346080097,163.58471199332098,156.08521317066442,160.0192108154297,42074800
2025-03-19,161.10480349722013,165.19815700358515,160.3478872642785,163.22618103027344,34275600
2025-03-20,160.91559589904986,164.22214090970084,160.30806599087495,162.14060974121094,28138500
2025-03-21,160.55705156299513,163.57477782056455,160.2383403768693,163.32579040527344,36625800
2025-03-24,166.39329409591747,167.63823099962073,164.47110361416807,167.0008087158203,30879100
2025-03-25,168.2955839776117,169.93891017820465,167.63826869436164,169.8691864013672,24174400
2025-03-26,168.31547745607713,168.92300730211159,164.17232359449744,164.3914337158203,28901600
2025-03-27,163.96318944763343,164.74998295425303,161.3438371056606,161.58287048339844,24508300
2025-03-28,159.83993199282042,161.16454657908614,153.00771818822932,153.7048797607422,48669300
2025-03-31,152.48983972652445,154.9099898943082,150.0497663121255,154.01364135742188,54603500
2025-04-01,152.99776917438965,157.45963422172338,152.99776917438965,156.43380737304688,30672900
2025-04-02,154.52157130636616,157.7683766642482,154.07339703462338,156.40391540527344,25041700
2025-04-03,150.49796262916686,152.16119683607278,149.78087761580798,150.1095428466797,46883400
2025-04-04,147.41049617328275,150.45811474262314,144.79115903527634,145.01026916503906,62259500
2025-04-07,140.9766740613606,152.23090799124293,139.96080117715204,146.15560913085938,76794100
2025-04-08,150.607486686428,151.6233594456178,142.45065773722263,144.1138916015625,52200200
2025-04-09,143.8350407612742,158.90376321404577,143.32711193141117,158.06716918945312,70406200
2025-04-10,155.90596893520956,157.08119755588638,149.32274040564454,152.2010498046875,48022000
2025-04-11,152.28069286385934,157.03137687020202,152.2010302665367,156.50352478027344,33636200
2025-04-14,159.35194610703772,161.06498074344722,156.92182649738766,158.42572021484375,30333000
2025-04-15,158.48548058954378,159.00336349160088,154.58135959003184,155.67689514160156,27551500
2025-04-16,152.47988970477897,155.25858239966342,150.89631829246227,152.70895385742188,28187400
2025-04-17,153.66505665607545,154.0534763910807,147.8985151753075,150.54774475097656,33046600
2025-04-21,148.2769899279801,148.346698501599,145.50825109483685,147.07188415527344,26049100
2025-04-22,148.2869392297591,151.5735760354548,147.93835078181212,150.8564910888672,26971800
2025-04-23,154.9797361333446,156.8919577671247,153.18702360261742,154.72079467773438,31128800
2025-04-24,155.51754490565963,158.94361442258594,155.1590023934932,158.63487243652344,45894000
2025-04-25,164.40140465983956,165.4272315126956,160.3877138664607,161.3040008544922,56034000
2025-04-28,161.7720931027873,162.48917806099573,157.9576193461597,159.95947265625,29745800
2025-04-29,159.6706470871033,160.088944095257,156.88198516909392,159.51129150390625,26809000
2025-04-30,157.34012853089786,158.62491214751483,154.7705764946502,158.1568145751953,34981100
2025-05-01,159.80013463025725,161.29405925789504,158.26637869922348,160.64669799804688,30203200
2025-05-02,162.7481319399907,164.3018109241553,161.21436100650547,163.36561584472656,25715000
2025-05-05,162.33980079480253,164.72011996544808,162.06093609508568,163.54490661621094,21341800
2025-05-06,161.51315867988768,164.13251121588542,160.5371322432176,162.56886291503906,21277200
2025-05-07,163.41541831659652,164.33169015930102,147.24119073545722,150.76686096191406,127490100
2025-05-08,154.37219053033292,155.29841637896206,152.28069025725696,153.6551055908203,57498700
2025-05-09,153.5455484927057,154.42198900650553,151.58352655875794,152.1313018798828,32435300
2025-05-12,156.85211913184455,158.45559870977985,155.61713606908535,157.8181915283203,44138800
2025-05-13,158.1468266808066,159.919630909492,155.52748962665564,158.8838348388672,42382100
2025-05-14,159.3121190412647,166.32359816964652,158.9635305710967,164.7001953125,48755900
2025-05-15,165.16827329805872,165.53678497348048,161.71232706903228,163.2958984375,33146700
2025-05-16,167.05061660833445,168.66406524073284,164.94916241420358,165.51686096191406,42846900
2025-05-19,163.84368649742183,165.9650643097772,163.55486775907139,165.86546325683594,30426100
2025-05-20,165.75590012466307,167.817523283891,162.24019892385144,163.31582641601562,46607700
2025-05-21,163.02701835873927,172.43874053476267,162.8975400271314,167.87728881835938,73416000
2025-05-22,171.15394376538748,176.05401394301808,170.0185618363875,170.1779022216797,74864400
2025-05-23,168.37525009523515,169.27161392343552,167.20999079586213,167.7876434326172,35211400
2025-05-27,169.47079940418584,172.46860243837372,169.3114438097941,172.19969177246094,37995700
2025-05-28,172.45864324425892,174.56009759174123,171.21370619473115,171.66188049316406,34784000
2025-05-29,173.29524158580244,173.71353862116436,169.93889608019336,171.16390991210938,29317300
2025-05-30,170.6559680857075,171.5124853397844,166.76180154699824,171.0443878173828,52639900
2025-06-02,167.16018492149544,169.18196148692468,166.7120106202351,168.34536743164062,38612300
2025-06-03,166.8116037120677,167.79758408844376,164.61054841286258,165.50689697265625,45084900
2025-06-04,166.06463226073475,167.53863332913048,165.68616657138267,167.36932373046875,26900800
2025-06-05,169.65006425936653,170.23767092126516,166.9112026488037,167.52870178222656,36379100
2025-06-06,170.13806952300837,173.79320267833577,170.13806952300837,172.9765167236328,35731800
2025-06-09,174.04348698482235,175.96800471005412,173.87397240224888,175.58908081054688,28935900
2025-06-10,175.6987675223273,180.5948038838724,174.41244383100403,178.09194946289062,61766100
2025-06-11,179.2586188457646,179.8569029175766,176.24720547354727,176.8455047607422,31646800
2025-06-12,175.6788103288989,176.21728270194464,174.25288557862032,175.20018005371094,20941900
2025-06-13,171.9494740114175,176.6261351195968,171.8996131999643,174.17312622070312,27663100
2025-06-16,174.23294549738824,176.43666545813562,174.15317124562452,176.26715087890625,27389200
2025-06-17,175.2002045527736,176.8554862045177,174.08339534937244,175.44949340820312,24973000
2025-06-18,175.50931582595604,176.0577543370001,172.70731159680278,172.8269805908203,28707500
2025-06-20,173.45517315134433,173.8440631360939,164.98933381824614,166.1659698486328,75659900
2025-06-23,165.7970377232315,166.86398612208345,161.53917977382372,164.72010803222656,57671000
2025-06-24,166.44516047022438,167.7414654003419,165.65741447979076,166.29559326171875,40524300
2025-06-25,167.15316152434053,171.86970222006798,167.07338726794845,170.19447326660156,35479000
2025-06-26,171.9394978428303,173.19592338119924,169.4565906415466,173.0463409423828,31796700
2025-06-27,173.046329910377,178.17170771682706,171.241481190895,178.0221405029297,108140200
2025-06-30,180.265759020371,180.71447592478233,174.08339834249907,175.72869873046875,63378900
2025-07-01,175.24009156508697,175.58908681807281,173.0363714854685,175.3397979736328,35904500
2025-07-02,175.04063318866915,178.35119606008848,174.5719841997796,178.13182067871094,29128900
2025-07-03,177.9922335542414,179.15890351135596,176.54636131074304,179.01930236816406,21689700
2025-07-07,178.5506411042797,178.78996387462078,175.18025102838192,176.28709411621094,34175600
2025-07-08,177.3440914457585,177.44379785510552,172.3184197808512,173.864013671875,40442500
2025-07-09,174.75147104078385,178.92955429499338,172.27853009035698,176.11756896972656,43025600
2025-07-10,175.1303863111691,177.92240891673904,173.8839422139032,177.11471557617188,29252400
2025-07-11,176.2870917998284,180.91389212460822,175.97797606848104,179.67742919921875,34282900
2025-07-14,180.4950948080724,183.147531843333,179.1688762904421,181.0435333251953,32536600
2025-07-15,182.28996266650833,183.69595532751242,181.08341324296114,181.48226928710938,33448300
2025-07-16,182.71874486155866,183.80564050002502,181.51218023918355,182.4495086669922,33104200
2025-07-17,181.62187886390834,183.53641535247564,179.96659729454643,183.0577850341797,31992600
2025-07-18,184.87259850820493,185.88970124039062,183.1874187229756,184.5335693359375,34014500
2025-07-21,185.720180506412,189.74868135121883,185.62045888710102,189.55923461914062,45803100
2025-07-22,190.9552485801447,191.10481579575136,186.9267476808465,190.7957000732422,44660200
2025-07-23,190.95524958744798,191.9823183810532,188.64184187130752,189.68885803222656,58681900
2025-07-24,196.46952792005337,197.3869090653604,190.45668205461735,191.62335205078125,74881700
2025-07-25,191.43389443706346,193.77721577448722,190.71594131306063,192.63047790527344,39785900
2025-07-28,193.0991291078416,193.49800038051387,190.29712498462092,192.0321807861328,38139500
2025-07-29,191.88259792418754,195.36267559548023,191.53360267868564,195.1931610107422,41389200
2025-07-30,195.04360005779435,197.0379108346005,194.13618500265545,195.970947265625,32445400
2025-07-31,195.15328548422434,195.43248777249184,190.54641729704366,191.35411071777344,51329200
2025-08-01,188.49227361862017,190.2871562824159,187.28572417197353,188.5919952392578,34832200
2025-08-04,189.7486955367273,194.7145404143055,189.57918094353215,194.4851837158203,31547400
2025-08-05,194.1561209300893,197.2971541323202,193.33844625639603,194.11622619628906,31602300
2025-08-06,193.94670749735778,196.07065317332066,193.11906676548202,195.5321807861328,21562900
2025-08-07,196.49944049707085,196.97807082829456,193.77721051804474,195.9609832763672,26321800
2025-08-08,196.65896623314958,202.03363260270996,196.60910542589713,200.84701538085938,39161800
2025-08-11,200.36839577051538,200.90685295750995,198.50372015999918,200.42822265625,25832400
2025-08-12,200.7971688962253,203.9182700251912,200.01938893683175,202.76156616210938,30397900
2025-08-13,203.5493232968563,203.94817934449617,196.94814463612107,201.385498046875,28342900
2025-08-14,200.92679533252792,203.85843438375156,200.65755913802832,202.36270141601562,25230400
2025-08-15,203.270115954676,205.85274455493158,200.70741950553764,203.31996154785156,34931400
2025-08-18,203.61911775674488,204.68608127587706,201.91399064284568,202.92111206054688,18526600
2025-08-19,202.45245084896237,202.86128819689205,199.39119181596234,200.99661254882812,24240200
2025-08-20,200.15898342104597,200.70742189093835,196.04074228977996,198.7530059814453,28955500
2025-08-21,199.18177795410156,201.9040077554449,198.86268094385764,199.18177795410156,19774600
2025-08-22,202.15329588435108,207.9467659198768,200.7273710651735,205.5037384033203,42827000
2025-08-25,205.84278916147125,209.9211664546662,204.69606649727584,207.89694213867188,29928900
2025-08-26,206.91969332896332,207.258737698756,205.11484464858782,206.55075073242188,28464100
2025-08-27,205.11485047791405,208.31572581537765,205.0649896678173,206.88978576660156,23022900
2025-08-28,206.66043741838072,211.61630051242363,206.31142697470574,211.03794860839844,32339300
2025-08-29,209.91118489504095,214.03940778242327,209.60206914501953,212.3043670654297,39728400
2025-09-02,207.84705371453168,211.07782715720617,205.61342035910417,210.748779296875,47523000
2025-09-03,225.5665071716633,230.6519900738744,224.1505332557257,230.00384521484375,103336100
2025-09-04,228.996719869086,231.70898363627637,225.46679662750995,231.63919067382812,51684200
2025-09-05,231.53947436612376,235.08934505645462,231.24032471140728,234.33151245117188,46588900
2025-09-08,235.01017746372742,237.66498669397225,233.21368944217105,233.5829620361328,32474700
2025-09-09,233.71268917705035,240.00038899582756,232.77452245999913,239.1620330810547,38061000
2025-09-10,238.4334648921733,241.1880848518513,237.38552753776509,238.70294189453125,35141100
2025-09-11,239.41155563146188,241.77692250779666,235.78863959738683,239.9005889892578,30599300
2025-09-12,239.90060472674395,241.60727216892423,237.53523769524105,240.32977294921875,26771600
2025-09-15,244.18224230445617,251.91710844331666,244.18224230445617,251.11866760253906,58383800
2025-09-16,251.58774200911427,252.54585880051692,248.98283818718852,250.66954040527344,34109700
2025-09-17,250.72942686827483,251.10868968975305,245.7990711050268,249.042724609375,34108000
2025-09-18,251.18851917528045,253.49402106561863,249.31220074129322,251.537841796875,31239500
2025-09-19,252.75544937708653,255.50007913340238,251.3182589953225,254.2225799560547,55571400
2025-09-22,253.93314887572123,255.28051872493555,249.81122418035432,252.036865234375,32290500
2025-09-23,252.54585863312587,253.8632882566711,249.9908602190898,251.16856384277344,26628000
2025-09-24,251.16857220037895,251.85722723296598,245.95876438662486,246.6573944091797,28201000
2025-09-25,243.92272782855147,246.0086580355356,240.26988667693965,245.3100128173828,31020400
2025-09-26,246.58752699597628,248.93292875938775,245.4896689933639,246.0585479736328,18503200
2025-09-29,247.3659922504587,250.65953566268354,242.295910900337,243.5734100341797,32505800
2025-09-30,242.33584768941728,242.8149061000678,238.78280195485732,242.6252899169922,34724300
2025-10-01,240.2798631456683,245.81902814560354,238.1440427490887,244.4217529296875,31658200
2025-10-02,244.6712510924991,246.32801300536266,241.82682587144092,245.210205078125,25483300
2025-10-03,244.0125741538274,245.8190372139174,241.18809864914257,244.8708953857422,30249600
2025-10-06,244.30198799944458,250.82922509816828,244.10238160883648,249.94094848632812,28894700
2025-10-07,247.78518329877946,249.95094390133718,245.04055349112926,245.2800750732422,23181300
2025-10-08,244.4816510919942,245.52958847857047,243.3438778825467,244.14230346679688,21307100
2025-10-09,243.99259549865826,244.28202248032238,238.68297718710045,241.05833435058594,27892100
2025-10-10,240.9585114020794,243.61332042411627,235.37943159764913,236.10801696777344,33180300
2025-10-13,239.74092459803205,244.02254038501275,239.2419009980627,243.6732177734375,24995000
2025-10-14,240.75892736637323,246.63742490132327,240.04033214741565,244.97068786621094,22111600
2025-10-15,246.76716258187247,251.61767243328853,245.5096286311317,250.53977966308594,27007700
2025-10-16,251.27835582828322,256.4582081692579,249.61161877856424,250.96896362304688,27997200
2025-10-17,250.27031046967195,253.72356048353365,247.32607427452788,252.80535888671875,29671600
2025-10-20,254.19265795496185,256.82748687148535,253.73354951664797,256.04901123046875,22350200
2025-10-21,254.2425576881656,254.3822836916651,243.67322591369708,249.97091674804688,47312100
2025-10-22,253.87326076642051,255.85936494298178,248.8031791754094,251.19850158691406,35029400
2025-10-23,252.48597410141812,254.54194887812838,251.35819113136333,252.58578491210938,19901400
2025-10-24,256.07894057309267,261.16898745224296,254.82142179583195,259.4124450683594,28655100
2025-10-27,264.30287916974333,269.61249783187736,263.76392512831256,268.7441711425781,35235200
2025-10-28,269.1633281612099,270.2013056862688,265.9795554362353,266.9476623535156,29738600
2025-10-29,267.22712459889897,274.80229881772505,267.14729422835535,274.0338134765625,43580300
2025-10-30,291.02057063774566,291.02057063774566,279.5130879862653,280.9303283691406,74876000
2025-10-31,282.6569440736325,285.44150434001006,276.48901957648127,280.6408996582031,39267900
2025-11-03,281.6289230119746,284.972386884343,279.2535660437013,283.1659240722656,29786000
2025-11-04,276.20955057551157,280.7207127582489,275.72051721535576,276.9980163574219,30078400
2025-11-05,278.32544209852534,285.8607173914154,276.79843096748175,283.75482177734375,31010300
2025-11-06,284.772762601716,287.78688430464956,280.59097331869594,284.19390869140625,37173600
2025-11-07,282.6569436244069,283.225837847663,274.65261591386644,278.2854919433594,34479600
2025-11-10,283.8645774088431,290.2320924976737,282.30759586857965,289.5334777832031,29557300
2025-11-11,287.18807388729897,291.34994399814246,286.75892091303916,290.7411193847656,19842100
2025-11-12,291.11038092678234,291.43975353768866,283.1359940674285,286.15008544921875,24829900
2025-11-13,281.7886586854728,282.2876823136169,276.69861158680555,278.0260314941406,29494000
2025-11-14,270.8799731285475,278.01600396166356,270.1713681999226,275.8702087402344,31647200
2025-11-17,285.2219350622342,293.3759943011471,283.01625922074476,284.4634094238281,52670200
2025-11-18,287.3577289930973,288.23598483976616,277.65671014644306,283.7248229980469,49158700
2025-11-19,286.5992292728396,303.21670857801746,286.07026549054086,292.2381896972656,68198900
2025-11-20,303.94529376978943,305.8216273232207,288.1062900504894,288.884765625,62025200
2025-11-21,295.84113571634185,303.32648898994427,293.2761473513388,299.0747985839844,74137700
2025-11-24,310.52242205466104,318.85612204740676,308.9954110970811,317.9578552246094,85165100
2025-11-25,325.5729598317621,328.187838552192,317.0296784660599,322.8083801269531,88632100
2025-11-26,320.053780820363,323.86632857763385,316.1713929045335,319.3252258300781,51373400
2025-11-28,322.73852157316225,326.2117368304371,316.1713843298485,319.55474853515625,26018600
2025-12-01,317.0796263275952,319.2254218425781,313.27706870792247,314.2751159667969,41183000
2025-12-02,316.1214443613123,317.75825630619534,313.29698432996054,315.1932678222656,35854700
2025-12-03,315.2731421058358,320.9520026070636,313.4866291038915,319.0058288574219,41838300
2025-12-04,321.6007694211511,321.73048997615604,314.0854750084747,316.999755859375,31240900
2025-12-05,318.8661162174194,322.5289631420099,318.5467642354111,320.64263916015625,28851700
2025-12-08,319.63392187795114,320.02342950621124,310.8154143139121,313.3121643066406,33909400
2025-12-09,311.96391713296777,317.57660631064704,311.4945269093235,316.66778564453125,30194000
2025-12-10,315.4194206321133,320.8923078304596,314.27092168020465,319.7937316894531,33428900
2025-12-11,319.66391441105065,320.70257104825845,308.19885677560706,312.02386474609375,42353700
2025-12-12,313.29221022339095,314.46067218572114,305.1627773855729,308.887939453125,35940200
2025-12-15,310.91531224146183,311.0151883437652,304.4836813703359,307.8193359375,29151900
2025-12-16,304.55358908476643,310.3660001485481,302.1966411442108,306.1714782714844,30585000
2025-12-17,307.60959033164653,307.6894729197007,295.7350329501308,296.3342590332031,43930400
2025-12-18,301.32777470817274,303.56485302569047,298.8410213827925,302.0668029785156,33518000
2025-12-19,301.33777770154796,306.85059101726483,300.5787559089981,306.7607116699219,59943200
2025-12-22,309.4771954426739,309.7268704705607,304.90313186415943,309.3773193359375,26429900
2025-12-23,309.2274800840275,314.5305745464577,308.91788552805923,313.94134521484375,25478700
2025-12-24,314.360779810128,314.67037436380235,311.5145092668577,313.6816711425781,10097400
2025-12-26,314.0712183432231,314.6804107746781,311.8740659325972,313.10247802734375,10899000
2025-12-29,310.9652491009125,313.6117983030154,310.2162240166622,313.15240478515625,19621800
2025-12-30,312.09376543928346,316.5379928503015,312.0538089034933,313.4420166015625,17380900
2025-12-31,312.4433102220648,314.17104176667254,311.03513952358344,312.5931091308594,16377700
2026-01-02,316.4880203907529,322.0807464242433,309.9265541489014,314.74029541015625,32009400
2026-01-05,317.2470486555906,318.60526603903236,314.2209888461081,316.1285095214844,30195600
2026-01-06,315.9886856047422,320.5227923064431,311.3746963103618,313.9313659667969,31212100
2026-01-07,313.9513421990662,325.72602466406613,313.78158025326775,321.56146240234375,35104400
2026-01-08,328.54234711069296,329.8905982345552,321.08205673508803,325.0169372558594,31896100
2026-01-09,326.6647962522232,330.3999246926398,325.37646465172014,328.14288330078125,26214200
2026-01-12,325.37646891287716,333.6057781716088,324.5775210522192,331.4285888671875,33923900
2026-01-13,334.5145706345901,340.04734658205444,333.18628259299794,335.5332336425781,33517600
2026-01-14,334.62442706687915,336.08252056576845,330.05039437456895,335.4034118652344,28525600
2026-01-15,337.2110766328429,337.25103316994193,330.3100554080323,332.347412109375,28442400
2026-01-16,333.97528525413946,334.2149635116852,327.27401649506595,329.5710144042969,40341600
2026-01-20,320.4528849486331,327.30398324237245,320.01345448184367,321.5814208984375,35361000
2026-01-21,320.50283121296127,332.0478012719212,318.9348648307384,327.953125,35386600
2026-01-22,334.0152109953496,334.7142826747097,328.3226090802118,330.11029052734375,26253600
2026-01-23,332.05776231305794,333.2562145369407,327.0243361197249,327.5036926269531,27280000
2026-01-26,327.3838548641184,335.4034148973675,326.5749102768944,332.8267822265625,26042100
2026-01-27,334.93402312381306,337.4707297257924,333.04649592160257,334.1150817871094,21636200
2026-01-28,335.6231039588608,337.10119086219134,331.5084650266126,335.57318115234375,27434400
2026-01-29,339.857625711299,341.8450595994438,326.11553330804276,337.810302734375,39785600
2026-01-30,339.5580079569619,339.5580079569619,331.8580393103398,337.56060791015625,31024000
2026-02-02,335.7829045969607,344.38169669555197,335.193675272949,343.2431945800781,32006100
2026-02-03,346.8884575284791,348.5463032010534,337.0312933144156,339.26837158203125,36506700
2026-02-04,342.51417399710857,342.8637251238478,328.0929422734009,332.6070861816406,70618400
2026-02-05,311.81413592946416,332.2575275064077,306.06161379445837,330.81939697265625,88205800
2026-02-06,326.75466854448496,329.95052083207565,319.50412705068965,322.4402770996094,56380500
2026-02-09,320.5127991892576,327.2740180221729,316.84758707958963,323.8984069824219,39640100
2026-02-10,320.5527401483992,321.25184233940706,314.2009923012897,318.16583251953125,39170000
2026-02-11,318.5553213774315,320.6426005966259,309.25742736560915,310.55572509765625,45406400
2026-02-12,311.684307255737,315.82890653132813,306.80067966689137,308.59832763671875,47761300
2026-02-13,307.32996759040856,308.2287915112591,303.31517401115394,305.32257080078125,38499700
2026-02-17,299.6499434457439,304.0442171582303,295.86486207725466,301.6273498535156,39247600
2026-02-18,301.6972906518214,304.983022308801,300.8583862777236,302.9356689453125,28482100
2026-02-19,301.42763905495286,305.0728879320441,299.64995428739604,302.456298828125,25834400
2026-02-20,303.9244103176242,316.0885697634931,303.5049428811186,314.570556640625,53210800
2026-02-23,318.6352220336332,319.1046122516075,309.4671633706354,311.0850524902344,31423000
2026-02-24,310.11633870149166,311.8640638461802,305.53230897934316,310.495849609375,25615600
2026-02-25,311.65435118745364,313.23231441520727,309.03776179839537,312.4932556152344,29963600
2026-02-26,312.2335794136705,312.73292940852764,301.95694798569707,306.98040771484375,36431200
2026-02-27,303.7446468483449,311.9639287272481,303.4050620118916,311.354736328125,44640600
2026-03-02,302.83581985466094,308.0889612664211,300.908305641281,306.12152099609375,34790200
2026-03-03,298.2018299939976,303.5448811012492,296.3242691134317,303.1853332519531,35497000
2026-03-04,302.49628364637806,305.07291645770977,300.3590508331652,302.7359619140625,29536200
2026-03-05,302.6460874794852,302.90572878105803,297.60263367704704,300.4888916015625,35752300
2026-03-06,295.7050936872067,300.1393243405422,294.7962729857715,298.1319274902344,25576900
2026-03-09,294.1842573074437,306.6168332730834,293.9044256827884,306.1770935058594,29312100
2026-03-10,305.98724420005084,309.3252467158022,305.3875962722132,306.8567199707031,23239700
2026-03-11,306.56689883882945,311.23412470378855,305.7374076911934,308.5157470703125,24125700
2026-03-12,306.636841807898,308.7555713296518,300.8502897843219,303.3687744140625,24928300
2026-03-13,306.8267356773544,307.50632242162294,300.26065041451466,302.09954833984375,23693100
2026-03-16,304.16832484157635,306.3070315122431,302.8391017033621,305.3775939941406,23519700
2026-03-17,305.67739809365116,311.2341070358109,305.3176276402165,310.7344055175781,21955200
2026-03-18,309.0853604878573,312.28346234614037,306.74676108497374,307.5063171386719,20009800
2026-03-19,303.8285227221892,307.8760927647981,302.16951004441273,306.9466552734375,25075800
2026-03-20,305.2776414809433,305.8173276578073,298.0919312440676,300.8203125,44364100
2026-03-23,301.92965766257777,305.7973733016039,300.75036931754545,301.87969970703125,29326900
2026-03-24,299.02141279307426,299.7409842283802,290.15668188195673,290.2666320800781,36864300
2026-03-25,293.2648285118823,295.82329783701033,289.0673235725591,290.7563171386719,29460700
2026-03-26,287.7381369232671,287.7781215852462,278.33375052565475,280.7523193359375,39080600
2026-03-27,277.1144865271076,279.203235317384,273.7864876697142,274.1762390136719,35890600
2026-03-30,276.2550012483934,276.9245842043685,271.9475460941929,273.33673095703125,35141200
2026-03-31,277.87403020607053,287.9080147834651,276.9245851168754,287.3883361816406,43875400
2026-04-01,290.6663854824321,300.34059988895723,290.23664948178913,297.2124938964844,37684500
2026-04-02,290.5164904801884,297.90206355243157,289.2772403921399,295.59344482421875,21666500
2026-04-06,295.69337737406744,300.4405418912755,295.0037868253031,299.8109130859375,16945500
2026-04-07,302.54929810267237,305.4475608650088,297.5422790326475,305.27764892578125,23205400
2026-04-08,320.25872115869026,321.88772251879675,314.8319393907938,317.1305847167969,33547100
2026-04-09,315.72141928886384,319.3492572184689,310.8743084256086,318.29986572265625,23739200
2026-04-10,319.8289680511782,321.6378852163977,316.1311948927162,317.0506286621094,19152600
2026-04-13,316.9507009019676,321.43801087893695,315.28168437302884,321.1181945800781,18866400
2026-04-14,324.59612530340485,333.09105123243734,323.5567375910905,332.7112731933594,27721400
2026-04-15,332.69130668872015,337.278563176308,330.70247381548376,336.91876220703125,24918800
2026-04-16,338.5477782390461,339.67710854893676,334.3202924195682,335.81939697265625,20541500
2026-04-17,337.4484504303517,342.1156763245155,336.0392884001999,341.4760437011719,25581900
2026-04-20,340.55660000710446,341.1962021124509,336.40905286572576,337.2185974121094,18784200
2026-04-21,337.48841459650436,339.13742351057505,331.1522029907326,332.0916442871094,23123800
2026-04-22,336.818816762841,339.6171637007564,334.96994545488326,339.1174621582031,20293000
2026-04-23,340.9763246437424,341.7558578013153,335.97930940305434,338.6877136230469,18650300
2026-04-24,338.5277988797623,345.06387272769797,335.1897964239415,344.19439697265625,26426100
2026-04-27,345.77347673538645,352.9691603649003,342.5254168368208,350.130859375,28576900
2026-04-28,348.34192077884484,352.20963620070955,345.91337868788094,349.5711975097656,27824100
2026-04-29,347.36252924438134,355.5776236260777,344.0045190996302,349.7311096191406,35376300
2026-04-30,373.8467067603946,385.6096696957082,365.60163158627074,384.5702819824219,72040000
2026-05-01,381.4022037517389,386.52914645154755,378.82372671588394,385.45977783203125,30105200
2026-05-04,385.39979379858875,387.14874909409923,379.56328378663693,383.0212097167969,26298600
2026-05-05,385.99945170269467,392.58551415458055,383.79074899852696,388.1981201171875,23878600
2026-05-06,394.0146525811788,399.61131576273664,392.52555179602564,397.8023986816406,31308500
2026-05-07,399.6812819584635,399.8611671879692,392.4455831227277,397.7524108886719,24433500
2026-05-08,396.7630105926761,401.76002583943523,396.1233780013978,400.56072998046875,21461800
2026-05-11,393.41500861238904,397.2027547509894,388.23810807955056,388.40802001953125,30753700
2026-05-12,387.10877062384725,388.28805889354703,382.541491402114,387.1187744140625,26017500
2026-05-13,385.3698394939953,403.4590416115898,384.77019153718186,402.3796691894531,28144600
2026-05-14,397.04285074569174,402.6894719958145,395.6037078837972,400.8305969238281,21136700
2026-05-15,396.0834349796574,399.30151410906007,392.9452946767326,396.54315185546875,20309700
2026-05-18,395.4538101055549,408.36608091552193,394.29449886421145,396.70306396484375,26837200
2026-05-19,396.72302500471704,396.91291402359946,385.8794958446922,387.4285888671875,39545700
2026-05-20,387.4685872554011,393.62488340369265,382.6714341601505,388.6778564453125,31744400
2026-05-21,385.46976743485186,392.2656959548347,382.7913440893277,387.4285888671875,24852800
2026-05-22,387.1187843592316,388.5079387636157,381.54209816202837,382.74139404296875,20442100
2026-05-26,384.2804712769477,389.0276356997364,382.3716078175452,388.6478576660156,27747400
2026-05-27,386.4391861502527,393.64487351491664,385.66962629134815,388.5978698730469,23087300
2026-05-28,387.76839182151133,391.6360768291116,384.9300907577927,389.8971252441406,24357500
2026-05-29,385.0100143138995,385.0100143138995,378.2340629764561,380.1129455566406,44415800
2026-06-01,376.2952290661171,378.3340198477676,373.2970198869562,376.14532470703125,28672100
2026-06-02,366.371163421305,373.31702687507857,358.2260345973877,361.6340026855469,50412300
2026-06-03,361.81388965190393,366.2312646097652,357.8662353535933,358.77569580078125,55441600
2026-06-04,358.68575901079333,373.0271992966173,357.99616844622375,371.96783447265625,44055500
2026-06-05,366.1213024821565,371.8578661166277,363.90262653478294,368.30999755859375,37471200
2026-06-08,365.17999267578125,366.20001220703125,360.5299987792969,363.30999755859375,27942500
2026-06-09,367.0899963378906,372.0799865722656,357.29998779296875,364.260009765625,29535100
2026-06-10,363.19000244140625,368.55999755859375,355.20001220703125,356.3800048828125,32357100
2026-06-11,355.92999267578125,358.79998779296875,346.3599853515625,357.7699890136719,35538200
2026-06-12,362.6199951171875,366.57000732421875,354.94000244140625,359.67999267578125,24704600
2026-06-15,367.92999267578125,372.989990234375,366.54998779296875,369.3500061035156,27727500
2026-06-16,369.6000061035156,376.0,367.05999755859375,373.25,24876100
2026-06-17,369.1300048828125,372.3299865722656,362.0199890136719,363.7900085449219,24543600
2026-06-18,365.75,369.4800109863281,358.6700134277344,368.0299987792969,44470100
2026-06-22,357.95001220703125,358.9200134277344,341.7200012207031,349.67999267578125,52814800
2026-06-23,340.69000244140625,349.2900085449219,340.20001220703125,346.1300048828125,34007700
2026-06-24,349.0400085449219,353.4800109863281,341.92999267578125,345.2900085449219,44997300
2026-06-25,336.7300109863281,345.57000732421875,335.8399963378906,343.7099914550781,44491400
2026-06-26,342.54998779296875,346.3599853515625,330.20001220703125,337.3900146484375,114706300
2026-06-29,341.8299865722656,354.3500061035156,340.6700134277344,353.6499938964844,34213900
2026-06-30,353.8699951171875,358.6199951171875,350.3999938964844,357.3699951171875,35237200
2026-07-01,358.3699951171875,362.9700012207031,356.42999267578125,361.2099914550781,26736400
2026-07-02,359.4800109863281,364.2099914550781,353.4200134277344,359.9100036621094,25974800
2026-07-06,361.54998779296875,367.92999267578125,357.3800048828125,366.4599914550781,26915800
2026-07-07,369.07000732421875,373.1600036621094,365.5,367.0299987792969,24045600
2026-07-08,364.760009765625,367.8399963378906,358.0199890136719,361.9200134277344,22094800
2026-07-09,354.30999755859375,359.6499938964844,351.0799865722656,358.8900146484375,24729100
2026-07-10,357.5299987792969,357.82000732421875,352.75,357.17999267578125,18146100
2026-07-13,356.19000244140625,358.1300048828125,351.75,352.510009765625,15901700
2026-07-14,351.20001220703125,360.1600036621094,351.0899963378906,359.510009765625,18259400
2026-07-15,357.9700012207031,373.6499938964844,357.760009765625,370.9200134277344,28284600
2026-07-16,373.05999755859375,375.2699890136719,352.29998779296875,354.4599914550781,41158500
2026-07-17,346.0,348.5199890136719,341.3599853515625,346.7699890136719,29959300
2026-07-20,350.8800048828125,359.67999267578125,350.5199890136719,351.989990234375,24736600
2026-07-21,351.32000732421875,351.32000732421875,347.0,347.1499938964844,23369800
2026-07-22,348.1600036621094,349.94000244140625,341.7300109863281,342.0899963378906,39334100
2026-07-23,321.1300048828125,324.489990234375,314.8999938964844,317.69000244140625,69419700
2026-07-24,318.4200134277344,324.17999267578125,317.32000732421875,319.739990234375,31806600
2026-07-27,325.0400085449219,330.4200134277344,324.45001220703125,326.55999755859375,28471600
2026-07-28,327.8999938964844,335.8800048828125,324.44000244140625,333.7099914550781,29511900
2026-07-29,334.6700134277344,342.5,331.6199951171875,336.7099914550781,27501600
2026-07-30,334.20001220703125,336.510009765625,330.3399963378906,333.6600036621094,30168000
2026-07-31,340.8299865722656,358.5799865722656,340.0,356.1300048828125,46498000
2026-08-03,365.45001220703125,376.69000244140625,363.3500061035156,373.510009765625,38669700
2026-08-04,368.2200012207031,380.5199890136719,367.5,377.6499938964844,35705700
2026-08-05,383.3399963378906,384.4800109863281,356.7699890136719,362.42999267578125,46926300
2026-08-06,360.7699890136719,364.1300048828125,356.8800048828125,357.75,25235900
2026-08-07,356.7200012207031,358.8999938964844,353.7799987792969,354.29998779296875,19859900
2026-08-10,355.17999267578125,357.6099853515625,352.7099914550781,357.5199890136719,18991400
2026-08-11,355.8900146484375,356.80999755859375,343.3900146484375,343.79998779296875,29081800
2026-08-12,346.30999755859375,346.4800109863281,340.8800048828125,343.5400085449219,25012000
2026-08-13,345.7699890136719,347.92999267578125,343.760009765625,346.3599853515625,17866100
2026-08-14,346.79998779296875,350.45001220703125,344.5,345.8999938964844,17808600
2026-08-17,346.2699890136719,347.25,341.92999267578125,344.0,18291300
2026-08-18,342.4100036621094,344.8699951171875,340.19000244140625,344.20001220703125,19248800
2026-08-19,342.4599914550781,346.7300109863281,340.6600036621094,344.7200012207031,19733800
2026-08-20,343.05999755859375,343.8999938964844,338.57000732421875,340.6700134277344,18570400
2026-08-21,342.5799865722656,346.20001220703125,340.3999938964844,344.82000732421875,20849800
2026-08-24,343.6199951171875,351.6000061035156,342.489990234375,348.05999755859375,26338200
2026-08-25,349.6400146484375,350.1600036621094,345.6000061035156,346.9599914550781,20649700
2026-08-26,346.6199951171875,346.8800048828125,340.17999267578125,342.0,20420300
2026-08-27,339.6700134277344,341.69000244140625,338.5199890136719,340.6499938964844,23352300
