Date,Open,High,Low,Close,Volume
2021-08-30,22.751303423762153,22.963568544992565,22.47326582404602,22.609792709350586,262580000
2021-08-31,22.62075674664323,22.62075674664323,22.04763890496798,22.311771392822266,259850000
2021-09-01,22.411450461472807,22.622756886870178,22.283868900667112,22.36759376525879,201767000
2021-09-02,22.44433930541851,22.51909472765023,22.22206920355075,22.322738647460938,187834000
2021-09-03,22.251971049959415,22.910808082103483,22.127379950913973,22.76827621459961,280532000
2021-09-07,22.758305960984877,22.82409003815894,22.448322522567985,22.587865829467773,198107000
2021-09-08,22.439353122725205,22.53603592576677,21.905105352001236,22.26592254638672,254434000
2021-09-09,22.239014571951014,22.464275126748724,22.058606891844985,22.104455947875977,196856000
2021-09-10,22.2748946360381,22.55198511877038,22.197150672313043,22.404470443725586,248376000
2021-09-13,22.609793787016553,22.88887850668766,21.786495670040438,22.07953453063965,297500000
2021-09-14,22.202139682124887,22.336698334878353,22.01375870893594,22.169248580932617,199755000
2021-09-15,22.236020817611784,22.293831645548725,21.894142459272885,22.267915725708008,166538000
2021-09-16,22.11044155051932,22.20413394633798,21.855278391174537,22.169248580932617,156033000
2021-09-17,22.227050730218956,22.247981943060058,21.758588894411496,21.828359603881836,294503000
2021-09-20,21.076830688273485,21.36289255637249,20.594414612488368,21.0439395904541,349440000
2021-09-21,21.3469404733302,21.35491372577289,20.88146906785273,21.17650032043457,204688000
2021-09-22,21.296101066558997,21.888157678451677,21.126657139855844,21.869220733642578,268726000
2021-09-23,22.067570844468374,22.461279102173783,21.81838869165872,22.4084529876709,248555000
2021-09-24,21.997802477816837,22.076544517927047,21.78948654099759,22.008766174316406,217655000
2021-09-27,21.638981339967028,21.7276909027937,21.255242424863432,21.58914566040039,245215000
2021-09-28,21.14460514549343,21.34893447038271,20.58344521216512,20.631288528442383,343069000
2021-09-29,20.871502966534447,20.94825075454832,20.400048738103138,20.449886322021484,218394000
2021-09-30,20.70006335689361,20.997088873720934,20.620325128983062,20.64823341369629,221009000
2021-10-01,20.682125627897644,20.790768337768267,20.136914012363036,20.674152374267578,240978000
2021-10-04,20.436929771403975,20.47480557735373,19.491034606293546,19.667455673217773,345635000
2021-10-05,19.884743123355076,20.580459878195214,19.78905647587681,20.384103775024414,279282000
2021-10-06,20.054181613694748,20.65221729292301,20.01431155448803,20.63228416442871,297202000
2021-10-07,21.02300615012372,21.252255254335836,20.903399740291803,21.00606346130371,256919000
2021-10-08,21.03197660701689,21.136632686521562,20.707042768746597,20.762859344482422,151258000
2021-10-11,20.507695778664687,20.994098397870303,20.443904055764555,20.627302169799805,163388000
2021-10-12,20.759866211548562,20.988117194123532,20.460848337072985,20.60338020324707,162134000
2021-10-13,20.849575070301597,20.92134005530111,20.645245715278612,20.870506286621094,180652000
2021-10-14,21.2183637297649,21.683835156792203,21.052906376708478,21.67486572265625,243589000
2021-10-15,21.738653534036047,21.85925800191469,21.59113886513245,21.790483474731445,226994000
2021-10-18,21.677854960050606,22.218081780697908,21.57319699245635,22.149307250976562,189494000
2021-10-19,22.20313074793577,22.30579445739423,21.964914136514288,22.217086791992188,161473000
2021-10-20,22.232037672694034,22.359619226163996,21.91009429442329,22.030698776245117,146276000
2021-10-21,22.024714435687386,22.63670618326787,22.010760294577082,22.617767333984375,187590000
2021-10-22,22.748339913629675,23.054334844956028,22.48719785150225,22.651657104492188,249384000
2021-10-25,22.897850050486433,23.27860041757706,22.69551498837549,23.090219497680664,230235000
2021-10-26,23.9105273389636,25.17637336256749,23.84573943509634,24.636144638061523,485898000
2021-10-27,24.393937207117244,25.007921262227864,24.202563973433747,24.37101173400879,245990000
2021-10-28,24.79662521351705,24.868390205994384,24.442786862041093,24.859418869018555,234204000
2021-10-29,24.91921749719109,25.624901707362692,24.91822131585797,25.483366012573242,292503000
2021-11-01,25.565094542912135,25.80929200930688,25.144474150231424,25.742511749267578,265740000
2021-11-02,25.737533548022185,26.59073246242579,25.715604250404937,26.314638137817383,294112000
2021-11-03,26.582757025267508,26.696384427226477,26.14918053197211,26.5109920501709,239910000
2021-11-04,27.139928992611882,31.26239905171974,27.02929203332066,29.703516006469727,1153631000
2021-11-05,30.088249068059874,31.29728030818793,29.313790454475946,29.654672622680664,851260000
2021-11-08,30.05037382681619,30.998263036065406,29.809164902811037,30.703231811523438,503101000
2021-11-09,32.17640325299263,32.20431154001224,29.865984914100363,30.556716918945312,646746000
2021-11-10,29.259972850188642,30.749085226450433,28.683862559196594,29.362634658813477,636206000
2021-11-11,30.368334246239346,30.489934904320453,29.679594643475284,30.29058837890625,332172000
2021-11-12,29.911832261950494,30.579640650645906,29.53307424388538,30.29058837890625,413054000
2021-11-15,30.45205912496515,30.543757233968925,29.151327703396426,29.926782608032227,384909000
2021-11-16,29.661650656013027,30.290585092245067,29.608822634811435,30.104196548461914,264484000
2021-11-17,30.318494131813672,30.409197952977312,28.70578699749506,29.165279388427734,428508000
2021-11-18,32.26112015873358,32.65283230814321,31.21854045241291,31.571382522583008,781711000
2021-11-19,32.137517323017796,32.97975412922735,31.800623741199225,32.87709045410156,533867000
2021-11-22,33.40735581710539,34.533660369454104,31.795646751201797,31.851463317871094,754335000
2021-11-23,31.43184635765733,32.25414847756018,30.778988230293454,31.64215660095215,532163000
2021-11-24,31.358088106593186,32.747527284466,30.826830664303046,32.56711959838867,435162000
2021-11-26,32.49335390329238,32.60299466798655,31.24744493690994,31.399944305419922,283069000
2021-11-29,32.26012461188157,33.30270053648563,31.931202291527786,33.26681900024414,454964000
2021-11-30,33.0605021002407,33.24390214799257,31.75977238456129,32.569114685058594,622066000
2021-12-01,33.114390390664795,33.184169646455935,31.281179063188567,31.33600616455078,484368000
2021-12-02,31.11570313644076,32.375722550194084,30.9272972457991,32.02482986450195,472890000
2021-12-03,31.899225278294047,32.027820642535175,30.03511346450326,30.596342086791992,544325000
2021-12-06,29.78589864714848,30.145761817550646,27.949700565814876,29.942405700683594,658938000
2021-12-07,30.859510618013076,32.346812573827144,30.55447261848209,32.32487869262695,593053000
2021-12-08,31.898232211155804,32.188316185516875,31.322051376993954,31.72577667236328,475551000
2021-12-09,31.63406386343503,32.10358318046431,30.332176907618503,30.39398193359375,488507000
2021-12-10,31.051901151200305,31.206413705262143,29.766960947879433,30.1028995513916,488825000
2021-12-13,30.1537389247884,30.19859728465225,28.027454948851968,28.07231330871582,598344000
2021-12-14,27.611765752164207,28.58768263653052,27.164180400436194,28.247756958007812,667035000
2021-12-15,28.31056319651723,30.403950320139508,27.750332756169268,30.363079071044922,698297000
2021-12-16,31.053897441434426,31.061871670056004,28.004530741243016,28.297603607177734,707366000
2021-12-17,27.896871959169967,28.830921489909592,27.672580135131074,27.713451385498047,713758000
2021-12-20,27.219012340762006,28.05536898927544,27.059516359346297,27.6317081451416,461847000
2021-12-21,28.284643989318436,29.028294944690636,27.314706725168943,28.983436584472656,524385000
2021-12-22,28.800017170257917,29.46192565947625,28.359407778692482,29.30741310119629,395184000
2021-12-23,29.66129326312554,29.964336743268632,29.33831421297981,29.546655654907227,343022000
2021-12-27,29.566592584176444,30.989098625583328,29.546655113197424,30.847545623779297,403686000
2021-12-28,31.21338914387757,31.231332106487933,29.917482103381964,30.22650718688965,420591000
2021-12-29,30.177665528495464,30.451799123179573,29.273520345909006,29.90652084350586,343139000
2021-12-30,29.733064791719407,30.361081782631796,29.446969894859603,29.49282455444336,308864000
2021-12-31,29.58055069803875,29.935430483532848,29.23863045980728,29.318378448486328,266530000
2022-01-03,29.721106030264906,30.61428422261977,29.69119982289277,30.026142120361328,391547000
2022-01-04,30.181656755028943,30.372055271999844,28.25972861799797,29.197765350341797,527154000
2022-01-05,28.857834470045624,29.323364772152377,27.446295212189224,27.517070770263672,498064000
2022-01-06,27.55295615903355,28.348443450993756,26.979768076203065,28.089262008666992,454186000
2022-01-07,28.05238341839338,28.332498673129898,26.971795448875977,27.161197662353516,409939000
2022-01-10,26.497291979306667,27.38249602616525,25.563242453455118,27.31371307373047,594681000
2022-01-11,27.236953065488187,27.976616901866414,26.754478046594247,27.72939682006836,404089000
2022-01-12,27.978612384474925,28.504949514228787,27.52105820708782,27.91082763671875,383413000
2022-01-13,28.289625832276567,28.390307586035668,26.414549141387052,26.491308212280273,540171000
2022-01-14,26.217178269218586,27.111354801279813,26.127461534880105,26.85715675354004,395832000
2022-01-18,26.177304414004546,26.554114306336086,25.68884770952801,25.821428298950195,424270000
2022-01-19,25.996874104337753,26.45941170270569,24.973107843056518,24.988059997558594,488315000
2022-01-20,25.22431303336184,25.49844661807642,24.002172240904777,24.073945999145508,435181000
2022-01-21,23.43297273498428,24.744828429105826,23.18974164646766,23.300392150878906,718958000
2022-01-24,22.259678694181396,23.30637129274654,20.82222037714528,23.298397064208984,913982000
2022-01-25,22.474995512389242,22.870746504571382,21.9307154992586,22.253694534301758,664616000
2022-01-26,23.166809579557935,23.98123602247963,22.229769407799456,22.70028305053711,755959000
2022-01-27,23.493779360509365,23.91943467808651,21.606739331750255,21.874893188476562,573353000
2022-01-28,21.942676819297425,22.78601318376408,21.22893211104231,22.768070220947266,543774000
2022-01-31,23.10899542114048,24.43181805477135,22.97940564831107,24.408889770507812,564680000
2022-02-01,25.02494549207549,25.065816744698257,23.814767780089298,24.560413360595703,518925000
2022-02-02,25.712769688020778,25.735696069563566,24.475676742278374,25.162508010864258,543419000
2022-02-03,24.380977535591192,24.998027675942943,23.70511318165473,23.872583389282227,410178000
2022-02-04,23.89650713053911,24.55741930721573,23.557577711661764,24.242414474487305,354829000
2022-02-07,24.295241986257608,25.102690420660252,24.12577731223813,24.650121688842773,376868000
2022-02-08,24.282288838178633,25.150546207819467,23.90448265925914,25.0289306640625,410359000
2022-02-09,25.541313315747384,26.64084048931407,25.27316132302811,26.62090301513672,524282000
2022-02-10,25.91313678658992,26.840206412140088,25.519380273324217,25.742673873901367,513200000
2022-02-11,25.83438136347169,26.06963817364422,23.698130807329928,23.87357521057129,605472000
2022-02-14,23.858625081970295,24.796661591695667,23.680187951780663,24.190576553344727,440424000
2022-02-15,24.870429246985168,26.461403743864466,24.705949858768733,26.411561965942383,699869000
2022-02-16,26.176304019794223,26.498286759029188,25.471529825588878,26.427509307861328,732676000
2022-02-17,25.549287576906618,25.70380014996148,24.08890276641559,24.429824829101562,810595000
2022-02-18,24.59031284874341,24.90731216889236,23.02725202902934,23.56754493713379,761255000
2022-02-22,22.962457916801178,23.98821671585555,22.927568291074294,23.31633949279785,633422000
2022-02-23,23.727040557473366,24.078929495655366,22.230768194872702,22.316495895385742,566511000
2022-02-24,20.948822381611812,23.725052161803507,20.82421601122137,23.673215866088867,735801000
2022-02-25,23.64630098063684,24.14073741705025,23.30737152091748,24.0809268951416,528866000
2022-02-28,23.91644642718018,24.587327391046674,23.632344083996866,24.308208465576172,477319000
2022-03-01,24.214506278553596,24.300235899548934,23.059155656499062,23.40306854248047,412056000
2022-03-02,23.685222229370265,24.336276568768735,23.345238595457605,24.147838592529297,389642000
2022-03-03,24.18971640143085,24.2535268091343,23.399079682408747,23.64335060119629,365095000
2022-03-04,23.314331446054602,23.609449084190494,22.415018401859665,22.867666244506836,431415000
2022-03-07,22.749020877092576,22.964378855624652,21.266451574671656,21.28838539123535,450821000
2022-03-08,21.245514318732305,22.306343532359403,20.588477275477324,21.44990348815918,557467000
2022-03-09,22.320303633914452,23.150822137347905,22.180721331376475,22.945436477661133,492742000
2022-03-10,22.46387173081111,22.720105999777736,21.816805180949956,22.59049415588379,428066000
2022-03-11,22.953410808497686,23.076045454723392,21.980318734826213,22.03415870666504,367209000
2022-03-14,21.80384458359265,22.195673358229172,21.095960818464654,21.266450881958008,385354000
2022-03-15,21.45388943534592,22.96936124008591,21.258474245006287,22.90455436706543,491996000
2022-03-16,23.429986500774472,24.523718332751294,23.10296459283885,24.423019409179688,671422000
2022-03-17,24.04813969626861,24.76798684900342,23.834776570421486,24.692214965820312,471941000
2022-03-18,24.725114127062692,26.489841079768297,24.550636279337244,26.37418556213379,730719000
2022-03-21,26.42802919116261,27.071108036211722,25.889637069261166,26.65435218811035,591727000
2022-03-22,26.647371123248757,27.156850275284068,25.994323791878227,26.444976806640625,547007000
2022-03-23,26.04816536560368,26.532717544418258,25.498808202763563,25.557632446289062,502120000
2022-03-24,26.08804332010231,28.23562518243766,25.829814189665502,28.066131591796875,877379000
2022-03-25,27.802919332389703,28.273513231464275,27.189751821010642,27.6094970703125,579016000
2022-03-28,27.67330593129394,28.165833619637276,27.124943427788132,28.134925842285156,425494000
2022-03-29,28.60950867127436,28.85976031919867,27.896638718914144,28.57062530517578,488984000
2022-03-30,28.21967492416321,28.411102336887122,27.421060745065915,27.60750389099121,463487000
2022-03-31,27.699226807551824,28.163838026854247,27.188753110757293,27.20470428466797,523440000
2022-04-01,27.29343862106805,27.41407840137785,26.188740006342908,26.632413864135742,517235000
2022-04-04,26.648367352938315,27.475894378510496,26.533710211634048,27.278484344482422,397120000
2022-04-05,27.172798887898374,27.237605758755578,25.743071345725753,25.853740692138672,436615000
2022-04-06,24.859716112456148,25.22462494159722,23.93149001085727,24.334285736083984,703833000
2022-04-07,24.36818131196346,24.648344247170577,23.40805109513817,24.135875701904297,557992000
2022-04-08,23.845742196501757,23.851724837527705,22.99329001527572,23.050119400024414,524781000
2022-04-11,22.147815823189774,22.253499000395795,21.595465570939584,21.851699829101562,575207000
2022-04-12,22.4698511510868,22.657290726979376,21.21858938714233,21.43992805480957,662258000
2022-04-13,21.663268898797757,22.432968328716512,21.391081501382804,22.136852264404297,516943000
2022-04-14,22.437950489268136,22.70914138808518,21.099949624918715,21.194665908813477,569097000
2022-04-18,21.13683828693259,22.02219119866503,21.016198500677564,21.718101501464844,525701000
2022-04-19,21.655284301108995,22.306338557655973,21.250493846316246,22.131860733032227,512781000
2022-04-20,22.449913552276662,22.602457585796717,21.1368379554735,21.417997360229492,468974000
2022-04-21,21.6443221623934,22.325287868143974,19.940414139309308,20.12286949157715,656209000
2022-04-22,20.242508087919838,20.424963414737594,19.44190107394043,19.45685577392578,624713000
2022-04-25,19.144787739155014,19.885574017830244,19.039104567845087,19.842702865600586,641566000
2022-04-26,19.659248702820832,19.72903982671361,18.614370986543364,18.732019424438477,653143000
2022-04-27,18.542589470786602,19.10989445940128,18.235508451875706,18.360136032104492,499460000
2022-04-28,18.910486477885513,19.977299987584416,18.43490842453144,19.723058700561523,570327000
2022-04-29,19.344199287343677,20.068036269432913,18.461835591856172,18.49174690246582,500435000
2022-05-02,18.48576074197281,19.515682143130196,18.336208020718836,19.47480583190918,572049000
2022-05-03,19.342198449627805,19.765933327881584,19.075993762803037,19.543596267700195,475751000
2022-05-04,19.86364548989257,20.339223690643312,18.695136244226077,20.273420333862305,648855000
2022-05-05,19.807807888219486,19.865633741473076,18.444880215286258,18.78785514831543,626331000
2022-05-06,18.68017713798414,19.45386415893865,17.93639951654731,18.61935806274414,633297000
2022-05-09,17.980269856071814,18.200610175903677,16.776865264300895,16.899499893188477,644455000
2022-05-10,17.636295630660026,18.1437798648561,16.974274428777502,17.54257583618164,761474000
2022-05-11,17.295314714048374,17.700105173473105,16.518636414884845,16.5804500579834,670167000
2022-05-12,16.17067961115199,16.73798466846581,15.520622598818264,16.12681007385254,708728000
2022-05-13,16.73797994693999,17.874582687114945,16.543561257348554,17.653244018554688,670437000
2022-05-16,17.456835364759026,17.735003457169242,17.055036163870508,17.21256446838379,521446000
2022-05-17,18.020150928461515,18.316266948710442,17.581463204511554,18.122844696044922,585830000
2022-05-18,17.652250113395763,18.064019738570103,16.813756162184983,16.887535095214844,545161000
2022-05-19,16.88653775929863,17.634303190844598,16.684141563200637,17.072980880737305,621310000
2022-05-20,17.28036789084753,17.3581346428227,15.708065231534352,16.644268035888672,739105000
2022-05-23,16.2255129579709,16.864603890150594,16.130796688219526,16.847654342651367,639889000
2022-05-24,16.460813405318188,16.54755410720824,15.732987737093548,16.105873107910156,588550000
2022-05-25,15.972266924739577,17.0600157624615,15.952326060763912,16.924421310424805,781132000
2022-05-26,15.988224037593847,18.038098454950646,15.97426580795554,17.79781723022461,996575000
2022-05-27,18.131815573979985,18.82474451489988,18.046071370079833,18.754953384399414,738379000
2022-05-31,18.923450248875827,19.14279599466487,18.295328116993222,18.616369247436523,664100000
2022-06-01,18.668216603337324,18.9962349851399,18.068008952451528,18.265419006347656,544514000
2022-06-02,18.23750410498318,19.56055035839236,18.14378428765927,19.53363037109375,648656000
2022-06-03,19.025149434663984,19.274404605825605,18.466816482062402,18.664226531982422,598779000
2022-06-06,19.08197511741872,19.279385129007327,18.508687574396717,18.730026245117188,422406000
2022-06-07,18.416963933581936,18.94339066834296,18.133809698571795,18.869611740112305,388914000
2022-06-08,18.74695170077605,19.12689735772894,18.48368268854018,18.596370697021484,363252000
2022-06-09,18.42983530392258,18.880583584037574,17.991052933850728,17.99803352355957,395574000
2022-06-10,17.551274019304014,17.648005592341615,16.822296926639886,16.9270076751709,465248000
2022-06-13,15.9557000705001,16.266836495772598,15.56279090300614,15.603677749633789,604153000
2022-06-14,15.687450221805696,16.021522845324547,15.36933309843851,15.792160034179688,469680000
2022-06-15,16.050441789659057,16.82130252550863,15.88190997775459,16.481246948242188,563936000
2022-06-16,15.816090696879078,15.897864407425715,15.358361819515217,15.557807922363281,545749000
2022-06-17,15.60467861906416,15.95071807890091,15.285564836382378,15.836036682128906,630334000
2022-06-21,16.429388214877477,16.960911609240924,16.361575686273117,16.5201358795166,483089000
2022-06-22,16.18107890643938,16.615872682415247,16.135206727012413,16.314708709716797,437135000
2022-06-23,16.473267119438244,16.53908438669256,15.80911149125112,16.180082321166992,463680000
2022-06-24,16.454320190454215,17.092547758876677,16.264845667803225,17.07858657836914,472153000
2022-06-27,17.264072406028497,17.282022223468143,16.579970759321082,16.822298049926758,427968000
2022-06-28,16.85320941802592,17.15437333107961,15.900853555794448,15.937751770019531,461149000
2022-06-29,15.770218251263673,15.776201206281394,15.128001145361374,15.498970985412598,482352000
2022-06-30,15.318472470620367,15.523902477901675,14.820854376855518,15.117032051086426,686070000
2022-07-01,14.857751323588166,15.021296837715987,14.352155016267275,14.482791900634766,577610000
2022-07-05,14.135756912052631,14.929552726095583,14.016089244404482,14.922572135925293,651397000
2022-07-06,14.968445164272264,15.276589715480245,14.748056331462374,15.088112831115723,529066000
2022-07-07,15.41320992490336,15.900855482165372,15.346395028402622,15.814096450805664,492903000
2022-07-08,15.387283687402288,15.992603610521178,15.346396827149702,15.794154167175293,467972000
2022-07-11,15.483016286395417,15.484013921133512,14.996367398257068,15.110052108764648,437321000
2022-07-12,15.225729983268637,15.388278822055844,14.835812677537918,15.040245056152344,458483000
2022-07-13,14.549607579077355,15.332434145906136,14.424953642931776,15.122017860412598,521918000
2022-07-14,15.066171100260284,15.430160316266676,14.68722307156985,15.329440116882324,456235000
2022-07-15,15.615647329390558,15.738305988579,15.40223910380052,15.718361854553223,385935000
2022-07-18,16.25686498780902,16.850216937133126,15.957696353307478,16.056421279907227,670517000
2022-07-19,16.44035994202508,17.062632997757373,16.127230046583808,16.94495964050293,702366000
2022-07-20,16.900078566553773,17.883348644030917,16.7544828947443,17.7576961517334,760538000
2022-07-21,17.835480724788574,18.093762486581372,17.496421955411886,18.000022888183594,557049000
2022-07-22,17.843461655137467,17.917256187628578,17.089554175506528,17.27105140686035,536671000
2022-07-25,16.971882360366042,17.0765931156567,16.602907762705456,16.976869583129883,480748000
2022-07-26,16.84223788619785,16.872155507315675,16.43237655784187,16.487224578857422,397865000
2022-07-27,16.984844729606653,17.886343144331377,16.866174710818715,17.740747451782227,569776000
2022-07-28,17.925237772890636,18.08977999214664,17.39171903743578,17.93421173095703,474646000
2022-07-29,17.763683382729887,18.193489890290078,17.64301808926749,18.112714767456055,435460000
2022-08-01,18.13166037008038,18.79382347486427,17.940192505913,18.389944076538086,476469000
2022-08-02,18.07182399714033,18.885564661360405,18.041906375651998,18.47470474243164,489527000
2022-08-03,18.133657657387115,18.915487551007924,18.08678689420816,18.840694427490234,418146000
2022-08-04,18.796816360490926,19.220638962108396,18.708062062276774,19.161802291870117,409652000
2022-08-05,18.757920901412877,19.17576145516048,18.614320486775554,18.936426162719727,386068000
2022-08-08,17.45354161171163,18.188500533618924,17.194261266370553,17.74373435974121,981859000
2022-08-09,17.2042332163322,17.398692993146874,16.67769527219368,17.038692474365234,668263000
2022-08-10,17.64900236749365,18.067839657584745,17.269056663137828,18.046897888183594,597422000
2022-08-11,18.080806109395972,18.655211706632087,17.826510993938886,17.8923282623291,509327000
2022-08-12,18.109723796605994,18.66617953381499,17.903296146751718,18.657203674316406,478094000
2022-08-15,18.649224212452747,19.1109416861416,18.561468505502724,18.979307174682617,457666000
2022-08-16,18.867617579479603,19.08900306515244,18.449777011947884,18.826730728149414,451240000
2022-08-17,18.47171804037453,18.63626023321667,18.09476431039142,18.284236907958984,446799000
2022-08-18,18.250332132443727,18.812769810722802,18.13265879882492,18.721025466918945,415447000
2022-08-19,18.35504444387847,18.468729162588712,17.72080548388627,17.79958724975586,441588000
2022-08-22,17.441574209966397,17.509386725743322,16.919024871308032,16.98683738708496,409593000
2022-08-23,16.94196263706093,17.416644561805427,16.923014238335547,17.13343048095703,369986000
2022-08-24,16.964902510641934,17.357812751409767,16.8482277414163,17.1743221282959,522661000
2022-08-25,16.797364674114142,17.897311489093674,16.786395448843106,17.863405227661133,770691000
2022-08-26,17.807561673056387,17.874375614644485,16.192045948797936,16.214982986450195,769127000
2022-08-29,15.97564911347893,16.292767620206746,15.723349284871533,15.757254600524902,496132000
2022-08-30,15.91581117353894,15.994591964876042,15.139965363979472,15.42517375946045,530181000
2022-08-31,15.34140885146709,15.49697709866868,14.917585283969304,15.05221176147461,573710000
2022-09-01,14.169658975117944,14.340186004315418,13.233259619419709,13.898412704467773,1178865000
2022-09-02,14.060963550220945,14.131766129658757,13.55337197606146,13.609217643737793,743157000
2022-09-06,13.692985344440922,13.740852790055504,13.314037269416279,13.427721977233887,535751000
2022-09-07,13.529468012385438,13.803788702525829,13.313004492414725,13.680094718933105,512657000
2022-09-08,13.425726414837639,13.97336992015191,13.335949711141568,13.955413818359375,624873000
2022-09-09,14.121999030627672,14.438215695022928,14.091076486708564,14.351430892944336,486612000
2022-09-12,14.333474709676818,14.511034122553694,14.162897008334632,14.469138145446777,484159000
2022-09-13,13.767878093148786,13.887581309355834,13.06661601426547,13.098536491394043,714956000
2022-09-14,13.22123276604588,13.25714401689083,12.881076192438005,13.095544815063477,588507000
2022-09-15,12.982825342829914,13.200285874328177,12.758381195489553,12.897037506103516,523625000
2022-09-16,12.710498889536233,13.179337223190453,12.585807914194328,13.165371894836426,670751000
2022-09-19,12.97983183509863,13.429717086609914,12.977836924096026,13.348917007446289,569685000
2022-09-20,13.182330035591837,13.449667136036723,13.024720650726076,13.143425941467285,524818000
2022-09-21,13.180335452104883,13.99631305335464,13.07758944681726,13.228216171264648,807679000
2022-09-22,13.037687792673827,13.116492959222398,12.39727571074283,12.529946327209473,759162000
2022-09-23,12.38929449653901,12.579822277960686,12.22669736982,12.48505687713623,663309000
2022-09-26,12.460121401962885,12.627706312935176,12.183805742416402,12.197771072387695,547343000
2022-09-27,12.476077368836638,12.70451127518139,12.227693405646438,12.382309913635254,553854000
2022-09-28,12.37932021781137,12.791299318139588,12.323458902869692,12.704514503479004,542414000
2022-09-29,12.417225794477423,12.469097284845578,11.916466992118151,12.189789772033691,532763000
2022-09-30,12.05711917470624,12.601769867420833,12.045148756633207,12.108990669250488,565638000
2022-10-03,12.316476553047927,12.646658600455845,12.075074233627726,12.48106861114502,547478000
2022-10-04,12.847159012438114,13.187316515119232,12.847159012438114,13.13444709777832,584182000
2022-10-05,12.879081259534201,13.288067492068219,12.589798244962582,13.17634391784668,507131000
2022-10-06,13.187317554392024,13.622239538294219,13.07060622540916,13.097539901733398,644157000
2022-10-07,12.474084749119333,12.638676791416017,11.992279039061453,12.04614543914795,672478000
2022-10-10,12.007240867482555,12.094025672565365,11.379796220873162,11.641148567199707,698699000
2022-10-11,11.532417118510912,11.816712348676244,11.255104551505667,11.557355880737305,667482000
2022-10-12,11.550374224944592,11.705987738753207,11.316952527256786,11.471569061279297,492590000
2022-10-13,10.943877022867374,12.048140628446744,10.786267640804748,11.930432319641113,850103000
2022-10-14,12.027189398888956,12.081055785720459,11.17629874128277,11.199241638183594,713432000
2022-10-17,11.48952497727775,11.918462240438945,11.48852799742512,11.858610153198242,580774000
2022-10-18,12.313480989431524,12.46111484348481,11.589276093854338,11.937413215637207,659362000
2022-10-19,11.849631206949502,12.3194674213086,11.804742384541735,12.02120590209961,523131000
2022-10-20,12.083054517539724,12.737432910817912,12.075073921985922,12.163854598999023,652398000
2022-10-21,12.068090417832614,12.467102092739703,11.85761257031653,12.4351806640625,609494000
2022-10-24,12.477077391333092,12.678577660700563,12.034174829585528,12.567852020263672,517457000
2022-10-25,12.662618457515958,13.267120266355917,12.632691937809854,13.228216171264648,505482000
2022-10-26,12.837185850244591,13.354901886783574,12.676583621317251,12.864118576049805,532953000
2022-10-27,13.596304034739564,13.803789999892798,13.08955953917814,13.143425941467285,583113000
2022-10-28,13.071603238162181,13.815759201014696,13.028709325811903,13.799798011779785,521040000
2022-10-31,13.743938035026355,13.803790122164811,13.264127212017728,13.463632583618164,486341000
2022-11-01,13.77685473939127,13.890573215216364,13.4855768377865,13.509517669677734,432817000
2022-11-02,13.815760885842039,14.174870563722804,13.178340660596593,13.186320304870605,672628000
2022-11-03,13.010755424842653,13.746930863679363,12.923970612064814,13.38782024383545,500065000
2022-11-04,13.95142241289194,14.193821673388257,13.663136398930058,14.121002197265625,612576000
2022-11-07,14.192825541805423,14.376370676305802,13.919503702415724,14.265645027160645,410061000
2022-11-08,14.764407269491864,14.854184915550686,14.180853521426073,14.565899848937988,595292000
2022-11-09,14.126986819932588,14.175866414863753,13.724983283457384,13.741941452026367,454414000
2022-11-10,14.76341213300267,15.734006289264514,14.51103733225041,15.711063385009766,700819000
2022-11-11,15.767922381770838,16.348483351245335,15.443726031126113,16.286636352539062,655487000
2022-11-14,16.177907561308043,16.499112040814346,15.882638829501316,16.254716873168945,527852000
2022-11-15,16.680659131421315,16.955975861509707,16.341499544736198,16.624797821044922,545876000
2022-11-16,16.122042368496476,16.321546754871036,15.833756370696808,15.870664596557617,649547000
2022-11-17,15.676147926956387,16.225786282199604,15.496592636887353,15.6382417678833,710894000
2022-11-18,15.926528055174298,15.962440257527843,15.082619839364542,15.370905876159668,492072000
2022-11-21,15.109553050431892,15.438737129847263,15.042718303446582,15.279132843017578,404739000
2022-11-22,15.29010813802562,16.01830401963345,15.084617057750513,15.998353004455566,472866000
2022-11-23,16.05820398423219,16.486144313073122,16.008328349427657,16.47816276550293,427241000
2022-11-25,16.277659960613633,16.44624088571978,16.1320209884095,16.229778289794922,167934000
2022-11-28,15.986378789361892,16.316561753105944,15.686124245692138,15.787871360778809,303741000
2022-11-29,15.787873909100043,15.892614834416975,15.481633631985178,15.60033893585205,298384000
2022-11-30,15.662198222921692,16.892465330806235,15.56242050073122,16.885480880737305,565298000
2022-12-01,16.961311508590725,17.22672059418411,16.598118225185257,17.097009658813477,470977000
2022-12-02,16.622066938764753,16.895459640770735,16.408540682249722,16.838584899902344,371389000
2022-12-05,16.64202269753776,16.95732209492753,16.435480895818028,16.57317543029785,352255000
2022-12-06,16.493351572776334,16.53625550550943,15.783927508680161,15.951555252075195,352694000
2022-12-07,15.737033837548465,16.150116510882306,15.632266127408133,16.08426284790039,372388000
2022-12-08,16.236924067023104,17.140915635032428,15.923619112619104,17.130937576293945,515456000
2022-12-09,17.121954302942694,17.54401680190964,16.937365000489294,16.963306427001953,465338000
2022-12-12,16.99922915428006,17.499117875319435,16.75976146929497,17.496124267578125,457328000
2022-12-13,18.48991481040543,18.748341354532826,17.67173314781312,18.031932830810547,656589000
2022-12-14,17.947124880020315,18.211538706655226,17.381382402080057,17.63481903076172,496888000
2022-12-15,17.107985485394817,17.281599496574888,16.662975165285864,16.91441535949707,478542000
2022-12-16,16.826609420854215,17.003217021729515,16.37361555870543,16.534257888793945,478232000
2022-12-19,16.53526189450194,16.57217862044,16.10920846876325,16.217966079711914,354039000
2022-12-20,16.02838403707244,16.27383892516191,15.816855115740298,16.04933738708496,403260000
2022-12-21,16.078275356146534,16.590138515163844,16.066300925017234,16.46441650390625,325025000
2022-12-22,16.05831692863529,16.102219997924365,14.849004230215598,15.304990768432617,565045000
2022-12-23,15.162310836101799,15.304993457460409,14.850005025607482,15.17228889465332,349326000
2022-12-27,15.04058027199165,15.066522651056324,14.024836646016347,14.089693069458008,464902000
2022-12-28,13.89612425706417,14.230381609035915,13.853219366158653,14.0048828125,351066000
2022-12-29,14.370070713593025,14.650446912717559,14.195458504097823,14.570624351501465,354923000
2022-12-30,14.302219345783994,14.596565369641379,14.201443443017887,14.581599235534668,310490000
2023-01-03,14.818075144951218,14.962754136499147,14.064748866809973,14.283263206481934,401277000
2023-01-04,14.534705251277302,14.820070487005857,14.209427782320121,14.716300964355469,431324000
2023-01-05,14.458872413551465,14.531710520758232,14.11663246222546,14.233373641967773,389168000
2023-01-06,14.44191076025438,14.976722686175162,14.00288666985135,14.826057434082031,405044000
2023-01-09,15.250112319426053,16.020399981796864,15.107428781304353,15.59334945678711,504231000
2023-01-10,15.472619594978903,15.926610744079499,15.437697345288079,15.87372875213623,384101000
2023-01-11,15.804881372380587,15.992464284529852,15.528495081310508,15.965523719787598,353285000
2023-01-12,16.06430389569738,16.600112025362304,15.45765118323187,16.47439193725586,551409000
2023-01-13,16.24190878461204,16.88448193196626,16.129160360121443,16.86153221130371,447287000
2023-01-17,16.861536645437063,17.688699300985697,16.861536645437063,17.662755966186523,511102000
2023-01-18,17.627834203643413,17.8333769022018,17.24368747395342,17.338478088378906,439624000
2023-01-19,16.998228042242104,17.158872284903268,16.693905869643526,16.727828979492188,452932000
2023-01-20,16.973286475081306,17.816414337109105,16.787699916065623,17.79945182800293,564967000
2023-01-23,18.023954731552497,19.202338339087234,17.778501680528674,19.150453567504883,655163000
2023-01-24,18.7852576049282,19.451777728959655,18.778273155345232,19.222286224365234,496204000
2023-01-25,18.871071892196763,19.32705950006516,18.538809936927446,19.280162811279297,449537000
2023-01-26,19.657320791237296,20.121289984084356,19.235258296776955,19.75809669494629,489535000
2023-01-27,19.418852978689333,20.582268342414245,19.36198013839365,20.31985092163086,542142000
2023-01-30,19.90577336731511,20.095350783793005,19.107545755024255,19.11952018737793,488611000
2023-01-31,19.127503487962052,19.643357585934556,18.907991875192625,19.493690490722656,498017000
2023-02-01,19.647345080075983,21.145016818201913,19.567522516028927,20.896570205688477,660477000
2023-02-02,20.953441855430544,21.900337276933485,20.65410773302951,21.660869598388672,564276000
2023-02-03,20.953438276075058,21.69678728086083,20.742905669015506,21.0532169342041,429366000
2023-02-06,20.7598742206852,21.522180421955568,20.739918102623005,21.042247772216797,452197000
2023-02-07,21.33459738007037,22.209653931499272,21.10311135974189,22.123844146728516,664150000
2023-02-08,22.33736696829217,22.827279543884256,21.959207503696422,22.155771255493164,559651000
2023-02-09,22.555882109825383,22.96896380674192,22.07095953858251,22.287477493286133,523876000
2023-02-10,21.64190659982985,22.029044859057883,20.764855924011574,21.21784782409668,550737000
2023-02-13,21.49024697725974,21.99911645552033,20.91552384659178,21.73969268798828,474919000
2023-02-14,21.53016116062426,22.997900655540672,21.318631266584543,22.920074462890625,675474000
2023-02-15,22.49900422442741,22.80432551871884,22.056987553870204,22.71352767944336,420575000
2023-02-16,22.08393046172455,22.500005788164945,21.878387788866807,21.953222274780273,412026000
2023-02-17,21.58304317749563,21.691800771351655,20.92849743532747,21.3405818939209,465888000
2023-02-21,20.953439640659408,21.446343845986352,20.57228662621733,20.60920524597168,410015000
2023-02-22,20.661090150563847,21.05720930150761,20.375723053454355,20.707984924316406,513184000
2023-02-23,23.388035501899783,23.835042267919597,22.97395461774742,23.61153793334961,1117995000
2023-02-24,23.17350941362294,23.421957916477858,22.89612587509221,23.234373092651367,589716000
2023-02-27,23.617520428698207,23.827053916300855,23.401999726272685,23.448894500732422,452994000
2023-02-28,23.320184085898383,23.772180806302725,23.15455174201123,23.16452980041504,455963000
2023-03-01,23.140580708274207,23.204439895549427,22.45809718193452,22.647676467895508,460026000
2023-03-02,22.438144871095187,23.328165597904217,22.382267363825353,23.262311935424805,389415000
2023-03-03,23.268298244670323,23.8470122834048,23.07871895003249,23.837034225463867,412393000
2023-03-06,23.838034225602097,24.19424120106475,23.434928663312892,23.501781463623047,437429000
2023-03-07,23.551677824513874,24.07560247170694,23.193411743392723,23.24031639099121,515154000
2023-03-08,23.438905826491442,24.150447084590173,23.37603510396069,24.131484985351562,513573000
2023-03-09,24.125499097663184,24.403929057492398,23.33512096029611,23.38801383972168,501257000
2023-03-10,23.36106747628327,23.57862150456227,22.679465442665016,22.91797637939453,474866000
2023-03-13,22.705413316762304,23.250294843227117,22.25134506080111,22.918973922729492,421890000
2023-03-14,23.447888767567775,24.169407892174178,23.411961279895785,24.01372718811035,474910000
2023-03-15,23.712347660414334,24.23627231190452,23.312169659954225,24.17839241027832,524486000
2023-03-16,23.97780468614888,25.535607427755508,23.845075681386035,25.488704681396484,583253000
2023-03-17,25.9287988632653,26.3449448193976,25.61544073749828,25.672325134277344,848547000
2023-03-20,25.562549518958868,25.970712430849073,25.07854201438664,25.846965789794922,432747000
2023-03-21,26.12639693275394,26.337962757604163,25.329033093000934,26.145357131958008,547408000
2023-03-22,26.370891881444173,27.53250995771594,26.183277100976117,26.41380500793457,797295000
2023-03-23,27.059477978352234,27.442692460706514,26.635348987272323,27.13532257080078,564889000
2023-03-24,26.975651684052345,27.111372891793874,26.301035262211116,26.724166870117188,454920000
2023-03-27,26.782054009742414,26.944720391290076,26.311020257377994,26.476680755615234,361026000
2023-03-28,26.392847592513167,26.45871243560378,25.79706988863312,26.35592269897461,356104000
2023-03-29,26.77007235480998,27.022552652943062,26.542538581113224,26.92874526977539,393694000
2023-03-30,27.173248891114078,27.442696524698064,27.046508115727384,27.326932907104492,364516000
2023-03-31,27.08442846214019,27.777007695296096,27.049500279209546,27.720125198364258,433933000
2023-04-03,27.452673959085395,27.942667821784,27.280027855037655,27.907739639282227,398716000
2023-04-04,27.908733850028394,27.942664624417038,27.25108288313044,27.39678382873535,368592000
2023-04-05,26.774068490200907,26.942721186079208,26.340957083573166,26.82596206665039,515015000
2023-04-06,26.529564526400943,27.024549174224266,26.372886420842022,26.981637954711914,397654000
2023-04-10,26.768078927982756,27.564445330206645,26.61439491835625,27.522531509399414,395279000
2023-04-11,27.667232866582555,27.733097708803008,27.07045586293639,27.11336898803711,314378000
2023-04-12,27.31395651647884,27.4117554199044,26.39384357131544,26.44074821472168,446259000
2023-04-13,26.67926233700585,26.831948953111812,26.27509277834578,26.408817291259766,353615000
2023-04-14,26.449729310820583,26.82795296952223,26.166310441978037,26.703208923339844,395660000
2023-04-17,26.510608881587505,26.950705921949755,26.378879181117764,26.946714401245117,321471000
2023-04-18,27.476623258466837,28.052441434897503,27.30098304931903,27.610347747802734,604812000
2023-04-19,27.304973482039863,27.942664953460447,27.176237922113327,27.87380599975586,358660000
2023-04-20,27.614338469088974,27.97260451308213,26.94471292728332,27.048500061035156,427713000
2023-04-21,26.896809179807708,27.12733705203514,26.667280615099155,27.063467025756836,345103000
2023-04-24,26.957689535565127,27.309965480209698,26.61638884445198,26.986629486083984,339282000
2023-04-25,27.02255529680181,27.191209883551597,26.17130312906319,26.18726921081543,378527000
2023-04-26,26.946713672472086,27.274041202719886,26.65032090270942,26.900806427001953,406337000
2023-04-27,27.306972360442714,27.43870204664904,26.57048262204744,27.170251846313477,377161000
2023-04-28,27.169255299832017,27.701162985929276,27.015569392110717,27.692182540893555,292216000
2023-05-01,27.782992788233905,28.998499127200773,27.72311618189631,28.850801467895508,570329000
2023-05-02,28.621271917225346,28.77695261116226,28.025494279618155,28.152233123779297,402730000
2023-05-03,27.782995617159955,28.30891697061435,27.415749094927655,27.745073318481445,383387000
2023-05-04,27.594376467675538,27.801950716388607,27.184218797378904,27.50555992126465,321850000
2023-05-05,27.76902536331952,28.696122147897874,27.67422056486533,28.62127685546875,361494000
2023-05-08,28.46359870886539,29.16016946274796,28.291951910306917,29.091310501098633,344979000
2023-05-09,28.839828282414175,28.913676170511692,28.3917482221622,28.51249885559082,314869000
2023-05-10,28.945604646457426,29.053385196702436,28.40271989270496,28.825851440429688,369350000
2023-05-11,28.836833229798795,28.89072351358173,28.18816453314951,28.51948356628418,322149000
2023-05-12,28.470583157825374,28.72107056378974,27.988572349830026,28.281970977783203,274222000
2023-05-15,28.44962451405931,28.909680980904948,28.094354488734744,28.893712997436523,293926000
2023-05-16,28.781946830273363,29.808841156723194,28.77296638486964,29.15318489074707,449405000
2023-05-17,29.523423532319487,30.137164031905737,29.369739532230806,30.116207122802734,432535000
2023-05-18,30.347734802848134,31.762830690352914,30.25791892725925,31.61313819885254,748725000
2023-05-19,31.471431780342787,31.515342318077742,30.85270224828464,31.199989318847656,473908000
2023-05-22,30.837727010931786,31.455460948812917,30.617180758045432,31.112165451049805,372000000
2023-05-23,30.936527392343383,31.223937817936044,30.568283438861428,30.625165939331055,356253000
2023-05-24,30.14814019154648,30.54432854642124,29.74496810397816,30.4754695892334,721419000
2023-05-25,38.44412056648187,39.39916178020132,36.55998587698389,37.9022331237793,1543911000
2023-05-26,37.81241541975771,39.08979325980009,37.47311145513567,38.86625289916992,714397000
2023-05-30,40.5118797580755,41.85212836748926,39.86720258532556,40.02886962890625,923401000
2023-05-31,39.40713539949418,40.21248203227246,37.744546670463095,37.75652313232422,1002580000
2023-06-01,38.410192719285774,39.967997415586815,38.26149953067262,39.68857192993164,635873000
2023-06-02,40.014895164925456,40.4170698367897,38.97802122010776,39.2464714050293,482731000
2023-06-05,38.829321475557855,39.48397633432031,38.6277354717196,39.09078598022461,396094000
2023-06-06,38.75049794421731,39.07982029424169,38.06989131464503,38.57485580444336,388729000
2023-06-07,38.83933255229278,39.422196626647725,37.28336203456749,37.402130126953125,511998000
2023-06-08,37.650656098499375,38.78843910356959,37.43208391857247,38.43512725830078,417772000
2023-06-09,38.96109737948555,39.6337866781629,38.492013810296655,38.694618225097656,427717000
2023-06-12,39.123778310934604,39.45313466256055,38.5429092499931,39.40522766113281,388701000
2023-06-13,40.107864800357326,41.0210866253636,39.66273283742683,40.942237854003906,613208000
2023-06-14,40.744627187256896,42.91639507972652,40.47315286932789,42.91340255737305,740465000
2023-06-15,42.51917264005908,43.20483722073351,42.06505544214176,42.570072174072266,568622000
2023-06-16,43.36551525859182,43.635988226566326,42.578047952217986,42.60898971557617,655709000
2023-06-20,42.914401391724816,43.90447325497645,42.591030025374586,43.72282409667969,451153000
2023-06-21,43.416422222584046,43.53020280046162,41.998187390967416,42.961307525634766,551603000
2023-06-22,42.170843097037455,43.3415626918256,42.15188284213235,42.94134521484375,417737000
2023-06-23,42.381435491620046,42.72576209923424,41.93330719856048,42.126930236816406,358140000
2023-06-26,42.37844394803587,42.68085624285854,40.02203424973249,40.553001403808594,594322000
2023-06-27,40.71967293420545,41.858453292545065,40.369357466339395,41.794578552246094,462175000
2023-06-28,40.58094756482351,41.763645026068765,40.439225350764865,41.03705978393555,582639000
2023-06-29,41.47719520674288,41.51911336113598,40.521057714884826,40.74262619018555,380514000
2023-06-30,41.59896098123988,42.467268355429134,41.420308161971434,42.219749450683594,501148000
2023-07-03,42.434326127886784,42.81458581035407,42.11994000015232,42.330528259277344,198209000
2023-07-05,42.053076792694064,43.09305068763653,42.00317476731274,42.23472595214844,323618000
2023-07-06,41.76264953628558,42.09699732253943,41.265616640980895,42.02114486694336,303582000
2023-07-07,42.23972032067983,43.129988283454175,42.09799808880361,42.42036819458008,355881000
2023-07-10,42.57405800948138,42.72775789742395,41.56801476475212,42.097984313964844,353908000
2023-07-11,42.398400353937646,42.67486219078261,41.98520766702778,42.322547912597656,298244000
2023-07-12,42.94932537767914,43.84957190915323,42.693822639384614,43.81663513183594,481277000
2023-07-13,44.43144469055369,46.06525908080091,44.405494267990946,45.88760757446289,478204000
2023-07-14,46.492428621249765,47.99450350820883,44.972390985691305,45.38059616088867,772075000
2023-07-17,46.1990038397671,46.40559830268811,45.1740001632929,46.37066650390625,510488000
2023-07-18,46.610203412946326,47.80287977104107,45.64508441337884,47.40166091918945,569164000
2023-07-19,47.37170688757378,47.72501862546396,46.65111069572906,46.98545837402344,427502000
2023-07-20,46.41656835473567,46.99544238777774,44.974378423082534,45.431488037109375,537865000
2023-07-21,45.698971418551594,45.776822685139486,44.01425371443011,44.22284698486328,963769000
2023-07-24,44.64402903720118,45.02129625877823,43.95437445925072,44.52526092529297,382516000
2023-07-25,44.85362300335587,46.093204951452925,44.835656447425045,45.590187072753906,348081000
2023-07-26,45.93151847506049,45.96345774796509,44.54322423850326,45.363624572753906,364237000
2023-07-27,46.42855649018283,47.302852779891246,45.66105061247082,45.810760498046875,455976000
2023-07-28,46.577265904182916,46.93556908272483,46.2908251472219,46.65910720825195,331194000
2023-07-31,46.66308691226905,47.03835521956347,46.41556805998911,46.63813400268555,251055000
2023-08-01,46.36966307349115,46.808809981833214,45.9375063312931,46.41657257080078,237858000
2023-08-02,45.74188936339505,45.750870737209425,43.302641133046315,44.182926177978516,530142000
2023-08-03,43.71483776411609,45.03027593449394,43.71483776411609,44.42844772338867,324176000
2023-08-04,44.897535492129286,45.55325576078865,44.30668747221976,44.5931282043457,362666000
2023-08-07,45.023299970859505,45.45146680674041,44.47636500012794,45.328704833984375,322154000
2023-08-08,44.76578774990283,45.154031311172126,43.970336566145846,44.57715606689453,353843000
2023-08-09,44.18792110075107,44.22584923169371,42.052082281111176,42.47126770019531,586449000
2023-08-10,42.07802662294512,43.489278793199354,41.75365777083557,42.30558395385742,492705000
2023-08-11,41.66982783575129,41.93631084030742,40.559990255420004,40.775569915771484,533085000
2023-08-14,40.40728424676243,43.714840105511556,40.23262525589616,43.667930603027344,690286000
2023-08-15,44.4733696589914,45.17999337738196,43.625019909517064,43.85457229614258,676512000
2023-08-16,44.43343721611258,44.588134620821634,43.321601018047524,43.40144729614258,527451000
2023-08-17,43.884505920253574,43.97632609118521,42.91738827793847,43.25972366333008,452395000
2023-08-18,42.55210279035976,43.4932701006516,41.57900001272248,43.214813232421875,583768000
2023-08-21,44.4074878070853,46.9734880439128,44.13601730847926,46.87567901611328,692573000
2023-08-22,48.04141091720703,48.09331176452581,45.24486061801989,45.57920837402344,755293000
2023-08-23,45.776832751180166,47.10823894798695,45.120111028865615,47.0244026184082,779046000
2023-08-24,50.1183701071456,50.168272136137816,47.06731429104691,47.07130432128906,1156044000
2023-08-25,46.92059466008382,47.71205208326433,44.936457196698406,45.92852783203125,925341000
2023-08-28,46.391631711311426,46.888664634446876,44.800732684420076,46.74394607543945,685192000
2023-08-29,46.57526237156326,48.98556752704201,46.30079556232575,48.689144134521484,701397000
2023-08-30,48.94863943193041,49.82992198159772,48.330843509784565,49.168212890625,735206000
2023-08-31,49.283989932424504,49.64728061160453,48.86280955740575,49.259037017822266,528570000
2023-09-01,49.6652424618298,49.7031667765697,48.04838969224288,48.414676666259766,463830000
2023-09-05,48.1292368066892,48.75601791251672,47.76694364415611,48.45360565185547,382653000
2023-09-06,48.350797071158595,48.45859385625443,46.49326248710991,46.973365783691406,468670000
2023-09-07,45.440229441727205,46.25770462589442,45.067922908266546,46.1548957824707,433330000
2023-09-08,45.856454433608306,46.519215678178135,45.18670244634744,45.48714065551758,473069000
2023-09-11,46.062063171640766,46.07703462980452,44.229483586598796,45.0938720703125,473966000
2023-09-12,44.6546914479524,45.587951736657104,44.44807617569655,44.78644561767578,349256000
2023-09-13,44.51695245570367,45.84447779885845,44.4201329496468,45.400306701660156,398355000
2023-09-14,45.86444047531069,45.90137033130358,45.04696523433204,45.49612808227539,370097000
2023-09-15,45.25656332752661,45.514082288276775,43.726417212467545,43.8182487487793,506831000
2023-09-18,42.668394445794135,44.15961175484726,41.92178629799531,43.884124755859375,500271000
2023-09-19,43.7513779115944,43.8841296709857,42.921924053303314,43.438961029052734,373064000
2023-09-20,43.518816723640995,43.8212539488895,42.144381748538365,42.16035079956055,367108000
2023-09-21,41.505572228064345,42.02160786318076,40.903694380315116,40.94062423706055,450736000
2023-09-22,41.494589042058344,42.0365810200349,41.154224400495224,41.53252029418945,479236000
2023-09-25,41.513557426280826,42.45679753767784,41.10032682953403,42.14338302612305,419091000
2023-09-26,41.92278696484624,42.74026210135053,41.577430601284675,41.83295440673828,402282000
2023-09-27,42.2511801171412,42.79217068875673,41.55148521974545,42.388919830322266,444935000
2023-09-28,42.38093579889095,43.36509986355093,42.03658080053992,43.008766174316406,424663000
2023-09-29,43.74539144535937,44.061802514667,43.226359256277895,43.41800308227539,397830000
2023-10-02,43.948009813372195,45.09087814744479,43.77932579033049,44.698612213134766,433298000
2023-10-03,44.724558993956826,45.045961784832514,43.165467413747166,43.43596267700195,470850000
2023-10-04,43.6605451941074,44.06079943552314,43.21138241263282,43.958988189697266,361821000
2023-10-05,43.96796969540584,44.816389117042256,43.80627261934712,44.60478210449219,393483000
2023-10-06,44.11070969679084,45.70373848025028,43.9440208476475,45.676788330078125,434436000
2023-10-09,44.75850060605626,45.520080342411596,44.28538419676615,45.188697814941406,409675000
2023-10-10,45.22562871384522,46.17285906419018,45.004041982640686,45.71271896362305,368582000
2023-10-11,46.109973069324404,46.77174044276166,45.964245041548175,46.71883773803711,378137000
2023-10-12,46.68989566086201,47.52034710135052,46.24372943331202,46.857582092285156,481325000
2023-10-13,46.87255588078778,47.02826743741539,45.19568386802554,45.376346588134766,474115000
2023-10-16,44.97908693457242,46.13892190023753,44.82836714020883,46.0091667175293,375099000
2023-10-17,43.91807456153945,44.670672271855,42.40090425613856,43.8561897277832,812333000
2023-10-18,42.51168892025405,43.13852165493323,41.74711648202066,42.11742401123047,627294000
2023-10-19,42.731286777485096,43.216381906827145,41.8040157217801,42.02260971069336,501233000
2023-10-20,41.81199826924351,42.39092011000652,41.00150997673177,41.3099365234375,477266000
2023-10-23,41.152230295210934,43.1674718539468,40.86875871685224,42.89497756958008,478530000
2023-10-24,42.99679194298043,43.61563646063165,42.611512883812075,43.58169937133789,401463000
2023-10-25,43.31718712471628,43.56872058494652,41.477620479123594,41.701202392578125,398379000
2023-10-26,41.775064849583806,42.17731428874224,39.80573926150373,40.25090789794922,541001000
2023-10-27,41.0534152286562,41.12927392659706,39.94048973150051,40.42458724975586,416784000
2023-10-30,41.01049849985918,41.68823125867914,40.405624059194345,41.08435821533203,388028000
2023-10-31,40.37467609597359,40.80287807912132,39.15694672159714,40.70405960083008,517969000
2023-11-01,40.80787414060049,42.30208841819016,40.79290267934758,42.246192932128906,437593000
2023-11-02,43.247317846401735,43.802282272530825,42.814127888386025,43.42498779296875,409172000
2023-11-03,43.93803330221259,45.22463078266812,43.641585445769095,44.921199798583984,424610000
2023-11-06,45.20067395834923,45.849465106470674,44.815391150878824,45.66580581665039,400733000
2023-11-07,45.63386613375853,46.131933661639785,45.07390997743288,45.86942672729492,343165000
2023-11-08,46.014157765591044,46.77973167159943,45.882403587242706,46.48727798461914,346719000
2023-11-09,47.3786111235174,48.14019083451283,46.662947187934414,46.86257553100586,540496000
2023-11-10,47.411547124751294,48.38173722144184,47.194952159011976,48.244991302490234,421245000
2023-11-13,48.23001652415506,49.02453561714493,48.00942740784403,48.529457092285156,384136000
2023-11-14,49.58749116388393,49.74120373030796,48.948683517262864,49.563533782958984,416954000
2023-11-15,49.84201782618033,49.86696898933371,48.11024794590893,48.796966552734375,475497000
2023-11-16,48.58836351173286,49.43278898125674,48.24001430327831,49.38787078857422,339756000
2023-11-17,49.43178055903223,49.62442196935827,48.915744960766254,49.20620346069336,325205000
2023-11-20,49.22017851068948,50.453877068941594,49.08942192234672,50.31513595581055,414120000
2023-11-21,50.03266205340574,50.422932832163035,49.130346021791986,49.85100173950195,565747000
2023-11-22,49.759176257408164,50.24127480470822,47.601199364673555,48.62528991699219,899420000
2023-11-24,48.37974638442562,48.829906801279186,47.656094105123046,47.68703842163086,294645000
2023-11-27,47.7109937696309,48.43963402417859,47.56327053938668,48.15217208862305,395662000
2023-11-28,48.146180818273855,48.233020614585215,47.38460109717888,47.73195266723633,401491000
2023-11-29,48.288918833586436,48.67120510025969,47.770884217997974,48.05036163330078,382005000
2023-11-30,47.93458151014452,48.020423730668426,46.33556692252438,46.682918548583984,526247000
2023-12-01,46.43837031596677,47.11211268040661,46.10099843511436,46.677921295166016,369317000
2023-12-04,45.99119263522652,45.99119263522652,44.92617831886354,45.42524719238281,437543000
2023-12-05,45.385325095795785,46.51731180808335,45.19067140687653,46.483375549316406,371718000
2023-12-06,47.13121252658082,47.30290817923265,45.33141072473821,45.42224884033203,380590000
2023-12-07,45.6189146142351,46.54626712955494,45.52308427817849,46.51332473754883,350823000
2023-12-08,46.5123243077979,47.65629078492983,46.467402174460815,47.42170715332031,359224000
2023-12-11,47.40673492251671,47.446661054028745,45.74868283771919,46.54426574707031,509728000
2023-12-12,45.96430689603469,47.581431635575925,45.96430689603469,47.57244873046875,372387000
2023-12-13,47.54449647259797,48.507784486050255,47.523533822968744,48.002681732177734,447792000
2023-12-14,48.30413587026834,48.58363781796952,47.33785498826681,48.26420593261719,391232000
2023-12-15,48.10848894942567,49.31634111544804,48.034618938742405,48.803253173828125,479948000
2023-12-18,49.31235079913167,50.34351507731144,49.062794375670336,49.9881477355957,412587000
2023-12-19,49.33630266590499,49.61181391094036,48.80824198487287,49.51598358154297,464444000
2023-12-20,49.5668939044448,49.91028529819524,48.012657344636494,48.025634765625,397894000
2023-12-21,48.724392927903814,49.007889407965415,48.333086371904265,48.903076171875,300425000
2023-12-22,49.10770498591239,49.29537111268927,48.380996155276534,48.74335479736328,252507000
2023-12-26,48.88111364335506,49.51199224313979,48.87312841671405,49.19156265258789,244200000
2023-12-27,49.42315398247824,49.59185284551433,48.997907338293054,49.32931900024414,233648000
2023-12-28,49.55491912329638,49.79548883206165,49.324326187941345,49.43413162231445,246587000
2023-12-29,49.72461566156116,49.90829110638661,48.664499712290464,49.43413162231445,389293000
2024-01-02,49.1566219566508,49.20753015338818,47.51054964423797,48.0825309753418,411254000
2024-01-03,47.40074566328975,48.09850289557728,47.23603751691528,47.484596252441406,320896000
2024-01-04,47.68224884044641,48.41395003873669,47.42370949212884,47.912841796875,306535000
2024-01-05,48.37601981173892,49.459093875047344,48.22029454815895,49.009891510009766,415039000
2024-01-08,49.424151981929796,52.18225008334284,49.39120958940494,52.16028594970703,642510000
2024-01-09,52.308031854280586,54.22861810717389,51.598290954841644,53.045719146728516,773100000
2024-01-10,53.52086794542818,54.50311934146144,53.39409057576156,54.253562927246094,533796000
2024-01-11,54.9014155282273,55.247799966123495,53.46496957614301,54.724727630615234,596759000
2024-01-12,54.52308221048439,54.872463461679565,54.23359967517569,54.61292266845703,352994000
2024-01-16,54.92037758541191,56.734151032115776,54.80258693421074,56.28195571899414,449580000
2024-01-17,56.24701784811916,56.3707983705155,54.6428708670297,55.95354080200195,474394000
2024-01-18,57.15840468720761,57.49780159403606,56.00745052096862,57.00567626953125,491650000
2024-01-19,57.88610325059809,59.39442372974931,57.12345894632279,59.385440826416016,543501000
2024-01-22,59.94245635666948,60.223957503871716,58.96519328035112,59.54815673828125,452955000
2024-01-23,59.46430561582059,59.803702511682395,58.48105267598879,59.76676940917969,294654000
2024-01-24,60.19700279855746,62.73748534909312,59.831651069260054,61.25312423706055,560271000
2024-01-25,62.23936480631996,62.60771334377325,60.74202640224238,61.507667541503906,482777000
2024-01-26,60.85184486809087,61.673386573449946,60.46553424922613,60.9227180480957,390309000
2024-01-29,61.12335395532468,62.37812361839996,60.79893365210522,62.35416793823242,348733000
2024-01-30,62.788400246614664,63.38034661468554,62.1495325776363,62.662620544433594,410735000
2024-01-31,61.330983989988475,62.15851544921119,60.59229912426738,61.41783142089844,453795000
2024-02-01,61.98980787209497,63.07887540719106,61.54060940108073,62.915164947509766,369146000
2024-02-02,63.8604917267368,66.48183193924027,63.57699522405565,66.04261779785156,476578000
2024-02-05,68.10395378778126,69.3737001755538,67.08576682117494,69.20899200439453,680078000
2024-02-06,69.50646063248888,69.63024118166943,66.18237446253364,68.10195922851562,683111000
2024-02-07,68.19777661316522,70.09540449820057,67.48005062301553,69.97461700439453,495575000
2024-02-08,69.94967122078744,70.66839500514845,69.3317737851438,69.51744079589844,414422000
2024-02-09,70.40785287358678,72.05692221360141,70.08742326576261,72.00502014160156,436637000
2024-02-12,72.47117717433613,74.4786104438433,71.12357413495056,72.11980438232422,613710000
2024-02-13,70.2750920169868,73.31967588505927,69.49647717607553,72.0000228881836,602580000
2024-02-14,73.0721307009838,74.10429279758857,71.81037331243682,73.76889038085938,504917000
2024-02-15,73.73793302512789,73.8437401296513,72.27153779440317,72.5290756225586,420122000
2024-02-16,73.96851471281462,74.2699807907232,72.37235296886776,72.4841537475586,495327000
2024-02-20,71.81934960299229,71.82833631589585,67.61382690331146,69.32878112792969,704833000
2024-02-21,67.88533642606332,68.76577530674938,66.13045996080022,67.35228729248047,673755000
2024-02-22,74.89189108055353,78.43558804957509,74.08831901858908,78.3986587524414,865100000
2024-02-23,80.64666119604064,82.24781162101127,77.43237298519631,78.67716217041016,829388000
2024-02-26,79.5585907729136,80.50291911362528,78.36571128314377,78.95167541503906,503973000
2024-02-27,79.24015705268404,79.338988045559,77.02509990421383,78.56136322021484,391705000
2024-02-28,77.48227691873889,78.7929431019633,76.98815248522881,77.52519989013672,393110000
2024-02-29,78.95367572984398,79.84808217607286,78.21099242072147,78.97164154052734,507289000
2024-03-01,79.85804776923267,82.15396968894088,79.29404786978826,82.13300323486328,479135000
2024-03-04,83.98070887832954,87.53938523582946,83.57044270492621,85.08574676513672,615616000
2024-03-05,85.12270452666515,85.94827947163024,83.2729084960246,85.81550598144531,520639000
2024-03-06,87.8699456446009,89.56900130568565,86.87965493223747,88.54676818847656,582520000
2024-03-07,90.00224735235656,92.60674140930558,89.44720809741612,92.5089111328125,608119000
2024-03-08,94.97363874493585,97.23173191783087,86.35654773150235,87.37678527832031,1142269000
2024-03-11,86.27969890435133,88.6436045203793,84.0206076407832,85.6258316040039,678364000
2024-03-12,87.89689583589372,91.80113493638854,86.0011743538899,91.75421905517578,668075000
2024-03-13,90.89770650975179,91.34592838246506,88.28222971094472,90.73099517822266,635713000
2024-03-14,89.42225831640668,90.48941185201531,86.45039611721776,87.79207611083984,602318000
2024-03-15,86.77983369344113,89.39131202190967,86.10799973550625,87.68526458740234,642086000
2024-03-18,90.23185202169164,92.24536587684682,86.9345566695886,88.30219268798828,668976000
2024-03-19,86.55022352343148,90.38758481674583,84.86314816147532,89.24356842041016,672171000
2024-03-20,89.64187768825083,90.25382534481801,88.07059918494765,90.21588897705078,479063000
2024-03-21,92.14054972284487,92.48794810720764,90.24881917443113,91.27703857421875,480372000
2024-03-22,90.9835569272488,94.61427521165601,90.67708804781446,94.1261215209961,586719000
2024-03-25,93.77871885813295,96.59883562555477,93.34846365413705,94.83788299560547,552136000
2024-03-26,95.68541767838448,96.20851455285562,92.34220396856466,92.4011001586914,513648000
2024-03-27,92.95114086525014,93.07891808960773,88.96903377539708,90.09408569335938,586067000
2024-03-28,89.8445252112995,91.1422825108375,89.03892009399118,90.19991302490234,435212000
2024-04-01,90.14301673764523,92.06568455405531,89.0499070749777,90.20690155029297,452441000
2024-04-02,88.295199136712,89.93835929549583,87.46863424504667,89.29747009277344,433064000
2024-04-03,88.33114383542578,90.21787822523544,88.24728931215489,88.81031036376953,370067000
2024-04-04,90.24982348069041,90.47743406262694,85.73164109008061,85.75659942626953,434965000
2024-04-05,86.71593914747515,88.32815477151372,85.77756814573236,87.85597229003906,399678000
2024-04-08,88.546769676755,88.67654997902457,86.58217465386001,86.98248291015625,283220000
2024-04-09,87.29093308519522,87.48360044285332,82.87857107978263,85.20653533935547,501700000
2024-04-10,83.78102746556362,87.24902545092569,83.56439945092491,86.8886489868164,431929000
2024-04-11,87.2689793680449,90.58224601063488,86.77583708331596,90.45945739746094,431637000
2024-04-12,89.54403223705786,90.01921543730927,87.37878071175011,88.03364562988281,426805000
2024-04-15,88.94406648002054,90.45644843108836,85.78054278674153,85.8524169921875,443077000
2024-04-16,86.28369399477991,87.96578088273147,85.91533573267348,87.26399993896484,370453000
2024-04-17,88.18737923912188,88.62163290761173,83.80496405819224,83.88982391357422,495400000
2024-04-18,84.82320627802973,86.0410998135889,82.25964198597137,84.52471923828125,447260000
2024-04-19,83.00636595540483,84.17833393456459,75.47539894537725,76.06836700439453,875198000
2024-04-22,77.96907171420484,79.93467203595871,76.26802061217705,79.38063049316406,596341000
2024-04-23,80.62946711947102,82.62601207910251,80.12534225900131,82.28060913085938,438559000
2024-04-24,83.80497344877082,83.93674919660243,79.0462101404743,79.53936004638672,512208000
2024-04-25,78.73174524823247,83.17905069622672,78.08786289005887,82.48925018310547,424641000
2024-04-26,83.67322387424187,88.178429159811,83.24296857442113,87.58345794677734,551011000
2024-04-29,87.44366977250507,87.83997945690294,85.11869103843989,87.60539245605469,388971000
2024-04-30,87.08928872900789,88.66556334587189,86.15091777999787,86.25273895263672,363709000
2024-05-01,84.93003072487383,85.85143274518,81.11462711525115,82.89754486083984,559863000
2024-05-02,84.30310641773906,86.08801954331209,83.05626359727954,85.66874694824219,377898000
2024-05-03,87.6373400551101,89.12675929539812,86.8896334546632,88.63561248779297,398341000
2024-05-06,89.23558536447402,92.06069859527176,88.90116496394158,91.9808349609375,376203000
2024-05-07,90.94062670307744,91.62244547206083,88.85723403089521,90.39756774902344,437342000
2024-05-08,89.32842516703573,91.03646805439529,89.26553046184982,90.25582122802734,325721000
2024-05-09,90.37260819958134,90.91466942223298,88.07858152551931,88.59368896484375,378013000
2024-05-10,90.14899684375659,91.24310415488777,89.07285618291228,89.72273254394531,335325000
2024-05-13,90.32169428450598,90.84080023922876,88.37606371894472,90.24283599853516,289680000
2024-05-14,89.44421267221655,91.49266969851776,88.78036057605543,91.19818115234375,296507000
2024-05-15,92.31226797545344,94.69813898318716,91.44077486128403,94.46653747558594,417735000
2024-05-16,94.74604213563502,95.65346838301872,93.94042944222824,94.19599151611328,323952000
2024-05-17,94.20597874528181,94.57633241179128,91.64740285082287,92.3192367553711,359691000
2024-05-20,93.58805245494568,95.03554461976276,93.27859039868353,94.61627197265625,318764000
2024-05-21,93.43729892728764,95.23519004733342,93.01902406434208,95.2212142944336,328946000
2024-05-22,95.29409598809328,95.85412388547536,93.08791463591838,94.78597259521484,548648000
2024-05-23,101.85175314144693,106.1363388077003,101.34462744914427,103.61969757080078,835065000
2024-05-24,104.2685576920773,106.29105867121642,102.82206339543845,106.28507232666016,429494000
2024-05-28,110.0535586136133,114.74044777454472,109.69318217417998,113.70423889160156,652728000
2024-05-29,112.85471267036033,115.29248791517858,110.70942292973874,114.62664031982422,557442000
2024-05-30,114.45194499585061,115.61892428256706,109.47356046717066,110.30911254882812,484553000
2024-05-31,112.3256250740568,112.52229098316289,106.75526997887016,109.44361877441406,613263000
2024-06-03,113.42473014133537,114.80134582519531,111.80952128063097,114.80134582519531,438392000
2024-06-04,115.51610755402032,116.39857553569502,113.8479889155611,116.23585510253906,403324000
2024-06-05,118.16652151115385,122.23747225440593,117.26508152569082,122.2284927368164,528402000
2024-06-06,123.83369734866147,125.37004011083056,118.11559592598994,120.78897094726562,664696000
2024-06-07,119.56310374577737,121.48178833918006,117.81812979264019,120.6791763305664,412386000
2024-06-10,120.16206756268633,122.88734731323206,116.80787124184927,121.5796127319336,313434100
2024-06-11,121.56962984389475,122.66782593913159,118.54461678500223,120.71105194091797,222551200
2024-06-12,122.85750988511934,126.67122400488891,122.36831828276222,124.99398803710938,299595000
2024-06-13,129.177104537848,129.58643359087407,126.95077798576432,129.39674377441406,260704500
2024-06-14,129.74617063783822,132.6214215295718,128.10886970168357,131.6630096435547,309320400
2024-06-17,132.77118307637525,133.5099557271365,129.3667902512595,130.7644805908203,288504400
2024-06-18,130.9242214788469,136.10568428406987,130.474964956118,135.35691833496094,294335100
2024-06-20,139.56998250489207,140.5283944338281,129.30689796657785,130.5648193359375,517768400
2024-06-21,126.91083052082259,130.4150570517715,124.09547105255645,126.36173248291016,649445800
2024-06-24,123.03719724453093,124.2551908621237,117.8457572795687,117.91564178466797,476060900
2024-06-25,121.00056940292565,126.29185160793926,119.12366557563713,125.88252258300781,414192600
2024-06-26,125.92244899462368,127.90917229563556,122.39825886605338,126.19200897216797,362975900
2024-06-27,123.89579983596734,126.20200405764365,122.71774114608809,123.78598022460938,252571700
2024-06-28,124.37501298465715,127.49986001719877,122.54802231076043,123.33672332763672,315516700
2024-07-01,123.26683055595603,124.63457133754859,118.63446631453066,124.09546661376953,284885500
2024-07-02,120.93067286767031,123.20692743216773,120.8308389451457,122.4681396484375,218374000
2024-07-03,121.45983599496338,128.06893920898438,121.16032653936864,128.06893920898438,215749000
2024-07-05,127.17039258704797,128.63798252741702,125.47319299554034,125.6229476928711,214176700
2024-07-08,127.28020581947078,130.55481479101948,126.83094936680692,127.9890365600586,237677300
2024-07-09,130.13552958791902,133.59982130546845,128.4383145629174,131.16383361816406,285366600
2024-07-10,133.8094467425138,134.87769332438475,132.20209545632153,134.68800354003906,248978600
2024-07-11,135.52662745493282,135.92596317348227,126.84094609019272,127.19036865234375,374782700
2024-07-12,128.04893020829968,131.70291097832524,127.01064833229333,129.02732849121094,252680500
2024-07-15,130.34514408452472,131.1737800395054,126.97070905664152,128.2286376953125,208326200
2024-07-16,128.22864817880884,128.82765170945768,124.37499938694933,126.15206909179688,214769500
2024-07-17,121.15030890615485,121.64948612259293,116.52793062400055,117.79583740234375,390086200
2024-07-18,121.64949097287113,122.19858897958201,116.36819489836525,120.89073944091797,320979500
2024-07-19,120.15196272062997,121.39990584738524,117.176870571876,117.73594665527344,217223800
2024-07-22,120.15196984200875,123.86585002604772,119.66277824004172,123.33672332763672,258068900
2024-07-23,122.57797258109629,124.48483346113822,121.8990911705108,122.3882827758789,173911000
2024-07-24,118.9739065074374,119.75262181556741,113.25333936427286,114.06200408935547,327776900
2024-07-25,112.85398925547956,116.43807811661003,106.12508231687993,112.0952377319336,460067000
2024-07-26,115.998801321254,116.00877938122822,111.39638688236367,112.87394714355469,293399100
2024-07-29,113.50293033164324,116.0886649396649,111.11686358531041,111.40637969970703,248152100
2024-07-30,111.33648541055072,111.80571322284378,102.37126667488353,103.55931091308594,486833300
2024-07-31,112.71421539482289,118.1452582531107,110.6975352036146,116.82743072509766,473174200
2024-08-01,117.3365974252001,119.96227450650746,106.63423649015627,109.03028869628906,523462300
2024-08-02,103.58925680976456,108.54109382170915,101.20319035397925,107.09347534179688,482027500
2024-08-05,91.90852648466269,103.23985783628589,90.54078549127688,100.28472137451172,552842400
2024-08-06,103.6691316762756,107.5327664843651,100.38455194570304,104.07846069335938,409012100
2024-08-07,107.6325946135043,108.62097103799087,98.52760658313275,98.74724578857422,411440400
2024-08-08,101.83215026963444,105.32639072006307,97.35951914167633,104.7972640991211,391910000
2024-08-09,105.46617163856445,106.42459107060563,103.2598090475883,104.57763671875,290844200
2024-08-12,106.14505252549102,110.88723650727509,106.08515369153115,108.84060668945312,325559900
2024-08-13,112.25498947976828,116.03875418683985,111.39640394640423,115.94889831542969,312646700
2024-08-14,118.33496052966188,118.40484504167927,113.88230026594151,117.88570404052734,339246400
2024-08-15,118.56458490618095,123.03720888953038,117.27670666159618,122.6578369140625,318086700
2024-08-16,121.73935978002291,124.79432235385619,120.98060816739599,124.37501525878906,302589900
2024-08-19,124.07548340044629,129.78607177734375,123.21689800857207,129.78607177734375,318333600
2024-08-20,128.18872055728244,129.66629628755138,125.6828560733908,127.04061889648438,300087400
2024-08-21,127.11050029285343,129.13716641620366,126.45159025428316,128.28855895996094,257883600
2024-08-22,129.80604926899383,130.5348437487765,122.89743071735391,123.536376953125,376189100
2024-08-23,125.6529157045682,129.38676754540884,125.0139693437825,129.15713500976562,323230300
2024-08-26,129.35679802537265,131.04400430992783,124.16535012958609,126.25190734863281,331964700
2024-08-27,124.84424526829238,128.98741074794592,123.67616460225028,128.08889770507812,303134600
2024-08-28,127.90917706049713,128.118838213882,122.43819852070378,125.40331268310547,448101100
2024-08-29,121.16030028839229,124.22524823697073,116.51795043355128,117.39649963378906,453023300
2024-08-30,119.33330911013266,121.54965726206557,117.02711271158417,119.17357635498047,333751600
2024-09-03,115.8191103772934,116.01877823521122,107.1134577156826,107.8222885131836,477155100
2024-09-04,105.23655349888746,113.0836130103624,103.94867525541761,106.03523254394531,372470300
2024-09-05,104.817243866478,109.4695798052194,104.58762658147727,107.0335922241211,306850700
2024-09-06,107.86222325429438,107.97204286084109,100.78388574677186,102.66079711914062,413638100
2024-09-09,104.7074122640328,106.37466998895037,103.5193756446925,106.2947998046875,273912000
2024-09-10,107.63258020585863,109.21996758561849,104.77728615100841,107.92210388183594,268283700
2024-09-11,109.20999122026392,116.99715887318843,107.24323176128858,116.71762084960938,441422400
2024-09-12,116.6577172050991,120.60155948017247,115.19999582839206,118.95413208007812,366052700
2024-09-13,118.8942191250157,119.77284345041441,117.41652479583126,118.9141845703125,238358300
2024-09-16,116.60780299971084,117.99563392468083,114.18159360974668,116.59781646728516,248772300
2024-09-17,117.98564481894722,118.61466685067687,114.65085910577872,115.40966796875,231925900
2024-09-18,115.70920340593533,117.51637724987856,113.04337060887723,113.1931381225586,310318900
2024-09-19,117.16692604230532,119.47332749554481,117.06708357128667,117.68611907958984,293506400
2024-09-20,116.87737463970251,118.43494609535816,115.2099818009,115.81903076171875,382462400
2024-09-23,116.36817703420066,116.80748542405605,114.68081111279044,116.07862854003906,206228500
2024-09-24,116.33821493002908,121.60998405209612,115.19999404233639,120.68143463134766,354966800
2024-09-25,121.82962567540989,124.74507579152808,121.42026930294443,123.31730651855469,284692900
2024-09-26,126.60217747362803,127.47081527785902,121.6099781665842,123.84648132324219,302582900
2024-09-27,123.77659196922,123.83649592385486,119.07394109309165,121.21060180664062,271009200
2024-09-30,118.12541998168962,121.31044564232414,117.96567356169257,121.25054168701172,226553700
2024-10-01,121.58001370293499,122.24897417258154,115.60934783662292,116.81745910644531,302094500
2024-10-02,116.25834508658102,119.19375323018366,114.96037016184738,118.66458129882812,221845900
2024-10-03,120.73135113827638,124.16598683922703,120.15225416683853,122.65834045410156,277118000
2024-10-04,124.7450859792245,124.84492844767553,121.63993722019764,124.72511291503906,243678100
2024-10-07,124.7949925984476,130.43617917860723,124.75505409102715,127.52073669433594,346250200
2024-10-08,130.0567764001493,133.27175410957346,129.2180905372518,132.68267822265625,285722500
2024-10-09,133.9007678130665,134.31013180466115,131.17503131034326,132.4430389404297,246191600
2024-10-10,131.70421594134592,134.7893916948541,130.79563194093248,134.5996856689453,242311300
2024-10-11,133.80093033986074,135.5681732923908,133.4514855032485,134.58970642089844,170209500
2024-10-14,136.2570891265267,139.3822107684187,136.0873561782587,137.85459899902344,232347700
2024-10-15,137.65492238931424,138.35384259997033,128.53917525345673,131.39471435546875,377831000
2024-10-16,133.7709642153392,136.40684475827754,131.37471471629812,135.5082550048828,264879700
2024-10-17,139.12262899690117,140.6702140778628,136.65648092397825,136.7163848876953,306435900
2024-10-18,138.45365135367973,138.68328825202838,137.06582057977474,137.78469848632812,176090200
2024-10-21,137.91451267760561,143.48580932617188,137.78471061125512,143.48580932617188,264554500
2024-10-22,142.68705023422552,144.194689003585,141.55880826832362,143.36598205566406,226311600
2024-10-23,141.80843319617813,142.20780310560568,137.2455702792771,139.34228515625,285930000
2024-10-24,140.6003124972593,141.12948441968888,138.2439937495604,140.19094848632812,172354900
2024-10-25,140.71013437273555,143.90515439009727,140.5803475394567,141.31918334960938,205122100
2024-10-28,142.77689244758375,142.91667341121004,139.83149806296922,140.30076599121094,173586700
2024-10-29,140.0711235834401,142.0380513591214,138.68329276437913,141.02963256835938,157593600
2024-10-30,139.32230457284558,140.11108066863528,136.59656776236113,139.12261962890625,179418100
2024-10-31,137.38533225522045,137.39531116933003,131.90389188236236,132.55287170410156,270039600
2024-11-01,134.4898615442038,137.09579048755296,134.36007470728345,135.1887664794922,207127800
2024-11-04,136.9959472521015,138.74321710094807,135.3585064031532,135.83775329589844,187528200
2024-11-05,137.23555788662173,140.151000495864,137.11574997671616,139.6917266845703,160537400
2024-11-06,142.7369532584381,146.26144435454805,141.73851350917226,145.3828125,242043900
2024-11-07,146.1616297903136,148.69766066609404,145.9419717733186,148.6477508544922,207323300
2024-11-08,148.5378942315628,149.53633403774526,146.03180056765603,147.39967346191406,175665800
2024-11-11,148.44804913905642,148.61779734270107,143.3460354590936,145.03338623046875,182325600
2024-11-12,146.55100082856893,149.41651833977537,145.78219787373922,148.0586395263672,198634700
2024-11-13,148.83741275957428,149.09700159587854,145.67234551723544,146.04177856445312,191903300
2024-11-14,147.40966837696516,148.7675472701728,145.32293261192063,146.53103637695312,194463300
2024-11-15,144.64398997756967,145.0134231170618,139.86146934373124,141.7584991455078,250132900
2024-11-18,139.28235565663965,141.32916034590224,136.93601597273187,139.93133544921875,221205300
2024-11-19,141.09952959154865,146.90046279249913,140.77004260660007,146.7806396484375,227834900
2024-11-20,147.18001681813428,147.3297766964244,142.50731056070873,145.66238403320312,309871700
2024-11-21,149.11701974284432,152.65149063112756,140.4805046221909,146.44119262695312,400946600
2024-11-22,145.70231714314025,146.93040910376754,140.87986616890575,141.72853088378906,236406200
2024-11-25,141.76847182265374,141.82837577269152,135.60810012239304,135.8077850341797,344941900
2024-11-26,137.48518763604767,139.08269776121745,135.45835561529256,136.70640563964844,190287700
2024-11-27,134.7993734587721,137.00593247284488,131.59438972010054,135.1288604736328,226370900
2024-11-29,136.56660913585418,139.1326070072914,135.83775227020575,138.03431701660156,141863200
2024-12-02,138.6134117376161,140.23087948399635,137.60499293345052,138.41372680664062,171682800
2024-12-03,138.04431859051348,140.3207607312636,137.73480460641824,140.04119873046875,164414000
2024-12-04,141.77845844597738,145.56253876730494,140.07111960214385,144.91355895996094,231224300
2024-12-05,144.89360218968224,146.32146235801875,143.73532840807314,144.8436737060547,172621200
2024-12-06,144.38438282581114,145.482733396531,141.09928024490165,142.22760009765625,188505600
2024-12-09,138.762731329692,139.74126542086455,136.9254792951551,138.60296630859375,189308600
2024-12-10,138.80270319338828,141.60852572754877,133.59048602384692,134.86859130859375,210020900
2024-12-11,137.15514511831444,139.9609519122756,135.00835767243856,139.10223388671875,184905200
2024-12-12,136.8755860719742,138.2335586289744,135.59749604609573,137.13519287109375,159211400
2024-12-13,138.73281333743972,139.3918327936691,132.34234795745746,134.0498046875,231514900
2024-12-16,133.9798724705664,134.19954557462145,130.2254857362255,131.80313110351562,237951100
2024-12-17,128.89747709842524,131.39374870651014,126.67080709010266,130.19554138183594,259410300
2024-12-18,133.6603731199009,136.49613412730267,128.08869283192976,128.71775817871094,277444500
2024-12-19,131.56349862817564,133.8301176053825,129.3568029702355,130.485107421875,209719200
2024-12-20,129.61640819653473,135.07825184796977,128.02878306565836,134.49911499023438,306528600
2024-12-23,136.0767567466981,139.58151660116854,134.91848306333998,139.46170043945312,176053500
2024-12-24,139.79122163679293,141.6883821217358,138.44322876231024,140.01089477539062,105157000
2024-12-26,139.49166074428362,140.63995487774488,137.52459740894255,139.7213134765625,116205600
2024-12-27,138.3433913393573,138.81269167406333,134.50912136885398,136.80567932128906,170582600
2024-12-30,134.628921256616,140.06081067569033,133.82013169900247,137.2849578857422,167734700
2024-12-31,137.82416524884428,137.8641141320975,133.63043143330796,134.08973693847656,155659200
2025-01-02,135.79717669922962,138.6728864930968,134.42922472124587,138.10372924804688,198247200
2025-01-03,139.8011917981673,144.6838985290199,139.52161059265686,144.25454711914062,229322500
2025-01-06,148.36840963752263,151.93309314343088,147.599568879649,149.2071533203125,265377400
2025-01-07,152.80177547515166,152.9016324332477,139.80118875754107,139.93099975585938,351782200
2025-01-08,142.36737985085435,143.73533196712347,137.3548616440079,139.90106201171875,227349900
2025-01-10,137.24503329388114,139.71135128077043,134.01985409411643,135.70733642578125,207602500
2025-01-13,129.79615256902926,133.29093305056014,129.31685741876072,133.03131103515625,204808900
2025-01-14,135.84710238324766,136.1766120600162,129.85605059334506,131.56349182128906,195590500
2025-01-15,133.45068552943664,136.2465130176968,131.09420431967888,136.03683471679688,185217300
2025-01-16,138.4332346192246,138.54307117698642,133.2909213149963,133.3708038330078,209235600
2025-01-17,136.48614039423094,138.29343848833506,135.2579791055137,137.50462341308594,201188800
2025-01-21,138.95247218370304,141.6184885428412,136.88555189361048,140.61997985839844,197749000
2025-01-22,144.4442829463215,147.56960504936464,143.45575377479585,146.85069274902344,237651400
2025-01-23,144.8337106624021,147.01045262591376,143.5056920734559,147.00047302246094,155915500
2025-01-24,148.14872775799392,148.74783905952535,141.66841618539428,142.4073028564453,234657600
2025-01-27,124.61389107098998,128.20851331467108,116.52596435964819,118.24340057373047,818830900
2025-01-28,121.62833781559046,128.8076175411123,116.0766320864675,128.79763793945312,579666400
2025-01-29,126.31136108771855,126.70077890376498,119.87098248262683,123.51553344726562,467120600
2025-01-30,122.91641979157204,124.81358785050304,117.92387627755191,124.464111328125,392925500
2025-01-31,123.59540412169352,127.6593341751579,119.01225290264883,119.89093780517578,388161100
2025-02-03,114.57887527254843,118.39317826666118,112.84147223806173,116.48603057861328,371235700
2025-02-04,116.78557844108887,121.01925326141507,116.52596404203554,118.47306060791016,256550000
2025-02-05,121.57841571528579,124.81358161777388,120.5799070623436,124.64383697509766,262230800
2025-02-06,127.22995239056334,128.57794497214795,125.02324949979864,128.48806762695312,251483600
2025-02-07,129.02729180363133,130.17557068191934,124.8135839892709,129.6463623046875,228186300
2025-02-10,129.89598286165247,134.79866384787866,129.76618710141213,133.3708038330078,216989100
2025-02-11,132.38228609427233,134.27944654160947,130.82461495038982,132.60195922851562,178902400
2025-02-12,129.826117774307,132.04280851778788,128.8875170693692,130.94444274902344,160278600
2025-02-13,131.36380821970238,136.29644386397356,130.9743904181038,135.08824157714844,197430000
2025-02-14,136.27645326854343,139.04232643389201,135.29791907929888,138.64292907714844,195479600
2025-02-18,141.0593143400208,143.2260761760307,137.7242840330443,139.1920928955078,219176600
2025-02-19,139.30195061666387,141.14919790373787,137.01537227663152,139.02236938476562,167536000
2025-02-20,139.8211794831435,140.45024487315197,136.5860056380014,139.90106201171875,143903600
2025-02-21,139.83115735009994,141.24905316966826,133.83012530319377,134.22952270507812,228217600
2025-02-24,136.35635785611953,138.38332947991822,129.88602516626045,130.08572387695312,251381100
2025-02-25,129.78614928447132,130.0058224050398,124.25441810041912,126.44114685058594,271428700
2025-02-26,129.79615892181477,133.53057192522448,128.29839578499454,131.084228515625,322553800
2025-02-27,134.7986697104659,134.8086493121392,119.83102696232622,119.97081756591797,443175800
2025-02-28,117.8439993429124,124.90345590188022,116.22642004317107,124.73371124267578,389091100
2025-03-03,123.32581202011416,123.51552349340123,112.11255593535711,113.88990020751953,411381400
2025-03-04,110.48499132597254,119.13207287466713,109.9457957033308,115.81702423095703,398163300
2025-03-05,117.40465751759531,118.10361057672029,114.3392360416895,117.12507629394531,284337900
2025-03-06,113.36069823382532,115.17798387118098,110.05563667803439,110.40511322021484,321181900
2025-03-07,111.08409477767312,113.31077256873955,107.39959517379882,112.5219497680664,341755500
2025-03-10,109.73610085349598,111.6831896506324,105.30272006245755,106.8204574584961,366487400
2025-03-11,106.83044416478043,112.0726148635708,104.6137536218378,108.59780883789062,354865700
2025-03-12,113.96030532134075,116.59661034457649,112.72203506897391,115.57803344726562,323857500
2025-03-13,116.86621875800482,117.59520049683546,113.63075517539951,115.41825103759766,299033100
2025-03-14,118.44401014075397,121.70943054003341,117.98465480860956,121.49972534179688,277593500
2025-03-17,122.56822336901756,122.71801496792263,117.86481592318836,119.36271667480469,255501500
2025-03-18,117.83486627342975,118.85343549406599,114.37970924440411,115.26846313476562,299686900
2025-03-19,117.10587965509883,120.2814296141779,115.51810848491796,117.35552978515625,273426200
2025-03-20,116.3868956857552,120.03178155242583,116.30700581426807,118.36412048339844,248829700
2025-03-21,116.77634740953133,117.82487338576216,115.25847035053427,117.5352783203125,266498500
2025-03-24,119.71223179694545,122.04896105750126,119.17298658297102,121.24009704589844,228452500
2025-03-25,120.38129181712452,121.12025404464302,118.75356814650013,120.5210952758789,167447200
2025-03-26,118.5638454632065,118.6736845133834,112.55226594608844,113.60079956054688,293463300
2025-03-27,111.19416561141583,114.28982567832341,110.50513643809545,111.27405548095703,236902100
2025-03-28,111.33397028810096,112.71204388720727,108.9173588485005,109.51651763916016,229872500
2025-03-31,104.98287310192077,110.80471613819729,103.50494855407659,108.22832489013672,299212700
2025-04-01,108.36813339033893,110.04578269736857,106.32100673854832,109.99585723876953,222614000
2025-04-02,107.1398479774266,111.82328673498283,106.64054773013802,110.26546478271484,220601200
2025-04-03,103.36515315702636,105.48218161280622,101.45782230020173,101.65754699707031,338769400
2025-04-04,98.7715853475697,99.98987163475934,91.98109847139008,94.17801666259766,532273800
2025-04-07,87.33758937851368,101.6075898958186,86.49876870613649,97.50334167480469,611041300
2025-04-08,103.66472218207363,105.70186824827938,94.3278084260022,96.16523742675781,476243400
2025-04-09,98.75161045127601,114.9389248904037,97.39351305704149,114.17000579833984,612918300
2025-04-10,109.21694044618194,110.70485307181585,99.01124202201945,107.4194564819336,437812400
2025-04-11,108.34816524857224,111.39390013023589,107.32959598741144,110.77476501464844,313417300
2025-04-14,113.95031245540225,114.13006086401796,108.91736463288024,110.55506896972656,264705000
2025-04-15,110.81470199440513,113.46099492172469,110.3453585264742,112.04297637939453,228966900
2025-04-16,104.40369410395131,106.64055727885454,100.30942561460589,104.3437728881836,397016900
2025-04-17,104.30381795694564,104.3237942331935,99.90998190333623,101.34796142578125,292517500
2025-04-21,98.63177356997639,99.3008417327631,94.90699776234818,96.77438354492188,288501100
2025-04-22,98.6417555090913,99.67031279819463,97.14385476914264,98.75160217285156,241004800
2025-04-23,104.37372584399631,104.6533403969428,101.87722447592722,102.5662612915039,247526000
2025-04-24,103.33518320501399,106.39089830035945,102.96569827687256,106.28105163574219,220815000
2025-04-25,106.70047033928225,111.76337496991529,105.58204256681438,110.85465240478516,251064700
2025-04-28,109.53649833991803,110.21554702841466,105.8716284785824,108.57784271240234,207708500
2025-04-29,107.51932238432487,110.04578062718967,107.2896485179105,108.867431640625,170444300
2025-04-30,104.32379376082015,108.76756286621094,103.93434018163836,108.76756286621094,235044600
2025-05-01,112.92174799120272,114.7791455573913,111.14424029465428,111.45380401611328,236121500
2025-05-02,114.02021557227994,115.23850951002053,113.21135153306962,114.33976745605469,190194800
2025-05-05,112.75199823422925,114.50952981770942,112.50234808238875,113.66072082519531,133163200
2025-05-06,111.32399638135878,114.57942879752297,110.66491633937942,113.38111114501953,158525600
2025-05-07,112.89179643623137,117.51531428959993,112.12286973799952,116.89617919921875,206758800
2025-05-08,118.08452294119296,118.51392151118237,115.68787993703612,117.20575714111328,198428100
2025-05-09,117.1857803819228,118.06455379711826,115.0487756801452,116.48676300048828,132972200
2025-05-12,121.79931583574867,122.82787322998047,120.11167839159091,122.82787322998047,225023300
2025-05-13,124.8051066300396,131.03637225526788,124.29581818961599,129.7481689453125,330430100
2025-05-14,133.01359953083553,135.2504704050171,131.4957223220182,135.15060424804688,281180800
2025-05-15,134.10205882491402,136.1092556474961,132.47435031815246,134.6413116455078,226632600
2025-05-16,136.02938538145307,136.15920834538713,133.27325299959534,135.2105255126953,226542500
2025-05-19,132.20473687113784,135.6798627990254,132.20473687113784,135.3802947998047,193154600
2025-05-20,134.10203943343691,134.3916420789913,132.43437861355363,134.19192504882812,161514200
2025-05-21,132.87378601013486,137.2077087161811,130.40724144628157,131.6155548095703,270608700
2025-05-22,132.04495280891254,134.0621302833829,131.36591171623223,132.6441192626953,187344000
2025-05-23,129.81807417545411,132.49431639064062,128.97925335315108,131.10626220703125,198821300
2025-05-27,133.96224703921547,135.47014350181522,133.1234263008756,135.31036376953125,192953600
2025-05-28,135.83963178227697,137.05792567392893,134.60136161311598,134.621337890625,304021100
2025-05-29,142.0509238917618,143.28919402135628,137.71700129433316,138.99520874023438,369241900
2025-05-30,138.5258751739265,139.42460961066672,132.73398869983464,134.94090270996094,333170900
2025-06-02,135.30037472083487,137.92668343155546,135.21048910369538,137.18772888183594,197663100
2025-06-03,138.5857816307834,141.801276586457,137.75694135463795,141.02236938476562,225578800
2025-06-04,141.99101618842522,142.19073325311263,139.34471555965237,141.7213897705078,167120800
2025-06-05,141.97103980754113,143.79848066110154,138.63571759363617,139.79409790039062,231397900
2025-06-06,142.31055518995854,143.0695013401578,141.31195466595716,141.52166748046875,153986200
2025-06-09,142.98961854621228,144.7970831461155,141.74136782943543,142.43040466308594,185114500
2025-06-10,142.4903028059026,144.08805440763362,141.33192260937975,143.75852966308594,155881900
2025-06-11,144.4176611881815,144.79716064315863,141.6813000562032,142.64002990722656,167694000
2025-06-12,141.78116046611606,144.80712890625,141.6613249598906,144.80712890625,162365000
2025-06-13,142.2904745799642,143.38901749969733,140.6626531024409,141.78115844726562,180820600
2025-06-16,143.159329390418,145.98555166191812,143.00951976951112,144.49754333496094,183133700
2025-06-17,144.2978018718573,145.0268265438421,143.58873962374116,143.92828369140625,139108000
2025-06-18,143.81845298832403,145.45627108510786,142.9296373487004,145.2864990234375,161494100
2025-06-20,145.2565234707711,146.00552584195606,142.46024490398213,143.65866088867188,242956200
2025-06-23,142.31044894200824,144.58741490600102,141.84107290887454,143.9782257080078,154308900
2025-06-24,145.36637857516104,147.76319531946535,145.3064608232896,147.70326232910156,187566100
2025-06-25,149.0714619384952,154.24456476496755,149.06146548674553,154.10475158691406,269146500
2025-06-26,155.77252682686714,156.51154803915952,153.79516469048193,154.81381225585938,198145700
2025-06-27,155.83242906789442,158.49889084686143,155.05346784206984,157.5401611328125,263234500
2025-06-30,158.18928922556665,158.4489531245615,155.7525477292889,157.77984619140625,194580300
2025-07-01,156.08211312403307,156.9909063970138,151.2885097592641,153.09609985351562,213143600
2025-07-02,152.77652287552658,157.3903883520798,152.76654166200262,157.0408477783203,171224100
2025-07-03,158.15934077500395,160.76586971787668,157.56014800239086,159.1280517578125,143716100
2025-07-07,157.98955517353815,159.09807923203843,157.13069855849747,158.02951049804688,140139000
2025-07-08,159.11807865757584,160.0068942683196,158.1793265036118,159.7871856689453,138133000
2025-07-09,161.0055497766517,164.2012901564699,160.9456320255445,162.66334533691406,183656400
2025-07-10,164.10145299216728,164.28120626813552,161.39505073108006,163.88174438476562,167704100
2025-07-11,163.50223698698784,167.66668863474402,163.25256951238498,164.7006378173828,193633300
2025-07-14,165.15003478890583,165.2698855378492,161.80449980139463,163.85177612304688,136975800
2025-07-15,170.96229989605533,172.17068192225182,168.97494134085255,170.4729461669922,230627400
2025-07-16,170.83247408910898,171.52155877211666,168.67534340451815,171.14205932617188,158831500
2025-07-17,171.79120519874627,173.92835823409905,170.60278554683865,172.7698974609375,160841100
2025-07-18,173.40903901870553,174.01822826089457,171.03219980516573,172.18067932128906,146456400
2025-07-21,172.52022673163836,173.1493936504508,170.77255439137573,171.1520538330078,123126100
2025-07-22,171.1120956061046,171.1620321483939,164.3610926233022,166.80783081054688,193114300
2025-07-23,169.30450383433347,171.03219846298632,167.74658125695927,170.55284118652344,154082200
2025-07-24,172.21065238052367,173.5988030318276,171.07216922217725,173.50892639160156,128984600
2025-07-25,173.37908037175941,174.4876045602178,172.72995103806022,173.26922607421875,122316800
2025-07-28,173.78854323017163,176.7645753161742,173.73860668662087,176.51490783691406,140023500
2025-07-29,177.72328828972238,179.14139760883538,174.7871965738649,175.2765350341797,154077500
2025-07-30,176.27523155478985,179.65074094188589,175.80585544811692,179.0315704345703,174312200
2025-07-31,182.6567315862202,183.0562087176856,175.69600066981488,177.6334228515625,221685400
2025-08-01,173.85844036702034,176.3051785902702,170.66269971388826,173.4889373779297,204529000
2025-08-04,174.9270158880054,179.96030526461158,174.28786778877773,179.7605743408203,148174600
2025-08-05,179.38107983649965,180.0202279532499,175.6660266458598,178.02288818359375,156407600
2025-08-06,176.09544939411415,179.66069269115442,176.01555398070957,179.18133544921875,137192300
2025-08-07,181.32849521637667,183.63542017290519,178.56217541570945,180.52955627441406,151878400
2025-08-08,181.30852119793246,183.05619350177665,180.16004168373897,182.4569854736328,123396700
2025-08-11,181.80785936297346,183.59547178906817,180.01025048518693,181.81784057617188,138323200
2025-08-12,182.7166509044063,184.234618174838,179.22130626788388,182.9163818359375,145485700
2025-08-13,182.37709375214726,183.72530422356274,179.11145412417423,181.3484649658203,179871700
2025-08-14,179.51090820642335,182.7765629312542,179.22130065055427,181.77789306640625,129554000
2025-08-15,181.6380820439347,181.658044469753,177.8031781362909,180.20997619628906,156602200
2025-08-18,180.359785616326,182.69666946783065,180.3497891649352,181.7678985595703,132008000
2025-08-19,182.1873495042791,182.25726371442747,175.25659293377495,175.40638732910156,185229200
2025-08-20,174.93701244991922,175.76591033294957,168.57548977611862,175.1667022705078,215142700
2025-08-21,174.61742144674352,176.66468235557974,173.57879631630271,174.7472381591797,140040900
2025-08-22,172.3803867145862,178.35242757212464,170.97225870529388,177.75323486328125,172789400
2025-08-25,178.11279692125126,181.6680596097534,176.3351655770002,179.5708465576172,163012800
2025-08-26,179.82049655621498,182.14739921043056,178.57215920342722,181.52822875976562,168688200
2025-08-27,181.7379436715125,182.24727507184866,178.86178472902657,181.35845947265625,235518900
2025-08-28,180.5794881684096,184.22462699678687,176.17535050737845,179.9303436279297,281787800
2025-08-29,177.87308356836775,177.91302365652732,172.91967451951007,173.94830322265625,243257900
2025-09-02,169.77387989783634,172.15071909272382,166.99757884564528,170.55284118652344,231164900
2025-09-03,170.83248363379096,172.18069419661035,168.65539040087648,170.39306640625,164424900
2025-09-04,170.34312465674856,171.6314020660847,169.1846639665207,171.43167114257812,141670100
2025-09-05,167.80648732819571,168.8051571404154,163.85176340536125,166.79783630371094,224441400
2025-09-08,167.32715219255022,170.73262035939155,167.12742125141602,168.0861358642578,163769100
2025-09-09,168.86509051949957,170.75257602974241,166.51822538667548,170.53286743164062,157548400
2025-09-10,176.40506201448144,179.05153132643002,175.23661998400823,177.09414672851562,226852000
2025-09-11,179.45110250300584,180.05034427267074,176.2551819566126,176.94430541992188,151159300
2025-09-12,177.5435664999128,178.37251110105626,176.22524055900428,177.593505859375,124911000
2025-09-15,175.44622258887705,178.62217970015598,174.28769658655634,177.52357482910156,147061600
2025-09-16,176.77453647764895,177.27389957504343,174.15787872389456,174.65724182128906,140737800
2025-09-17,172.42008695754546,172.97937117956877,168.1954794867923,170.0730743408203,211843800
2025-09-18,173.7583871307785,176.87442336525442,172.73969733735942,176.01551818847656,191763300
2025-09-19,175.54609885389235,177.8531538116004,174.95683884616588,176.4449462890625,237182100
2025-09-22,175.07671637070237,184.31493427279133,174.48747153493287,183.37612915039062,269637000
2025-09-23,181.73821238324945,182.18763613663097,175.9855548133895,178.2027130126953,192559600
2025-09-24,179.54100413716742,179.5509859124944,175.17656050171237,176.74456787109375,143564100
2025-09-25,174.2577508730865,180.03038734713982,172.90947958662534,177.4636688232422,191586700
2025-09-26,177.94304916264082,179.54101721374016,174.70717071687335,177.96302795410156,148573700
2025-09-29,180.2001578366391,183.76561762390497,180.09031258631592,181.6183624267578,193063500
2025-09-30,181.848063160254,187.11135435179565,181.2488213615314,186.3423309326172,236981000
2025-10-01,185.00405809785752,187.9003581593927,183.665753326035,187.0015106201172,173844900
2025-10-02,189.35850113919957,190.80665113886596,187.82045419605362,188.64939880371094,136805800
2025-10-03,188.94900408551683,190.11751186051177,185.1438598655547,187.38099670410156,137596900
2025-10-06,185.26372281570642,186.99151499327596,183.09648864167906,185.3036651611328,157678100
2025-10-07,185.99277739696944,188.8191743935438,183.76562222076905,184.80429077148438,140088000
2025-10-08,186.33235229407293,189.35849142592937,186.30237648821537,188.86911010742188,130168900
2025-10-09,191.9851285494953,195.05122522476873,190.816620752273,192.32470703125,182997200
2025-10-10,193.26350393527704,195.37081685366852,181.81811007166195,182.92669677734375,268774400
2025-10-13,187.73057886865314,189.86785248459339,185.72314454487463,188.08013916015625,153482800
2025-10-14,184.5346420566055,184.56460262310264,179.47109296765566,179.80067443847656,205641400
2025-10-15,184.56460739230218,184.63451030281777,177.06416377208902,179.60093688964844,214450500
2025-10-16,181.99786281424815,183.04652832403656,179.5410050089342,181.57839965820312,179723300
2025-10-17,179.9504818191574,183.86550198639478,179.52103686227596,182.9866180419922,173135200
2025-10-20,182.89672994644732,184.96408521149223,181.4985041529273,182.4073486328125,128544700
2025-10-21,182.55715836486127,182.55715836486127,179.5709767314294,180.9292449951172,124240200
2025-10-22,180.9092591258601,183.20633238125785,176.53483359319367,180.05035400390625,162249600
2025-10-23,180.19017423035882,182.7968501503985,179.5609718650331,181.92796325683594,111363700
2025-10-24,183.6058200325102,187.23120099697576,183.26625678365264,186.02273559570312,131296700
2025-10-27,189.74800438556454,191.75543864774096,188.18997864549505,191.24609375,153452700
2025-10-28,192.8040950113927,202.8912204382634,191.66554775855593,200.77392578125,297986200
2025-10-29,207.715080745974,211.9197249544373,204.51915980095313,206.77627563476562,308829600
2025-10-30,204.88867704045037,205.89740027142088,201.1534507471854,202.63156127929688,178864400
2025-10-31,206.18701808603035,207.70508615602077,201.81260775338424,202.23207092285156,179802200
2025-11-03,207.8149540137207,211.07079600988305,205.2981596683369,206.61648559570312,180267300
2025-11-04,202.7414122562426,203.71017785907821,197.67786326579136,198.43690490722656,188919300
2025-11-05,198.51681234435117,202.66152000582164,194.40205001057666,194.9613494873047,171350300
2025-11-06,196.16981228388872,197.3682807609907,186.14260723026618,187.84043884277344,223029800
2025-11-07,184.66444902638756,188.08010568481336,178.682089465448,187.91030883789062,264942300
2025-11-10,194.8614791513322,199.68532876518447,193.5431531870904,198.7964630126953,198897100
2025-11-11,194.91140808059743,195.17107140540628,191.05632435423007,192.91395568847656,176483300
2025-11-12,195.47068348463264,195.64046510157328,190.8865341091802,193.55313110351562,154935300
2025-11-13,190.8066439854392,191.1961465947379,183.61581837719615,186.62197875976562,207423100
2025-11-14,182.62706393415107,190.76667594021126,180.34996953708986,189.92774963378906,186591900
2025-11-17,185.73311754704963,188.75925679396335,184.08522536919267,186.36231994628906,173628900
2025-11-18,183.1464291447985,184.5646186262563,179.42116916755387,181.12899780273438,213598900
2025-11-19,184.5546024199349,187.62069907956393,182.5971076589588,186.28240966796875,247246400
2025-11-20,195.70039225393623,195.7503316108911,179.62090987236718,180.40989685058594,343504800
2025-11-21,181.00913979899244,184.32490281868388,172.70971237567008,178.6521453857422,346926200
2025-11-24,179.2613745727385,183.26626122561635,176.25519889972114,182.31747436523438,256618300
2025-11-25,174.68720886729724,177.9330691207534,169.3340356551,177.593505859375,320600300
2025-11-26,181.39863013804072,182.67699835309762,178.01294919921247,180.03036499023438,183852000
2025-11-28,178.7819702942556,179.0616124091028,176.27517303639212,176.7745361328125,121332800
2025-12-01,174.5373804488289,180.07033197943204,173.45875435362808,179.69081115722656,188131000
2025-12-02,181.52847225165078,185.4235136530611,179.7707195907086,181.22886657714844,182632200
2025-12-03,180.84935949817796,182.21760964702736,178.88186747602086,179.3612518310547,165138000
2025-12-04,181.39873533031871,184.29521152983364,179.7407692190929,183.15660095214844,167364900
2025-12-05,183.66598269849337,184.43504894381925,180.6896172324408,182.1877899169922,143971100
2025-12-08,182.41751577930148,187.7709870845105,182.17780264974235,185.323974609375,204378100
2025-12-09,185.33395229946427,185.4937610485011,183.09669077375298,184.7446746826172,144719700
2025-12-10,184.74467463147755,185.2540478736652,181.8182359713298,183.55612182617188,162785400
2025-12-11,180.060377409269,181.09911899111663,176.40483245042134,180.70957946777344,182136600
2025-12-12,180.88937065842447,182.59729422559735,174.40727135263347,174.80679321289062,204274900
2025-12-15,177.72322484137152,178.20263580820242,174.81676632707214,176.07522583007812,164775600
2025-12-16,176.04526619844617,178.27256047932946,174.686922405521,177.5034942626953,148588100
2025-12-17,175.88546784627562,175.91543007880585,170.10251312474713,170.73175048828125,222775500
2025-12-18,174.3173807251694,175.93540231223645,171.6106906687844,173.9278564453125,176096000
2025-12-19,176.4547863729682,181.22896236326454,176.12518653595592,180.76953125,324925900
2025-12-22,183.6959478478248,183.935660967629,182.1278683380167,183.4662322998047,129064400
2025-12-23,182.74711840334103,189.09937165158402,182.67719635774475,188.97952270507812,174873600
2025-12-24,187.71105179508496,188.67987134928,186.36269028434322,188.38023376464844,65528500
2025-12-26,189.68863982420257,192.45526970950266,187.7709805748158,190.2978973388672,139740300
2025-12-29,187.4813341773615,188.53004285167208,185.68352392965699,187.99070739746094,120006100
2025-12-30,188.01069817319677,188.75978454971104,186.70228116711607,187.31153869628906,97687300
2025-12-31,189.33906392286715,190.32784810299728,186.26281429981768,186.27279663085938,120100500
2026-01-02,189.60873357074172,192.69496568024334,188.03065649528438,188.6199493408203,148240500
2026-01-05,191.52640398377517,193.39413642527967,185.9232371396652,187.89083862304688,183529700
2026-01-06,190.2879203285983,191.935904267691,186.5924305704924,187.0119171142578,176862600
2026-01-07,188.34028795646717,191.13686475404677,186.3327268208183,188.87962341308594,153543200
2026-01-08,188.87962438445808,189.31909080925226,183.4862088297309,184.8145751953125,172457000
2026-01-09,184.8545293482555,186.1129888751533,183.44624341374129,184.63479614257812,131327500
2026-01-12,182.99680052530172,186.89204340473577,182.79704721562317,184.71470642089844,137968500
2026-01-13,184.7746378408776,187.88084992986475,183.17658082293008,185.58364868164062,160128900
2026-01-14,184.0954710990846,184.2352999433054,180.57975484984624,182.91690063476562,159586100
2026-01-15,186.2727952885624,189.46889382188115,186.10300422087673,186.82212829589844,206188600
2026-01-16,188.84966224271636,190.20800608356458,185.85331687968656,186.0031280517578,187967200
2026-01-20,181.67840938923754,182.15783564218773,177.39364202987932,177.85308837890625,223345300
2026-01-21,178.8318922054109,185.15418310637224,178.18267486272933,183.09669494628906,200381000
2026-01-22,184.52493568425237,185.94320399708803,183.70592730123704,184.6148223876953,139636600
2026-01-23,187.27158465782284,189.3690325020707,186.59242035942677,187.44137573242188,142748100
2026-01-26,186.93200550896393,188.88960930416175,185.76343263076708,186.2428436279297,124799600
2026-01-27,187.01190478720812,189.76853699604698,185.47377232125424,188.29034423828125,143711600
2026-01-28,191.0369866951896,192.1156727976695,189.60872088942648,191.28668212890625,148552700
2026-01-29,191.10690928022157,193.244301759811,185.83334250366076,192.27548217773438,171764400
2026-01-30,190.97707539362895,194.25307849059112,189.23918956869622,190.8971710205078,179489500
2026-02-02,186.97193993484487,190.06816944570554,184.65477420739685,185.38388061523438,165794100
2026-02-03,186.01312186532803,186.04308409913696,176.01530661894333,180.12030029296875,204019600
2026-02-04,179.241398362594,179.36124730830178,171.70059231104517,173.97781372070312,207014100
2026-02-05,174.7168961324724,176.60460839935587,170.8216531377948,171.67062377929688,206312900
2026-02-06,176.4747642750831,186.77220252110314,174.38731390455436,185.18414306640625,231346200
2026-02-09,184.03552934237337,193.42408742490235,183.7259094221984,189.80848693847656,196387400
2026-02-10,191.1468699498802,192.24552080983682,187.89083145679504,188.31031799316406,136764800
2026-02-11,192.21556708670826,193.02457795983298,188.54005713468442,189.81849670410156,144192700
2026-02-12,192.79485804306626,193.3741533411549,186.28279615580217,186.7122802734375,189932500
2026-02-13,187.25160463564347,187.27158453858374,181.36878053627944,182.58729553222656,161888000
2026-02-17,181.5285959992061,186.92201173748992,178.9617194034806,184.7446746826172,162276900
2026-02-18,188.52005804720127,190.13807962880853,186.53247684939709,187.75099182128906,164749100
2026-02-19,186.8321237354349,188.20044994409497,185.43383529156333,187.6710968017578,126554500
2026-02-20,186.342734664171,190.09814888521723,185.71349722992974,189.58877563476562,178422300
2026-02-23,191.1668239815537,193.71372053376285,189.34904909171755,191.316650390625,171584800
2026-02-24,191.2567378902843,193.53395924081437,187.171708627792,192.61508178710938,175123600
2026-02-25,194.2131137016724,197.38924768090467,193.5539140704845,195.32176208496094,250637100
2026-02-26,194.03334246429932,194.0533071271398,184.09546670933034,184.66476440429688,360807900
2026-02-27,181.0292033274304,182.36756729714082,176.1651407824763,176.97415161132812,311636500
2026-03-02,174.79680413295333,183.2365228635074,174.42725972943845,182.25770568847656,209095300
2026-03-03,178.27256086028186,180.67961330625172,176.70446619030554,179.83065795898438,178099400
2026-03-04,180.22019302825058,184.47499807110998,179.84065106191534,182.8170166015625,177731200
2026-03-05,180.94928366467312,183.83576224630102,177.6632984882966,183.11663818359375,198779700
2026-03-06,179.62092189230134,182.53736302725528,176.6046117177772,177.6033935546875,189021900
2026-03-09,176.61458806542097,182.68718325690133,175.34613090826778,182.427490234375,177213600
2026-03-10,182.17778352587916,186.21287029543888,181.78825925636124,184.54490661621094,179118500
2026-03-11,185.6935753620157,187.40157611978597,184.23526832414757,185.8134307861328,145280400
2026-03-12,183.83574790315467,184.72471123223085,181.53842231669145,182.9268035888672,155762700
2026-03-13,184.70472270189353,185.87335881208497,179.73052445930352,180.0401611328125,160988400
2026-03-16,182.7570048934839,188.66012868968363,181.19882333613754,183.0067138671875,217307400
2026-03-17,184.8445618023411,185.1841623368753,181.4684917186082,181.71820068359375,182497800
2026-03-18,182.26756764801692,183.16652908726184,180.12007659614625,180.1899871826172,156683100
2026-03-19,177.80276430906588,179.77047215436778,175.5853475010711,178.3521270751953,170968500
2026-03-20,177.79278016290237,178.05247199547227,171.52009228430225,172.4989471435547,241323500
2026-03-23,177.0536408486584,178.16234927411983,174.55655117338722,175.43553161621094,182836300
2026-03-24,174.6264683383626,176.01484951930743,173.777451794472,174.99603271484375,147667800
2026-03-25,176.89383761026875,181.00903649280792,176.64412864426953,178.47198486328125,162602100
2026-03-26,175.86504388946904,176.30451888215924,170.9407749866337,171.04066467285156,186152200
2026-03-27,169.80209026823204,170.77096223786808,166.81556566439232,167.32498168945312,196212700
2026-03-30,168.58352034150624,169.25273855906806,164.07877596313077,164.97772216796875,185627000
2026-03-31,166.77563225072552,174.41672082635512,166.7656493784466,174.1969757080078,226181300
2026-04-01,175.79511913229018,177.16351944386196,174.54657425208924,175.54541015625,168132000
2026-04-02,171.97954556798163,177.28337661769746,171.170490985778,177.18348693847656,143143200
2026-04-06,176.953760088437,177.58301630024127,175.55538077559635,177.43319702148438,107564300
2026-04-07,175.52541836668527,178.0225079733855,173.4578360976707,177.89266967773438,132534900
2026-04-08,184.28522303450282,185.0443328296099,180.09011531444295,181.8680419921875,147732700
2026-04-09,181.6283100364998,183.86570786090292,180.40972906189933,183.69590759277344,116428500
2026-04-10,184.09543736125556,189.77881591864653,184.08545448929232,188.41041564941406,160459500
2026-04-13,185.81343445538195,189.43921351677633,185.52377876103736,189.08961486816406,133648200
2026-04-14,190.61783708872017,196.28123474121094,190.54792650193752,196.28123474121094,161307000
2026-04-15,196.31119931453722,200.166706463506,195.5121427945441,198.63848876953125,185338400
2026-04-16,197.20015246424893,199.6173486077875,195.58204328148997,198.1190948486328,134012900
2026-04-17,199.66727910555997,201.46518667284232,199.03802288778024,201.44520568847656,160324400
2026-04-20,199.7471876833392,201.9346406188145,197.6096795882359,201.82476806640625,119381400
2026-04-21,201.89470437258373,202.51397775047528,198.76834314349978,199.64732360839844,107945300
2026-04-22,200.75603026628932,202.26426696777344,198.76834136586132,202.26426696777344,107501000
2026-04-23,202.22431724671497,203.59271751351986,196.99041179336916,199.4075927734375,113561800
2026-04-24,199.72721882416832,210.70441481695215,199.57738430538978,208.0275421142578,214134400
2026-04-27,209.4059296471886,216.5775789683675,207.13858324348888,216.3578338623047,187172400
2026-04-28,209.24613572912838,214.4800260296235,207.95762889823203,212.92184448242188,180275400
2026-04-29,212.4523894424142,212.47237042757808,207.33835459433345,209.00640869140625,123711800
2026-04-30,209.68560172993963,210.05518135667162,198.46867945247158,199.33767700195312,225239200
2026-05-01,201.0456862731779,202.76368521944246,196.89052532216473,198.21897888183594,128647000
2026-05-04,199.26774870200734,201.49514834231712,194.51329562325486,198.24893188476562,125368100
2026-05-05,199.06798360144137,200.00689171848026,195.80178617585554,196.271240234375,113406600
2026-05-06,199.65729931010404,208.0275486883452,198.37879062945476,207.5880584716797,188362800
2026-05-07,208.0974592073836,213.95063795079753,206.25960488465944,211.2537841796875,168307900
2026-05-08,212.7820061205359,217.5464575316693,212.642169707093,214.94947814941406,136421400
2026-05-11,213.79081709888328,222.04121091513153,213.64099781886503,219.18453979492188,160685800
2026-05-12,218.29558003818886,223.48952345691538,214.6698009927987,220.52297973632812,159176600
2026-05-13,224.6681467194947,227.57476278227756,221.3120728008497,225.56710815429688,150405400
2026-05-14,229.58243343997336,236.26463268418732,229.03307065698914,235.465576171875,180782900
2026-05-15,229.49252726355346,231.23050718880455,223.97896415639156,225.05770874023438,180977600
2026-05-18,229.60240180074675,229.7322553439391,218.1157890335498,222.0612030029297,146280900
2026-05-19,219.36432694236115,224.21866983705235,217.6563261548179,220.35317993164062,140948200
2026-05-20,222.9201831873553,225.8667612103758,220.2433103590018,223.20985412597656,184201600
2026-05-21,222.03121805596584,227.13526994336974,217.6762930684293,219.25445556640625,203381800
2026-05-22,220.64283833374193,220.75271088945502,214.54994865072538,215.07933044433594,169275700
2026-05-26,216.28791550863897,217.92600574795006,211.75320730356688,214.60987854003906,187202600
2026-05-27,213.87072806866348,213.90069192498567,208.53694826896,212.35250854492188,167601200
2026-05-28,211.03403615445995,215.2691056248748,210.97410844231206,214.00057983398438,143996000
2026-05-29,214.33020874183248,217.6063892667686,210.88422794322287,210.8942108154297,289410600
2026-06-01,215.47885750139108,224.60821672379726,215.44889364463796,224.09881591796875,212850700
2026-06-02,226.91551751623658,232.00958636747916,221.09231801448135,222.56060791015625,193362900
2026-06-03,221.46188713313538,222.56061267075634,214.2602739078757,214.5,160907000
2026-06-04,213.91000366210938,221.60000610351562,210.97000122070312,218.66000366210938,169022200
2026-06-05,214.52999877929688,214.8699951171875,204.3300018310547,205.10000610351562,219655500
2026-06-08,210.17999267578125,210.47000122070312,206.0,208.63999938964844,138372800
2026-06-09,210.6199951171875,211.39999389648438,199.33999633789062,208.19000244140625,180962500
2026-06-10,204.42999267578125,207.22000122070312,199.9199981689453,200.4199981689453,161746600
2026-06-11,201.49000549316406,205.66000366210938,199.5399932861328,204.8699951171875,158643200
2026-06-12,204.86000061035156,207.07000732421875,203.44000244140625,205.19000244140625,112001800
2026-06-15,208.9199981689453,212.7100067138672,208.33999633789062,212.4499969482422,149936700
2026-06-16,211.17999267578125,211.49000549316406,207.2899932861328,207.41000366210938,125694100
2026-06-17,208.52999877929688,209.2100067138672,203.0800018310547,204.64999389648438,128363500
2026-06-18,207.3300018310547,211.38999938964844,206.5,210.69000244140625,241272000
2026-06-22,211.44000244140625,213.99000549316406,207.72000122070312,208.64999389648438,122041400
2026-06-23,202.1699981689453,203.77000427246094,200.0,200.0399932861328,153496200
2026-06-24,200.1199951171875,201.6699981689453,196.5800018310547,199.0,151810700
2026-06-25,200.0800018310547,200.8000030517578,192.1300048828125,195.74000549316406,149550000
2026-06-26,193.1199951171875,195.5500030517578,191.22000122070312,192.52999877929688,179304100
2026-06-29,193.85000610351562,196.17999267578125,189.8000030517578,194.97000122070312,148835700
2026-06-30,197.24000549316406,200.6300048828125,195.11000061035156,200.08999633789062,166476700
2026-07-01,196.1999969482422,199.85000610351562,193.4499969482422,197.5800018310547,146147600
2026-07-02,197.13999938964844,200.05999755859375,192.35000610351562,194.8300018310547,142068700
2026-07-06,194.4199981689453,197.5500030517578,193.99000549316406,195.5500030517578,108999000
2026-07-07,192.3699951171875,198.41000366210938,191.13999938964844,196.92999267578125,124154600
2026-07-08,195.17999267578125,205.16000366210938,195.05999755859375,204.1199951171875,147419100
2026-07-09,204.4600067138672,204.58999633789062,198.9600067138672,202.77999877929688,132037400
2026-07-10,202.0,211.0,201.9199981689453,210.9600067138672,148421000
2026-07-13,208.5399932861328,210.57000732421875,203.0,203.52999877929688,121411000
2026-07-14,208.1999969482422,212.5500030517578,203.8000030517578,211.8000030517578,124379600
2026-07-15,211.9600067138672,213.80999755859375,206.0399932861328,212.5,124797200
2026-07-16,210.1699981689453,211.0800018310547,205.85000610351562,207.39999389648438,122986100
2026-07-17,202.63999938964844,206.64999389648438,197.97000122070312,202.80999755859375,144281900
2026-07-20,205.8699951171875,207.74000549316406,202.27999877929688,203.27999877929688,88701500
2026-07-21,207.5399932861328,208.64999389648438,204.00999450683594,207.2899932861328,108685600
2026-07-22,205.80999755859375,214.38999938964844,204.9499969482422,212.05999755859375,137645600
2026-07-23,209.4600067138672,210.8699951171875,205.9600067138672,208.75999450683594,110505300
2026-07-24,207.4499969482422,211.91000366210938,204.80999755859375,206.83999633789062,114836800
2026-07-27,208.1999969482422,208.75,195.44000244140625,196.50999450683594,154353700
2026-07-28,195.0,198.6999969482422,192.74000549316406,197.00999450683594,134111500
2026-07-29,195.85000610351562,197.07000732421875,190.00999450683594,190.00999450683594,147680800
2026-07-30,193.4499969482422,197.25,191.52000427246094,195.0399932861328,129010200
2026-07-31,198.44000244140625,202.0,194.9499969482422,200.75,139961200
2026-08-03,197.69000244140625,208.74000549316406,196.85000610351562,206.63999938964844,128406900
2026-08-04,211.3000030517578,213.05999755859375,209.0500030517578,211.94000244140625,134922000
2026-08-05,216.86000061035156,222.22000122070312,216.39999389648438,219.22000122070312,158187400
2026-08-06,221.52999877929688,223.6300048828125,217.0,218.99000549316406,113940600
2026-08-07,221.5399932861328,224.75999450683594,220.66000366210938,223.9600067138672,105669400
2026-08-10,223.39999389648438,224.13999938964844,216.77000427246094,217.5500030517578,115846600
2026-08-11,222.1699981689453,222.1999969482422,216.1999969482422,217.5,101273100
2026-08-12,221.0399932861328,225.10000610351562,220.1999969482422,224.08999633789062,108783600
2026-08-13,225.05999755859375,227.22999572753906,223.7100067138672,225.3000030517578,98867200
2026-08-14,226.77000427246094,227.49000549316406,224.5,225.16000366210938,75680900
2026-08-17,225.97999572753906,227.9199981689453,224.86000061035156,225.00999450683594,93678700
2026-08-18,220.4499969482422,221.63999938964844,218.69000244140625,219.74000549316406,103128200
2026-08-19,221.6699981689453,222.8699951171875,216.75999450683594,217.55999755859375,96797300
2026-08-20,218.36000061035156,219.86000061035156,215.66000366210938,216.85000610351562,92457000
2026-08-21,218.4199981689453,218.74000549316406,214.5,214.72000122070312,98869300
2026-08-24,215.52999877929688,215.58999633789062,207.25,208.47999572753906,135187300
2026-08-25,211.02999877929688,214.72999572753906,210.11000061035156,213.0500030517578,122309000
2026-08-26,212.63999938964844,213.60000610351562,209.22999572753906,209.66000366210938,179900000
2026-08-27,222.86000061035156,230.47000122070312,220.89999389648438,227.97999572753906,298231200
