Date,Open,High,Low,Close,Volume
2021-08-30,145.33029180641267,149.70971334019745,144.9498976782118,149.34881591796875,90956700
2021-08-31,148.90018188960238,149.03673327230263,147.56391312712373,148.0906219482422,86453100
2021-09-01,149.06597111930256,151.1630130890743,148.58803390921838,148.75384521484375,80313700
2021-09-02,150.0803207109557,150.90939195726816,148.6465242486851,149.86573791503906,71115500
2021-09-03,149.97309277453053,150.82167596581917,149.3195957587932,150.4998016357422,57808700
2021-09-07,151.15324750307346,153.386840580654,150.5875305279746,152.8308868408203,82278300
2021-09-08,153.11376479693286,153.1722846868866,150.1876512353804,151.28982543945312,74420200
2021-09-09,151.66046161317462,152.26518694823613,150.15838174591684,150.2754364013672,57305700
2021-09-10,151.1825274626448,151.65070144497142,145.03768627305047,145.30104064941406,140893200
2021-09-13,146.92017826380882,147.69071501388157,145.08647552487224,145.8667755126953,102404300
2021-09-14,146.64702700212126,147.34929527061283,143.2917485822126,144.47193908691406,109296300
2021-09-15,144.90116290571922,145.75949444164934,142.7650973043384,145.35958862304688,83281300
2021-09-16,144.7840715894616,145.30101702156867,143.5941177955223,145.1254425048828,68034100
2021-09-17,145.15472586644688,145.15472586644688,142.17007797103764,142.4626922607422,129868800
2021-09-20,140.25836010441694,141.272739448902,137.79067253613061,139.41954040527344,123478900
2021-09-21,140.38514645685206,141.03865814980705,139.2634757155347,139.8974609375,75834000
2021-09-22,140.8923300236282,142.82356032742504,140.1608018149043,142.2578582763672,76404300
2021-09-23,143.03817057425258,143.457587900221,142.0530510886709,143.2137451171875,64838200
2021-09-24,142.0725514999574,143.8379707289355,141.97500844122595,143.301513671875,53477900
2021-09-27,141.8872464401241,142.36518367517027,140.2778899497781,141.78970336914062,74150700
2021-09-28,139.7219107001194,141.18496735666514,138.2003341585889,138.4149169921875,108972300
2021-09-29,138.96116732939618,140.89239857280592,138.53200152353028,139.3123016357422,74602000
2021-09-30,140.1217888739592,140.82405712165914,137.80040133945224,138.01498413085938,89056700
2021-10-01,138.40515987182454,139.40004260947205,135.68388091891475,139.13668823242188,94639600
2021-10-04,138.26860229461653,138.7075311976416,134.86456666800945,135.713134765625,98322000
2021-10-05,136.05459207566875,138.73686401970724,135.9277890030302,137.6346893310547,80861100
2021-10-06,136.03502801816884,138.6490157972431,134.9621137010957,138.50271606445312,83221100
2021-10-07,139.53657886179528,140.66801284222436,139.2049562794912,139.7609100341797,61732700
2021-10-08,140.48271316225515,140.62901288949595,139.04891630336158,139.3805389404297,58773200
2021-10-11,138.7660308387561,141.24346653207863,138.3173536480232,139.292724609375,64452200
2021-10-12,139.7023736818469,139.72188526761755,137.56630897082442,138.0247344970703,73035900
2021-10-13,137.76141892529833,137.91746698955632,135.77165355544514,137.43954467773438,78762700
2021-10-14,138.61000380183043,140.33641501765865,138.02477512030043,140.2193603515625,69907100
2021-10-15,140.22909633879294,141.33125547588753,139.97549034735292,141.27273559570312,67940300
2021-10-18,139.9170017643,143.2235096811566,139.63415065247935,142.94065856933594,85589200
2021-10-19,143.38929207620686,145.4960971069184,142.94062972963636,145.09619140625,76378900
2021-10-20,145.03768735830047,146.0618300447265,144.47197030405582,145.58389282226562,58418800
2021-10-21,145.14498028007083,145.95454013073487,144.2281290062348,145.79847717285156,61421000
2021-10-22,146.00332535531382,146.48124774454206,144.97918256227808,145.0279541015625,58883400
2021-10-25,145.0181647887637,145.69117321411855,143.98427382696465,144.97915649414062,50720600
2021-10-26,145.65218915043056,147.1249943659197,145.34006320959406,145.64244079589844,60893400
2021-10-27,145.68143968000115,146.04232225315448,144.83287151805337,145.1840057373047,56094900
2021-10-28,146.1301073675776,149.39759166799496,146.03256430303534,148.8123779296875,100077900
2021-10-29,143.59416643761676,146.247177609724,142.80411805235417,146.11062622070312,124953200
2021-11-01,145.3205654883688,146.01307072992742,144.1598713388164,145.2913055419922,74588300
2021-11-02,144.99868985144568,147.8370236875447,144.98892661408803,146.3251953125,69122000
2021-11-03,146.6860731609645,148.2271614322934,146.13011931995035,147.7589874267578,54511500
2021-11-04,147.84677558220335,148.6758322133497,146.92992422765454,147.24205017089844,60394600
2021-11-05,148.36533077411934,148.66813471450217,146.57779487265975,147.7694854736328,65463900
2021-11-08,147.8964665160418,148.0527572213007,146.67547332752292,146.948974609375,55020900
2021-11-09,146.71457936674102,147.9160328251653,146.57782868777164,147.3104248046875,56787900
2021-11-10,146.53871644786318,146.64616444006643,144.41907415140022,144.48744201660156,65187100
2021-11-11,145.50330059918394,145.96238025554524,144.25299005299453,144.43858337402344,41000000
2021-11-12,144.98558760939255,146.90987379593676,144.05763589771334,146.5093994140625,63804000
2021-11-15,146.8805742099881,148.35554334372281,145.96238505765794,146.5191650390625,59222800
2021-11-16,146.4606021824879,147.97463697406297,145.87451939068316,147.49600219726562,59256200
2021-11-17,147.49598349597346,151.40316186672771,147.48622091573952,149.92820739746094,88807000
2021-11-18,150.14311888912806,154.98801222203343,149.49843081431837,154.20657348632812,137827700
2021-11-19,153.9916731226482,157.28348128204507,152.89766786630707,156.8243865966797,117305600
2021-11-22,157.92813559947206,161.85485386154411,157.26392246010866,157.28346252441406,117467900
2021-11-23,157.3811346832133,158.0453627342285,155.36894027506222,157.66441345214844,96041900
2021-11-24,157.0197711747025,158.37751541168896,155.9355283016625,158.18215942382812,69463600
2021-11-26,155.86712045424656,156.72668956141257,152.73160325073675,153.17115783691406,76959800
2021-11-29,155.67175446958956,157.44952783966656,155.10521179906075,156.52157592773438,88748200
2021-11-30,156.2773947152438,161.67906839694083,156.2090119296681,161.46417236328125,174048100
2021-12-01,163.59359305485575,166.34816161455686,160.71205130315363,160.9464874267578,152052500
2021-12-02,155.0563862894109,160.38967666927002,154.13819694441963,159.9598846435547,136739200
2021-12-03,160.21389314884243,161.13208267929107,156.0136723737617,158.08447265625,118023100
2021-12-06,160.47759138079394,163.98429560873123,160.4678287996897,161.48370361328125,107497000
2021-12-07,165.15641265166715,167.59839885439817,164.43357936996645,167.20767211914062,120405400
2021-12-08,168.13570063364043,171.87682666062753,166.73887626153672,171.01724243164062,116998900
2021-12-09,170.85114615502485,172.64844463234323,169.8841141404718,170.50926208496094,108923700
2021-12-10,171.14416754190958,175.46159735855395,170.6362302385688,175.2857666015625,115402700
2021-12-13,176.91704079075095,177.9036129181879,171.45676231906222,171.66189575195312,153237000
2021-12-14,171.1833022083099,173.61552681793418,168.2138523400571,170.28465270996094,139380400
2021-12-15,171.04648048892548,175.33460762233094,168.31145298797125,175.13925170898438,131063300
2021-12-16,175.11972073731067,176.93655914468357,166.78766465581225,168.2626190185547,150185800
2021-12-17,165.98669687061619,169.444558052229,165.75227570894924,167.1686248779297,195432700
2021-12-20,164.374993320752,166.62162387110183,163.57402950297322,165.81088256835938,107499100
2021-12-21,167.57889907243998,169.18084181030284,165.1955175809284,168.97572326660156,91185900
2021-12-22,169.02453697313442,171.77910499631244,168.15519034473417,171.564208984375,92135300
2021-12-23,171.76936224404878,172.7461569911751,171.2028195021509,172.1893768310547,68356600
2021-12-27,172.9805356564393,176.2332631531054,172.9610104976855,176.14535522460938,74919600
2021-12-28,175.9793381325386,177.12218615208815,174.38715798933583,175.1295166015625,79144300
2021-12-29,175.16857977375096,176.43841575185178,174.0061917992903,175.21742248535156,62348900
2021-12-30,175.30538356162475,176.37986392372042,173.95740181730605,174.06484985351562,59773000
2021-12-31,173.9574007677881,175.07094636146564,173.14665920940863,173.44947814941406,64062300
2022-01-03,173.70338274431063,178.63619837680892,173.5861721636794,177.786376953125,104487900
2022-01-04,178.3920304132724,178.69483440178558,174.9634712930882,175.53001403808594,99310400
2022-01-05,175.44210103848545,175.9891036993743,170.58743006603996,170.86093139648438,94537600
2022-01-06,168.69243553501073,171.23210762394186,167.65703557565845,168.00868225097656,96904000
2022-01-07,168.878037036841,170.0990304259398,167.06119827767387,168.17474365234375,86709100
2022-01-10,165.15642793014217,168.4970635759533,164.26754129298973,168.1942596435547,106765600
2022-01-11,168.32129403805408,171.11491297284869,166.85610177757536,171.01724243164062,76138300
2022-01-12,172.0330771442787,173.06847713761263,170.76325596284155,171.45677185058594,74805200
2022-01-13,171.70094857794888,172.52145244084235,167.80353287215138,168.1942596435547,84505800
2022-01-14,167.36404330535862,169.74742537024073,167.11984456764048,169.0539093017578,80440800
2022-01-18,167.53002095796475,168.5361181103695,165.478761430844,165.85971069335938,90956700
2022-01-19,166.05506272277646,167.1100025568735,162.08927949191408,162.37254333496094,94815000
2022-01-20,163.10515822088573,165.74250066133902,160.3701303584997,160.69247436523438,91420500
2022-01-21,160.60458738914824,162.4702688967568,158.53378733529433,158.6412353515625,122848900
2022-01-24,156.30667494751387,158.53376542721094,151.11012055841888,157.86953735351562,162294600
2022-01-25,155.29079647095608,158.98307875093712,153.3762874615523,156.07223510742188,115798400
2022-01-26,159.70591419723806,160.575260779249,154.15772812433738,155.9843292236328,108275300
2022-01-27,158.68028043462846,160.03802433796415,154.60704872462142,155.52523803710938,121954600
2022-01-28,161.86463986114418,166.39696621279427,159.02216399560837,166.37742614746094,179935700
2022-01-31,166.2113952349244,170.93907816240107,165.57646971606974,170.72418212890625,115541600
2022-02-01,169.9720531603827,170.7827946109015,168.3115050264779,170.55813598632812,86213900
2022-02-02,170.69483434355706,171.7986168687593,169.30778797894317,171.75953674316406,84914300
2022-02-03,170.4311395793071,172.15030783567607,168.125903430298,168.88780212402344,89418100
2022-02-04,167.90977257243412,170.27664070855118,166.93173331488632,168.60418701171875,82465400
2022-02-07,169.0638570704662,170.1299162190593,167.19579861278513,167.8902130126953,77251200
2022-02-08,167.9586729996618,171.499185164809,167.66525824555538,170.9906005859375,74829200
2022-02-09,172.1838075995271,172.77062217708496,171.05905354274313,172.40875244140625,71285000
2022-02-10,170.31573108381698,171.62629991772872,167.78261335475796,168.340087890625,90865900
2022-02-11,168.545490327705,169.27901969811438,164.34969397169522,164.9365234375,98670700
2022-02-14,163.6944461519794,165.85591974684536,162.90223664246952,165.17129516601562,86185500
2022-02-15,167.2153531108256,169.1518664311418,166.5111637354937,168.99537658691406,62527400
2022-02-16,168.07605663944543,169.53332561896576,166.3155829464961,168.76068115234375,61177400
2022-02-17,167.27407386221338,168.13475329165453,164.77029543878083,165.17129516601562,69589300
2022-02-18,166.09060878011084,166.7947832093295,162.54032203615824,163.62594604492188,82772700
2022-02-22,161.35688974047144,163.02934320107533,158.58903724171788,160.71139526367188,91162800
2022-02-23,161.90457789540673,162.5011823133144,156.24173835796486,156.55471801757812,90009200
2022-02-24,149.22922517438823,159.27369208830245,148.66196063900136,159.16610717773438,141147500
2022-02-25,160.24193771015948,161.4938266826065,157.3371601146723,161.22976684570312,91974200
2022-02-28,159.47907699118204,161.7872502076219,158.8629074909049,161.49383544921875,95056600
2022-03-01,161.08307153976776,162.94135518491746,158.41302839932598,159.6160125732422,83474400
2022-03-02,160.7798480922219,163.6846254319098,159.37146939131958,162.90219116210938,79724800
2022-03-03,164.77026570160976,165.20060533866413,161.91439302006907,162.57945251464844,76678400
2022-03-04,160.87767357199544,161.91439273743828,158.54016047816125,159.58665466308594,83737200
2022-03-07,159.7724722055909,161.3960207362876,155.54733601828758,155.8016357421875,96418800
2022-03-08,155.33215089914594,159.302986589477,152.37846913530916,153.98245239257812,131148300
2022-03-09,157.93372624467713,159.82134918778635,155.9091933685317,159.37144470214844,91454900
2022-03-10,156.681840375499,156.8676701680238,152.55451471855633,155.0387420654297,105342000
2022-03-11,155.4397623739769,155.78208206231224,151.10705589580672,151.33200073242188,96970100
2022-03-14,148.1240148231261,150.73537736075448,146.80367102699051,147.31224060058594,108732100
2022-03-15,147.5860660782992,152.1535209372103,147.07749658833347,151.68405151367188,92964300
2022-03-16,153.60103819497576,156.48625045296393,151.06792059745445,156.0852508544922,102300200
2022-03-17,155.12676781405298,157.46428044860957,154.16829376386883,157.09262084960938,75615400
2022-03-18,156.98503345512586,160.86784945274542,156.25150421008976,160.3788299560547,123511700
2022-03-21,159.9191797677464,162.69682236043158,159.4301601813594,161.7481231689453,95811400
2022-03-22,161.87525716684658,165.6993938917205,161.28844262082922,165.11257934570312,81532000
2022-03-23,164.3008129085659,168.8486892835288,163.9682682338466,166.47206115722656,98062700
2022-03-24,167.30333152467634,170.3156931217297,166.47200741548758,170.2472381591797,90131400
2022-03-25,170.06146151483682,171.43071043053845,168.95627243907444,170.8830108642578,80546200
2022-03-28,168.38900077447545,171.87081780430975,168.22273590773543,171.74368286132812,90371900
2022-03-29,172.8097389298353,175.0787819860724,172.46741925958432,175.02989196777344,100589400
2022-03-30,174.62891251824163,175.66563174403498,172.81953392128133,173.8660430908203,92633200
2022-03-31,173.9344990439243,174.12032889178556,170.57004158960083,170.7754364013672,103049300
2022-04-01,170.2081296381206,171.03946877548313,168.16403166582776,170.4819793701172,78751300
2022-04-04,170.7362946873885,174.5702062097959,170.60914482743888,174.52130126953125,76468400
2022-04-05,173.60196376939686,174.38439814013864,170.58960114244232,171.21554565429688,73401800
2022-04-06,168.57478642821678,169.81690001741904,166.39376384655895,168.05642700195312,89058800
2022-04-07,167.401190693142,169.55287391806212,166.11996174699982,168.3596649169922,77594700
2022-04-08,168.00753302198206,168.00753302198206,165.48419068930104,166.35464477539062,76575500
2022-04-11,165.00498773482366,165.31795249524248,161.8654755697351,162.1099853515625,72246700
2022-04-12,164.33012199148104,166.13948524268093,162.98042335456353,163.97802734375,79265200
2022-04-13,163.7139749230824,167.28381189911025,163.10759541750994,166.65786743164062,70618900
2022-04-14,166.87299876701744,167.50873303070674,161.41553970406295,161.66004943847656,75329400
2022-04-18,160.3201618914843,162.94131434841603,159.97785717263437,161.44491577148438,69023900
2022-04-19,161.39603175237912,164.1345444765827,160.31040765157212,163.7237548828125,67723800
2022-04-20,165.0538631380032,165.1712379709988,162.45229063171516,163.55746459960938,67929800
2022-04-21,165.200581424204,167.7630389892028,162.26646424033356,162.7652587890625,87227800
2022-04-22,162.8043941791054,164.1834179598548,157.95331370568275,158.2369384765625,84882400
2022-04-25,157.58165071304833,159.58663379803306,154.9800781201004,159.30300903320312,96046400
2022-04-26,158.68684707978605,158.77486701882205,153.2782919448604,153.35653686523438,95623200
2022-04-27,152.48608239761126,156.28086402556207,151.96772285920957,153.131591796875,88063200
2022-04-28,155.7527344180899,160.9070049099631,155.43975472715812,160.04632568359375,130216800
2022-04-29,158.28583697775457,162.55008785176082,153.7966412998766,154.18785095214844,131747600
2022-05-02,153.26850950984627,154.75511815394006,149.9040527150275,154.49105834960938,123055300
2022-05-03,154.67691281994897,157.18070602041826,152.88711399336617,155.9777069091797,88966500
2022-05-04,156.163485086847,162.82392827829534,155.7624855158091,162.37403869628906,108256500
2022-05-05,160.25171284753384,160.47665766238154,151.5471558846843,153.3271942138672,130525300
2022-05-06,152.80804796848787,156.16765847712838,151.01560506464577,154.05198669433594,116124600
2022-05-09,151.75023984870148,152.63177739233632,148.38085428930862,148.93914794921875,131577900
2022-05-10,152.32814774676658,153.5231099451531,149.7912929478581,151.3388671875,115366700
2022-05-11,150.3495886480442,152.25956414663153,142.81741468212965,143.49325561523438,142689800
2022-05-12,139.83980605277625,143.19940187956024,135.95128476595931,139.6341094970703,182602000
2022-05-13,141.6224448185645,145.06041547307086,140.17282438448345,144.09072875976562,113990900
2022-05-16,142.56275232444813,144.49232147743598,141.22085987637433,142.55294799804688,86643800
2022-05-17,145.80479629477273,146.6961230315545,143.66953086740642,146.177001953125,78336300
2022-05-18,143.83608013972986,144.33560760113403,137.0287088681347,137.92984008789062,109742900
2022-05-19,137.00910949443605,138.7525756020971,133.79642936713128,134.53103637695312,136095600
2022-05-20,136.2353120090451,137.8122689524701,129.88831177177445,134.76609802246094,137426100
2022-05-23,134.96203055915507,140.31976702681078,134.82490447725766,140.1728515625,117726300
2022-05-24,137.92005516834,139.05625126128453,134.51148183512868,137.4792938232422,104132700
2022-05-25,135.5888849437953,138.87992561613757,135.50073567160547,137.63600158691406,92482700
2022-05-26,134.57023400738558,141.37759058232152,134.3253649583187,140.82908630371094,90601500
2022-05-27,142.4060433122878,146.6079896103765,142.27870662441157,146.56881713867188,90978500
2022-05-31,146.01052282850958,147.56788638378129,143.82628016379354,145.7852325439453,103718400
2022-06-01,146.823446577346,148.62569377792533,144.64900865939228,145.6578826904297,74286600
2022-06-02,144.7959487531145,148.16534881431244,143.84585577263883,148.10658264160156,72348100
2022-06-03,143.8850177275583,144.93306421639832,141.49510885340763,142.39622497558594,88570300
2022-06-06,144.01238876362018,145.5207905259265,141.9260996131152,143.14065551757812,71598400
2022-06-07,141.38736672807937,145.94192415465892,141.1424977278199,145.6578826904297,67808200
2022-06-08,145.5305491597089,146.79406665216868,144.43354079753493,144.92327880859375,53950200
2022-06-09,144.0613237048235,144.91346299390733,139.60470516840178,139.7124481201172,69473000
2022-06-10,137.40089525066517,137.8710395567264,134.24698126233585,134.3155517578125,91437900
2022-06-13,130.14299644685158,132.4251777606438,128.7423526705115,129.17332458496094,122207100
2022-06-14,130.39766413988795,131.1420606306549,128.7815195311164,130.03524780273438,84784300
2022-06-15,131.5338494146611,134.52125474775525,129.4475753177957,132.65045166015625,91533000
2022-06-16,129.36920911544067,129.6728443246095,126.39159330904647,127.39066314697266,108123900
2022-06-17,127.40046865716874,130.34868645706888,127.14579529566508,128.85987854003906,134520300
2022-06-21,130.68166234784277,134.2469537412818,130.5837237330342,133.0813751220703,81000500
2022-06-22,132.02360899242208,134.93265491125933,131.1616799782049,132.57212829589844,73409200
2022-06-23,134.0119372202921,135.74559928638683,132.84635818263115,135.4321746826172,72433800
2022-06-24,137.02872148660157,138.99747831559026,136.90139973704072,138.7526092529297,89116800
2022-06-27,139.77125797752416,140.5450525850796,138.0767682486871,138.7526092529297,70207900
2022-06-28,139.21294709984699,140.47646473111445,134.50166930718802,134.61920166015625,67083400
2022-06-29,134.63877479951915,137.78288432606877,133.86498040570075,136.3724365234375,66242400
2022-06-30,134.4330767564404,135.53008505921423,131.02450456880948,133.91395568847656,98964500
2022-07-01,133.2478979449589,136.18632571299105,132.87570725736074,136.07858276367188,71051600
2022-07-05,134.94245447298385,138.70363989022064,134.11968301964518,138.6546630859375,73353800
2022-07-06,138.44895512148898,141.16209320483665,138.18449238511542,139.98672485351562,74064300
2022-07-07,140.34913434840425,143.5422362397496,140.3393449670909,143.34634399414062,66253700
2022-07-08,142.27867446652914,144.52168281438622,142.02401609395528,144.0221405029297,64547800
2022-07-11,142.68026652507825,143.6303594367227,140.82905749070648,141.8966827392578,63141600
2022-07-12,142.76844044820817,145.40323372369386,142.07302074051665,142.86639404296875,77588800
2022-07-13,140.0552923046931,143.44427122627144,139.2031379384123,142.5039825439453,71185600
2022-07-14,141.12292146669557,145.8929653987599,140.30995449187216,145.42282104492188,78140700
2022-07-15,146.7059565075189,147.763792686889,145.15838218653053,147.08795166015625,76259900
2022-07-18,147.64626627696484,148.45923341835072,143.68917356336667,144.0515899658203,81420900
2022-07-19,144.88412086859606,148.1261847699647,143.89485526545627,147.90090942382812,82982400
2022-07-20,148.0184099284549,150.5650535340759,147.2838029205586,149.8990020751953,64823400
2022-07-21,151.32909076479385,152.37713759641647,148.82163378808133,152.16165161132812,65086600
2022-07-22,152.20081233549695,153.0725455912705,150.26145356507448,150.927490234375,66675400
2022-07-25,150.84910958984113,151.85796878260385,149.15462011252404,149.8108673095703,53623900
2022-07-26,149.13499865872834,149.9479654683096,147.70497218066316,148.48855590820312,55138700
2022-07-27,149.4484808165071,154.10099277980115,149.0371026048061,153.5720672607422,78620700
2022-07-28,153.75817384315252,154.40463173955777,151.2409277129022,154.12059020996094,81378700
2022-07-29,157.9307736596815,160.2717215621507,156.22647941293425,159.17469787597656,101786900
2022-08-01,157.70546755749734,160.2325181068246,157.58793518866128,158.19520568847656,67829400
2022-08-02,156.81414688340993,159.07673453265352,156.35379186998745,156.72598266601562,59907000
2022-08-03,157.53890100599065,163.17088746091105,157.4507517614702,162.7203369140625,82507500
2022-08-04,162.60282888470158,163.75861850349844,161.05525478751719,162.4069366455078,55474100
2022-08-05,160.08237587686597,162.67178435198056,159.876393569881,162.18136596679688,56697000
2022-08-08,163.18179581085533,164.59420304327227,161.05338198319762,161.71054077148438,60276900
2022-08-09,160.8768354992681,162.6423445061743,160.1215870695177,161.75958251953125,63135500
2022-08-10,164.46667794890814,166.0948703368816,163.70162657940335,165.99679565429688,70170500
2022-08-11,166.80102895965928,167.71321455682494,164.96686975599974,165.26112365722656,57149200
2022-08-12,166.5656804191666,168.87063747457046,166.1537158722437,168.80198669433594,68039400
2022-08-15,168.2331286414766,170.06728863023804,168.0663881848966,169.87112426757812,54091700
2022-08-16,169.46896318920653,170.38114909928223,168.3704308785935,169.71417236328125,56377100
2022-08-17,169.45912928634104,172.77434653771422,169.26296497615442,171.20501708984375,79542000
2022-08-18,170.42036968678258,171.54832585930868,169.80243780169835,170.8126983642578,62290100
2022-08-19,169.71419727903458,170.41059802085272,168.0271567164156,168.23313903808594,70346300
2022-08-22,166.43816395511286,166.6049043800519,163.9370276482697,164.35879516601562,69026800
2022-08-23,163.87817957003261,165.4769480040651,163.4564120530002,164.02529907226562,54147100
2022-08-24,164.1135822617859,164.88843656775538,163.0640799468379,164.31954956054688,53841500
2022-08-25,165.54560642521002,166.8795448504242,165.12385385508654,166.7716522216797,51218200
2022-08-26,167.3013400580589,167.77213753118554,160.42566451575846,160.48451232910156,78961000
2022-08-29,158.06179612101135,159.7782599974509,156.75729674532928,158.2873992919922,73314000
2022-08-30,159.02305667853338,159.44480926961938,154.6975633016655,155.86476135253906,77906200
2022-08-31,157.23790413486398,157.5027341926007,154.12865408316875,154.20712280273438,87991100
2022-09-01,153.6382716729597,155.38415993328115,151.70602203096658,154.9329833984375,74229900
2022-09-02,156.6886565527691,157.286967514474,152.00025851175562,152.82415771484375,76957800
2022-09-06,153.4715206737186,154.07963464254792,150.7447958267751,151.56869506835938,73714800
2022-09-07,151.85312983190147,153.6676685648947,150.66631095885003,152.97128295898438,87449600
2022-09-08,151.6765739248584,153.36361410419434,149.75412756943635,151.50003051757812,84923800
2022-09-09,152.49066452851048,154.79563648166842,151.7844609924952,154.354248046875,68028800
2022-09-12,156.53170218353472,161.11220709833708,156.24726616785827,160.29811096191406,104956000
2022-09-13,156.8357744463717,157.46350930410847,150.43091231518306,150.89190673828125,122656600
2022-09-14,151.82368576965968,154.0894308134101,150.66630580332588,152.33372497558594,87965400
2022-09-15,151.68636408491093,152.26506901475514,148.47903939265456,149.45005798339844,90481100
2022-09-16,148.31232430924803,148.44964084888636,145.52673670084437,147.8120880126953,162278800
2022-09-19,146.4487439883553,151.59813732109004,146.24277663621996,151.51966857910156,81474200
2022-09-20,150.46035140561636,155.05067517637016,150.14649142825516,153.89328002929688,107689800
2022-09-21,154.32483969180942,155.69802002410492,150.6565200858437,150.7742156982422,101696800
2022-09-22,149.45991695080835,151.5098622787984,148.01808565192604,149.81301879882812,86652500
2022-09-23,148.2926712627535,148.56730428254153,145.71306650576898,147.54722595214844,96029900
2022-09-26,146.7920383807957,150.82327820825114,146.77241745430226,147.88076782226562,93339400
2022-09-27,149.81300689014782,151.75505941669135,147.07646404392761,148.85177612304688,84442700
2022-09-28,144.81071412247172,147.75322390412563,142.06436866631904,146.9685516357422,146691400
2022-09-29,143.3002421615135,143.9083561021041,137.98409428837317,139.74960327148438,128138200
2022-09-30,138.5725991267457,140.35772899315157,135.35545614892226,135.55162048339844,124925300
2022-10-03,135.56147592361143,140.32834390512355,135.05143653979655,139.72021484375,114311700
2022-10-04,142.25071445031105,143.41791226395273,141.49546616506458,143.3002166748047,87830100
2022-10-05,141.30911612057122,144.55568241187106,140.26941690015158,143.59445190429688,79471000
2022-10-06,143.0157891213956,144.71263233032042,142.43709909152813,142.64306640625,68402200
2022-10-07,139.80845770678545,140.3577388347644,136.7776758724346,137.40541076660156,85925600
2022-10-10,137.72906494140625,139.17089585032406,135.91452632499212,137.72906494140625,74899000
2022-10-11,137.21903351996755,138.64125855443186,135.57123522583825,136.31666564941406,77033700
2022-10-12,136.4638036366148,137.67022848780448,135.51239091855444,135.68893432617188,70433700
2022-10-13,132.40311046864815,140.83829449344884,131.79498172606293,140.2498016357422,113224000
2022-10-14,141.54456588685852,141.75054821414383,135.5418490498613,135.72821044921875,88598000
2022-10-17,138.36665154683308,140.16156968133146,137.5819791306435,139.68096923828125,85250900
2022-10-18,142.7019309504816,143.88873492707052,137.91544326382163,140.99526977539062,99136600
2022-10-19,138.97476591255997,142.1722884311379,138.78840452952474,141.10317993164062,61758300
2022-10-20,140.2792461483292,143.09424222902763,139.9163264513743,140.64215087890625,64522000
2022-10-21,140.1321395849877,145.0167173026428,139.9163543059083,144.4478302001953,86548600
2022-10-24,144.36931363563602,147.35104973792764,143.20211591268642,146.58599853515625,75981900
2022-10-25,147.21377179556336,149.56778877679034,146.4977652190575,149.420654296875,74732300
2022-10-26,148.06710843299678,149.07736899312695,145.20305222207165,146.4879608154297,88194300
2022-10-27,145.23247083964995,146.19368643958677,141.3679725525205,142.02513122558594,109180200
2022-10-28,145.3599625074013,154.48174471225758,144.98725482427943,152.75547790527344,164762400
2022-10-31,150.22494584357278,151.28425122815005,149.00870300208484,150.4014892578125,97943200
2022-11-01,152.10817643552318,152.47108127109797,146.27220032701106,147.7630615234375,80379300
2022-11-02,146.0956258102425,149.25392123210702,142.2213237765035,142.25074768066406,93604600
2022-11-03,139.33763513663766,140.06345955714755,136.09106861510674,136.2185821533203,97918500
2022-11-04,139.59828641105477,140.1681172493776,132.0234984378513,135.95335388183594,140814800
2022-11-07,134.70559929239224,136.70981865595215,133.29084915754692,136.48385620117188,83374600
2022-11-08,137.9477566640864,138.94985902565782,135.07896394018204,137.0537109375,89908500
2022-11-09,136.07123106652006,136.12035725287217,132.2297941583769,132.5048828125,74917800
2022-11-10,138.7632173787933,144.2944793701172,137.05372466357315,144.2944793701172,118854000
2022-11-11,143.26284999283982,147.37935990276293,141.83826577346156,147.07479858398438,93979700
2022-11-14,146.35765103704608,147.64467637079764,144.8446482085248,145.67974853515625,73374100
2022-11-15,149.5506380930854,150.89660867721872,145.95481705312972,147.4088592529297,89868300
2022-11-16,146.51485052076237,147.2418642338074,144.707105498184,146.18080139160156,64218300
2022-11-17,143.86218666008645,148.82363252503697,143.58709795786277,148.07696533203125,80389400
2022-11-18,149.63904958366277,150.02220984195606,147.34008803390304,148.63693237304688,74829600
2022-11-21,147.52676535819396,147.73307435769456,145.12955132737417,145.41445922851562,58724100
2022-11-22,145.53233313834016,147.78216811313607,144.35336486366882,147.54637145996094,51804100
2022-11-23,146.82922050043365,149.16748927839564,146.72114887646376,148.4208221435547,58301400
2022-11-25,145.70921560778717,146.26922721502757,144.54008119228595,145.51272583007812,35195900
2022-11-28,142.59478278627932,144.06847835661756,140.86565204725017,141.69091796875,69246000
2022-11-29,141.7596944766532,142.27057984792378,137.8887997144492,138.6944122314453,83763800
2022-11-30,138.92038744793726,146.1120302873751,138.08530213977906,145.4341278076172,111380900
2022-12-01,145.61096061666942,146.51482547786148,144.03901260255705,145.70919799804688,71250400
2022-12-02,143.4004227674544,145.40464232225125,143.09584639700262,145.2179718017578,65447400
2022-12-05,145.17869354013385,148.27344880391388,143.2137657558394,144.05868530273438,68826400
2022-12-06,144.49093730068225,144.71689974436399,139.43124046996064,140.4038848876953,64727200
2022-12-07,139.69652452502783,140.85582456681212,137.54492649061714,138.46844482421875,69721100
2022-12-08,139.86354485762612,141.0032064446931,138.62564588690643,140.14845275878906,62128300
2022-12-09,139.84388950557997,143.01725827820258,138.42913927736055,139.66705322265625,76097000
2022-12-12,140.19754337716597,141.9659807375352,138.5863037802082,141.95616149902344,70462700
2022-12-13,146.87831847453648,147.34007759813417,141.71056497387187,142.9189910888672,93886200
2022-12-14,142.80112620848055,144.08815144991274,138.68460028950005,140.6986541748047,82291200
2022-12-15,138.63543512859985,139.31333739130548,133.64451838807022,134.1062774658203,98931900
2022-12-16,134.29294719185827,135.23610381983994,131.38484844130548,132.1511688232422,160156900
2022-12-19,132.74067737544078,132.82909551472687,129.01714637272462,130.04872131347656,79592600
2022-12-20,129.08588923628005,130.91327209557377,127.61219386559817,129.9799346923828,77432800
2022-12-21,130.64803543949063,134.41087369361549,130.42207295695286,133.07472229003906,85928000
2022-12-22,131.9939964474779,132.20030541745464,128.01501569466643,129.91116333007812,77852100
2022-12-23,128.6241804492717,130.09787639620362,127.36662777385332,129.54769897460938,63814900
2022-12-27,129.07609558176017,129.1055682957193,126.46273834186272,127.74976348876953,69007800
2022-12-28,127.39607559848972,128.73222692892008,123.66271775984323,123.8297348022461,85438400
2022-12-29,125.74554124055933,128.19187403447657,125.49010604619004,127.3371353149414,75703700
2022-12-30,126.15819306959533,127.67118088033511,125.19537514897438,127.65152740478516,77034200
2023-01-03,127.99538262842435,128.6045053870652,121.99252821247748,122.87674713134766,112117500
2023-01-04,124.66482384759799,126.40378887161263,122.88656686996354,124.14411926269531,89113600
2023-01-05,124.90061292758642,125.52938912334946,122.57217865426507,122.8276138305664,80962700
2023-01-06,123.80025205121024,128.0051879622661,122.69989001665523,127.34693908691406,87754700
2023-01-09,128.18205614149144,131.07050217869943,127.61222532540481,127.86766052246094,70790800
2023-01-10,127.97569516112263,128.95815869987555,125.87322378783952,128.4374542236328,63896200
2023-01-11,128.94836939344688,131.1687321095965,128.17222961380043,131.1490936279297,69458900
2023-01-12,131.53222415316628,131.90555010610956,129.13501070565974,131.07046508789062,71379600
2023-01-13,129.71469801537842,132.55401787873402,129.35119119619432,132.39682006835938,57809700
2023-01-17,132.4656016206527,134.88245427698436,131.77787992946924,133.55613708496094,63646600
2023-01-18,134.4207108763407,136.17931456809228,132.66209219338052,132.8389434814453,69672800
2023-01-19,131.72872356322017,133.86066781311564,131.42416224055012,132.89785766601562,58280400
2023-01-20,132.90772297331753,135.59967961374403,131.8663135769454,135.45230102539062,80223600
2023-01-23,135.6978953680963,140.80671912517695,135.4817521326256,138.63546752929688,81760300
2023-01-24,137.84950755371702,140.64953566811175,137.8396883115422,140.03057861328125,66435100
2023-01-25,138.41933852785135,139.93232634052288,136.37581181311944,139.37232971191406,65799300
2023-01-26,140.65933109437518,141.72039372676826,139.41159795380088,141.43548583984375,54105100
2023-01-27,140.64951214628343,144.64813175929368,140.57091324840124,143.3709259033203,70555800
2023-01-30,142.41796049282078,142.99761054282715,140.34496125408572,140.49232482910156,64015300
2023-01-31,140.19759064122545,141.80883078137197,139.78495761656453,141.75970458984375,65874500
2023-02-01,141.44529588395375,144.0389993752098,138.8417731528238,142.8796844482422,77663600
2023-02-02,146.28885767804982,148.52887400177488,145.57166328269082,148.17520141601562,118339000
2023-02-03,145.43410775063012,154.62014981197694,145.23761799882098,151.7906494140625,154357300
2023-02-06,149.89452545981646,150.41523013113607,148.13590667152536,149.06924438476562,69858300
2023-02-07,147.99832954313612,152.50783427872634,147.99832954313612,151.93800354003906,83322600
2023-02-08,151.18154087876943,151.86926257026718,148.51905726950346,149.2559051513672,64120100
2023-02-09,151.08330847433277,151.62366665738756,147.78222892746496,148.22433471679688,56007100
2023-02-10,147.06320160940942,148.9130429093008,146.82704494780745,148.5883331298828,57450700
2023-02-13,148.52933886882354,151.78625678187208,148.49982115470684,151.38284301757812,62199000
2023-02-14,149.68057287811524,151.30412220458746,148.44078385852455,150.74325561523438,61707600
2023-02-15,150.6547103127393,153.0063833860837,150.42840282421838,152.839111328125,65573800
2023-02-16,151.04829713189807,153.82308261470098,150.890874314185,151.24510192871094,68167900
2023-02-17,149.90692418842454,150.54649479465752,148.43097816102596,150.1037139892578,59144100
2023-02-21,147.79137232815333,148.87373860585663,146.0300835825423,146.0989532470703,58867200
2023-02-22,146.48269724609548,147.54538003263738,144.80012742797703,146.52206420898438,51011300
2023-02-23,147.68314896878456,147.92913996180903,144.87886065676489,147.00421142578125,48394200
2023-02-24,144.75092512234477,144.8296440334222,143.38321594733068,144.3573455810547,55469600
2023-02-27,145.34131909727375,146.77789803104127,145.08547886576312,145.54794311523438,44998500
2023-02-28,144.69189970203135,146.68934528974674,144.47542643511753,145.04612731933594,50547000
2023-03-01,144.4754113339038,144.86899086128216,142.68458995191014,142.9797821044922,55479000
2023-03-02,142.0646965175798,144.3573339453376,141.59238308918532,143.57015991210938,52238100
2023-03-03,145.6660203114201,148.68679692265323,144.96741429678426,148.6080780029297,70732300
2023-03-06,151.32377696340643,153.79353555974586,150.99908214162087,151.36314392089844,87558000
2023-03-07,151.2352451910372,151.55995507278075,148.70646582947896,149.16893005371094,56182000
2023-03-08,150.35951315538156,151.00893289820618,149.39523278864294,150.41854858398438,47204800
2023-03-09,151.09748364556307,152.06176399701366,147.82088228318355,148.17510986328125,53833600
2023-03-10,147.80122193638456,148.5195113692859,145.24290982690115,146.11863708496094,68572400
2023-03-13,145.43970497520198,150.68423448355665,145.33146834316847,148.0570526123047,84457100
2023-03-14,148.85404568502526,150.94004418166887,147.6929755826584,150.14303588867188,73695900
2023-03-15,148.7654682431246,150.7924309816341,147.51583019026035,150.53660583496094,77167900
2023-03-16,149.7199103098672,153.95095694332394,149.2082450157043,153.35073852539062,76161100
2023-03-17,153.5770871091514,154.2265068856699,151.80594908869074,152.514404296875,98944600
2023-03-20,152.5832627325511,155.28916298853815,151.6780028890537,154.87588500976562,73641400
2023-03-21,154.79722327478603,156.84385517693187,154.02971754385752,156.7257843017578,73938300
2023-03-22,156.7454546452784,159.5399085601911,155.27934300701256,155.2990264892578,75701800
2023-03-23,156.28297554136526,158.9593583364734,155.15140813839363,156.38136291503906,67622100
2023-03-24,156.31248202721346,157.76874417421377,155.3186840441415,157.68019104003906,59196500
2023-03-27,157.37517430078694,158.19186606543823,155.33836200567538,155.74179077148438,52390300
2023-03-28,155.4367781198492,155.94844355059743,153.47868455836303,155.1219024658203,45992200
2023-03-29,156.81429056205513,158.46735739062942,156.79462209814082,158.1918487548828,51305700
2023-03-30,158.93967116064357,159.86459953343115,158.68384597812414,159.75636291503906,49501700
2023-03-31,159.8350878653574,162.35403288236776,159.31358823359025,162.25563049316406,68749800
2023-04-03,161.6357239671043,163.6233198649464,161.586522778444,163.5052490234375,56976200
2023-04-04,163.92835343175463,164.16449510354033,162.46224215834394,162.97390747070312,46278300
2023-04-05,162.0982064947886,162.40323287933546,159.20535043705326,161.1339111328125,51511700
2023-04-06,159.82520525050802,162.31464704794055,159.4021080962766,162.0194549560547,45390100
2023-04-10,158.8314221542027,159.431640625,157.5129143705151,159.431640625,47716900
2023-04-11,159.74655214369014,159.75638637804428,157.93604707794614,158.22140502929688,47644200
2023-04-12,158.6346426672523,159.4611686435216,157.21773241416443,157.53260803222656,50133100
2023-04-13,159.03810381613732,163.14123183489016,158.83146477293297,162.9050750732422,68445600
2023-04-14,161.9506011686896,163.65286938363687,161.19295983913122,162.5606689453125,49386500
2023-04-17,162.44259843625022,162.73779061232008,161.39959909302152,162.58035278320312,41516200
2023-04-18,163.43639900098648,164.7253892225956,162.99360326395418,163.8004608154297,49923000
2023-04-19,163.14123856145014,165.46339426405493,162.88539830559142,164.94189453125,47720200
2023-04-20,163.42655222639002,165.17800667808302,162.90505258707114,163.97756958007812,52456400
2023-04-21,162.40322071444277,163.78076396537094,161.85220341407148,162.3737030029297,58337300
2023-04-24,162.35404681853836,162.94443117624493,161.26184626664974,162.6787567138672,41949600
2023-04-25,162.54097982284455,163.64301445601814,161.1043860925183,161.1437530517578,48714100
2023-04-26,160.44513945575562,162.6295403559192,160.1893142654478,161.1339111328125,45498800
2023-04-27,162.54100085037314,165.85695442572842,162.54100085037314,165.70936584472656,64902300
2023-04-28,165.78806481489534,167.12625617335198,165.1878463008649,166.95896911621094,55275900
2023-05-01,166.5654112090663,167.71664719399982,165.93567490070697,166.8704376220703,52472900
2023-05-02,167.36236582754194,167.61820597364212,164.85325563412508,165.83721923828125,48425700
2023-05-03,166.7818533947913,168.17908009941613,164.47938185396285,164.7647247314453,65136000
2023-05-04,162.24581661627295,164.36133312270948,161.6751157183002,163.13137817382812,81235400
2023-05-05,168.23814318555767,171.50491053581004,168.02166992672903,170.78662109375,113453200
2023-05-08,169.71408033203093,171.06212101363838,169.35001851271124,170.7177276611328,55962800
2023-05-09,170.27494492179522,170.7570775926942,168.84820036158354,169.01547241210938,45326900
2023-05-10,170.24544525293916,171.23924342814053,169.14339542958015,170.7767791748047,53724500
2023-05-11,171.06213225532295,171.7902559418124,169.40906507439723,170.96372985839844,49514700
2023-05-12,171.07208510437357,171.50563041723674,168.49053896760506,170.03750610351562,45533100
2023-05-15,170.6188460048669,170.66811525184778,168.95364468701064,169.5448455810547,37266700
2023-05-16,169.46601779285794,170.5991352991019,169.27880367524853,169.5448455810547,42110300
2023-05-17,169.19016268547455,170.39224535567206,167.91908501354433,170.15577697753906,57951600
2023-05-18,170.46119076780954,172.6683237371227,170.04735615510018,172.48110961914062,65496700
2023-05-19,173.80143807257875,173.80143807257875,172.3727201425523,172.58949279785156,55809500
2023-05-22,171.42679729660153,172.1460951955022,170.9045763773169,171.64356994628906,43570900
2023-05-23,170.58927970470205,170.83561089353927,168.76642289336164,169.0423126220703,50747300
2023-05-24,168.57921320123526,169.8896969643689,168.01758589409968,169.31820678710938,45143500
2023-05-25,169.8798495430277,171.3479738482291,169.17041449607095,170.4513397216797,56058300
2023-05-26,170.7764937271046,173.1905363695113,170.56956891324683,172.8555145263672,54835000
2023-05-30,174.36311323589106,176.36332172139132,173.9788370991414,174.6981201171875,55964400
2023-05-31,174.72764675708407,176.71800704198733,174.16600441023556,174.64881896972656,99625300
2023-06-01,175.0922027756249,177.47668683522244,174.33349851829678,177.44712829589844,68901800
2023-06-02,178.37332240607034,179.11231590276506,176.6292935441097,178.29449462890625,61996900
2023-06-05,179.949884959394,182.2358308287415,175.4272324012079,176.94464111328125,121946500
2023-06-06,177.32891962025158,177.476712338109,174.8261860088602,176.580078125,64848400
2023-06-07,175.82133042301987,178.550683874029,174.71777164204613,175.21043395996094,61944600
2023-06-08,175.28927455408018,178.18613184931536,174.85574427470908,177.92010498046875,50214900
2023-06-09,178.83648170922714,179.555764726174,177.97925379814166,178.30441284179688,48900000
2023-06-12,178.60982685528654,181.19137296447727,178.31422641468646,181.09283447265625,54274900
2023-06-13,180.1173628493618,181.44754220802452,179.76264534674598,180.619873046875,54929100
2023-06-14,180.67898290027227,181.6840182899738,179.3488035947976,181.25047302246094,57462900
2023-06-15,181.26036948430115,183.78279874291368,181.08300318978328,183.2802734375,65433200
2023-06-16,183.98968846409701,184.245882524342,181.56579797087073,182.2062530517578,101256200
2023-06-20,181.70376647980103,183.3689679486228,181.70376647980103,182.29495239257812,49799100
2023-06-21,182.18658409390272,182.6891094596189,179.910485779367,181.26039123535156,49515700
2023-06-22,181.0435838743865,184.3050065515812,180.97460392176268,184.2557373046875,51245300
2023-06-23,182.82703803401998,184.80753566864925,182.29495416898448,183.94044494628906,53117000
2023-06-26,184.08822111663613,185.2903184900679,182.51169553463515,182.55111694335938,48088700
2023-06-27,183.1620179856705,185.6253298715582,182.94524533692336,185.3001708984375,50730800
2023-06-28,185.17209649255778,187.11318769857849,184.84695251457532,186.4727325439453,51216800
2023-06-29,186.30524420235466,187.28072131986815,186.1672993101183,186.80775451660156,46347300
2023-06-30,188.81780236383452,191.62596911406445,188.45322195229386,191.1234588623047,85213200
2023-07-03,190.9362564156046,191.03479491877454,188.94589592351636,189.63563537597656,31458200
2023-07-05,188.75868490984942,190.1479814937267,187.82261429340878,188.52220153808594,46920300
2023-07-06,187.05407174607458,189.20208780415717,186.42346442381324,188.9951629638672,45094300
2023-07-07,188.6010117511895,189.8425155087971,187.44818361165477,187.8817138671875,46815000
2023-07-10,186.48255712554894,187.2018550195119,184.2951349736181,185.84210205078125,59922200
2023-07-11,186.3840531601648,186.52199803845542,183.86162393721375,185.3199005126953,46638100
2023-07-12,186.89640150427806,188.88676181703667,185.70416691161034,186.98509216308594,60750200
2023-07-13,187.7043680387378,188.38424453327508,186.99493300399138,187.7437744140625,41342300
2023-07-14,187.4383302857117,188.37438582770977,186.8471444335954,187.89158630371094,41616200
2023-07-17,189.08384794751433,191.46834750746484,188.9951723122315,191.1431884765625,50520200
2023-07-18,190.5125801606121,191.47819437683242,189.5962201627232,190.88699340820312,48288200
2023-07-19,190.26621270882248,195.3209183853995,189.82280454932882,192.2368621826172,80507300
2023-07-20,192.22700448393437,193.58675746858663,189.6750169550875,190.2957763671875,59581200
2023-07-21,191.25155042374644,192.10877819186132,188.4236580132484,189.1232452392578,71951700
2023-07-24,190.57167418096722,192.04966138875844,189.4286937985748,189.92135620117188,45377800
2023-07-25,190.49282690419068,191.58653792745972,190.08884016702333,190.778564453125,37283200
2023-07-26,190.8278846495574,192.7689760383015,190.4830299318555,191.6457061767578,47471900
2023-07-27,193.1433729163405,194.30604897209747,189.72429463258098,190.38446044921875,47460200
2023-07-28,191.8131659299023,193.7444090416655,191.29094501886246,192.95614624023438,48291400
2023-07-31,193.1828015190956,193.60649905306556,192.39453857567588,193.56707763671875,38824100
2023-08-01,193.3601546102926,193.842954166062,192.41423613585215,192.73939514160156,35175100
2023-08-02,192.17775117305615,192.31569604997566,189.03457754647138,189.7538604736328,50389300
2023-08-03,188.75870197685728,189.54694988427917,187.89161123685508,188.36456298828125,61235200
2023-08-04,182.7975015303147,184.63020666500077,179.250325451933,179.31930541992188,115956800
2023-08-07,179.4572213905704,180.44254624962392,174.74736976708382,176.22535705566406,97576100
2023-08-08,177.05302113799038,177.62451134366992,174.97398514494694,177.16140747070312,67823000
2023-08-09,178.21570618554995,178.2748232727554,174.41235154839882,175.57504272460938,60378500
2023-08-10,176.84608080013524,178.0974474344709,174.99368050557445,175.35824584960938,54686900
2023-08-11,174.95373578240464,176.2363757071569,174.1940069392339,175.41744995117188,52036700
2023-08-14,175.59504844195268,177.2920967961584,174.9438523177461,177.06517028808594,43675600
2023-08-15,176.49291042563854,177.08489459113486,174.68732936330193,175.0819854736328,43622600
2023-08-16,174.766254405872,176.1574269074876,174.14465676238186,174.21372985839844,46964900
2023-08-17,174.77612136953763,175.14117901733323,171.16495931429398,171.6780242919922,66062900
2023-08-18,170.00075151281027,172.76339001893962,169.66529224450343,172.16152954101562,61172200
2023-08-21,172.7337706675176,173.77962299820936,171.42151715942626,173.4934844970703,46311900
2023-08-22,174.69721483499137,175.30893640777694,173.89802631437342,174.8649444580078,42038900
2023-08-23,176.1377232252428,179.12728783194132,175.9502562936072,178.70301818847656,52722800
2023-08-24,178.25903609639087,178.68330576322634,173.66121814414575,174.0262908935547,54945800
2023-08-25,175.0129348306344,176.7593040006282,173.4737548580186,176.2265167236328,51449600
2023-08-28,177.68677460091166,178.1801023209798,176.1673318473753,177.7854461669922,43820700
2023-08-29,177.30200894140822,182.43261506867535,177.10468083173828,181.66302490234375,53003900
2023-08-30,182.4720614420058,185.34323241647965,182.27473336292013,185.14588928222656,60813900
2023-08-31,185.33333184264131,186.59624944883035,184.9781353249528,185.36293029785156,60794500
2023-09-01,186.961330634287,187.38558521498553,185.76747101772168,186.93173217773438,45766500
2023-09-05,185.76745412260553,187.44476508042712,185.10639689444145,187.1685028076172,45280000
2023-09-06,185.88587535630464,186.32988234003622,179.04836051297525,180.46914672851562,81755800
2023-09-07,172.84227669356144,175.83185624974686,171.22416252451072,175.19052124023438,112488800
2023-09-08,175.96997548136457,177.83475336123297,175.4174358773743,175.80223083496094,65551300
2023-09-11,177.6670388917848,177.89396541040293,174.97345890425444,176.9665069580078,58953100
2023-09-12,177.09477490699047,177.72623373133553,172.487096210491,173.9473419189453,90370200
2023-09-13,174.15456487501547,174.93403118667004,171.65832754990635,171.88526916503906,84267900
2023-09-14,171.6780505009118,173.75003299454158,171.2636570132194,173.39483642578125,60895800
2023-09-15,174.12494522635322,174.14468255030425,171.5004532372104,172.674560546875,109259500
2023-09-18,174.12492516303394,176.9862345995646,173.81906442528665,175.5950469970703,67257600
2023-09-19,175.1510856525732,177.23292932503867,174.76629061620125,176.68040466308594,51826900
2023-09-20,176.8678428874874,177.3019736755132,173.0593524132158,173.14816284179688,58436200
2023-09-21,172.22069958579337,173.94734650075085,171.53990496478352,171.6089630126953,63149100
2023-09-22,172.33909518451154,174.7169382879251,171.7273736602944,172.45748901367188,56725400
2023-09-25,171.87536866413782,174.60840835340898,171.82603288281885,173.73028564453125,46172700
2023-09-26,172.48711848209095,172.86203732750283,169.36928354767613,169.665283203125,64588900
2023-09-27,170.3164478696235,170.73084132501634,166.7940959712009,168.15567016601562,66921800
2023-09-28,167.08022534636603,169.7343308371659,165.38317681816312,168.41221618652344,56294400
2023-09-29,169.7244661753788,170.76045735672912,168.06687727418498,168.92527770996094,51861100
2023-10-02,168.93514418826848,171.97404472395215,168.64900568223578,171.43138122558594,52164500
2023-10-03,169.96124934298015,171.31297744317223,168.54047825044546,170.09938049316406,49594600
2023-10-04,168.80686354725646,171.88523853747708,168.68846972057472,171.3425750732422,53020300
2023-10-05,171.47081778563683,173.10866919518492,170.3756298015613,172.5758819580078,48527900
2023-10-06,171.48068444244805,175.6147723242181,170.86894795356997,175.12144470214844,57266700
2023-10-09,174.45052401213385,176.6606373398207,173.45400756283908,176.6014404296875,42390800
2023-10-10,175.7233217666065,177.3216985969386,175.5753144327677,176.0094451904297,43698000
2023-10-11,175.82199530812358,177.44998580714199,175.23001108089,177.40065002441406,47551100
2023-10-12,177.6670336186698,179.906730392158,176.6507647716162,178.29849243164062,56743100
2023-10-13,178.99902980590412,179.5022186651883,175.76280113660414,176.4633331298828,51427100
2023-10-16,174.39134016768617,176.69024903281087,174.15453745424634,176.33505249023438,52517000
2023-10-17,174.29265257502803,176.03903666999224,172.46734930467605,174.78598022460938,57549400
2023-10-18,173.23695950912395,175.21027033840411,172.77323025982977,173.4934844970703,54764400
2023-10-19,173.69082297603654,175.466805839834,172.85217485644313,173.1185760498047,59302900
2023-10-20,172.97054807703984,173.07908076842247,170.33618008275127,170.57298278808594,64244000
2023-10-23,168.62926966195786,171.68789221712717,167.66233657820504,170.69137573242188,55980100
2023-10-24,170.74070856198063,171.35243005141567,169.1620540054936,171.12550354003906,43816600
2023-10-25,169.58633193718455,170.75057806188605,168.3727349771656,168.81674194335938,57157000
2023-10-26,168.09649022321696,169.09302189873856,163.45921245305613,164.66293334960938,70625300
2023-10-27,164.68264263448572,166.70528904611524,164.60370840247674,165.97515869140625,58499100
2023-10-30,166.76449089816728,168.8857938712959,166.61648356307745,168.0175323486328,51131000
2023-10-31,167.09010101577766,168.61940486913602,165.65943861592592,168.49114990234375,44846000
2023-11-01,168.71805482147735,171.9049471971035,167.84979334743332,171.64842224121094,56934900
2023-11-02,173.17773216234193,175.40756758774253,173.11853525669227,175.20037841796875,77334800
2023-11-03,171.91480549386804,174.46037768725847,171.03668297815753,174.29263305664062,79829200
2023-11-06,174.02625271257716,177.03553909275448,173.85852313161243,176.8382110595703,63841300
2023-11-07,176.78889227095914,180.00539823599848,176.58170308551922,179.3936767578125,70530000
2023-11-08,179.91658414704074,181.00189584845015,179.16671654971245,180.44937133789062,49340300
2023-11-09,180.51849360423827,181.66300252138785,179.38383076688,179.975830078125,53763500
2023-11-10,181.75413731292954,184.3228271167955,181.31943456996746,184.1548614501953,66133400
2023-11-13,183.58184574005094,183.78930789371245,181.99123723697815,182.57412719726562,43627500
2023-11-14,185.4391901985185,185.84425545326624,184.0560589323069,185.1823272705078,60108400
2023-11-15,185.5874067506803,187.21752694473682,185.51824264456812,185.74546813964844,53790500
2023-11-16,187.28668991537342,188.65994715340477,186.37775779056014,187.4250030517578,54412900
2023-11-17,187.9584954748911,188.08693448765234,186.29873780998344,187.40524291992188,50922700
2023-11-20,187.60281994734135,189.598493753426,187.59294582194016,189.14402770996094,46505100
2023-11-21,189.10451024981845,189.21318592585277,187.45462685911554,188.34378051757812,38134500
2023-11-22,189.18354656200316,190.60618938615343,188.53149251239262,189.00570678710938,39617700
2023-11-24,188.57102324664504,188.60066069963858,186.97054048498805,187.68186950683594,24048300
2023-11-27,187.63248260157215,188.37344913120532,186.62476390027032,187.50404357910156,40552600
2023-11-28,187.49413155220094,188.77847629228074,187.1187037624085,188.10665893554688,38415400
2023-11-29,188.60063575450744,189.77630481775705,186.69388951411068,187.0890655517578,43014200
2023-11-30,187.55341843722022,188.02764780463457,185.92329832735996,187.66209411621094,48794400
2023-12-01,188.03754149609296,189.25272234216075,186.95078459310412,188.93658447265625,45704800
2023-12-04,187.69173962433385,187.76090372984268,185.1922139752508,187.1483612060547,43389500
2023-12-05,187.91895861640964,192.0584780958342,187.88930609245244,191.0902862548828,66628400
2023-12-06,192.10788966712872,192.4141533735728,189.79607806848605,190.00355529785156,41089700
2023-12-07,191.29779342674496,192.65128739108172,191.25826677194576,191.93008422851562,47477700
2023-12-08,191.86090014217592,193.62934842275146,191.33728508312288,193.35272216796875,53406400
2023-12-11,190.7840614125706,191.1594892758114,189.1144144313186,190.85321044921875,60943700
2023-12-12,190.75440470261375,192.3746507369947,189.4107849369075,192.36477661132812,52696900
2023-12-13,192.74019585543422,195.6151493963814,192.50309623143957,195.5756378173828,70404200
2023-12-14,195.63490356313392,197.21562292408947,193.79730618821,195.72381591796875,66831600
2023-12-15,195.1508267360026,196.01034310022396,194.6272115859594,195.1903533935547,128538400
2023-12-18,193.72813612536964,194.26164038796966,192.0486152607036,193.53054809570312,55751900
2023-12-19,193.79729775296602,194.57777573643529,193.5305456250714,194.56790161132812,40714100
2023-12-20,194.5283508193705,195.29895458209847,192.48329162597656,192.48329162597656,52242800
2023-12-21,193.73802319308166,194.70621508029078,191.16933361068988,192.33511352539062,46482500
2023-12-22,192.82908334808235,193.05632389177538,190.64571085868127,191.26812744140625,37149600
2023-12-26,191.2779991818499,191.55462542072405,190.50739536284337,190.72474670410156,28919300
2023-12-27,190.1715235726757,191.16935301152336,188.7883770898652,190.8235626220703,48087700
2023-12-28,191.80161980345068,192.3153607227681,190.8433020640508,191.2483673095703,34049900
2023-12-29,191.56452296375952,192.0585006042798,189.4206618129017,190.21102905273438,42672100
2024-01-02,184.89581391743906,186.17028459685415,181.6750853181039,183.4040069580078,82488700
2024-01-03,182.00112426612563,183.6411336613478,181.22063114701328,182.03076171875,58414500
2024-01-04,179.95601742530297,180.88469764157387,178.70132528842504,179.7189178466797,71983600
2024-01-05,179.79798286255345,180.55869755734878,177.99989705667167,178.9977264404297,62379700
2024-01-08,179.89673069766573,183.36446255692232,179.31384083855912,183.32493591308594,59144500
2024-01-09,181.7047275700206,182.9199083051763,180.52905841182087,182.9100341796875,42841800
2024-01-10,182.12955368013527,184.1548498527509,181.70472508990332,183.9473876953125,46792900
2024-01-11,184.29316874581366,184.7970355796361,181.4083411771675,183.3546142578125,49128400
2024-01-12,183.81899248420027,184.49081004334332,182.95947604860956,183.68067932128906,40477800
2024-01-16,179.96593271976667,182.04062970854807,178.7507369031224,181.41822814941406,65603000
2024-01-17,179.08666971271487,180.72666412936158,178.1283518215105,180.47967529296875,47317400
2024-01-18,183.8485869578717,186.86185345428623,183.59172402252184,186.35800170898438,78005800
2024-01-19,187.04957995238564,189.63801803091337,186.5457281731689,189.25271606445312,68903000
2024-01-22,189.9838116367789,192.97731505960866,189.94428498185601,191.55465698242188,60133900
2024-01-23,192.67105542323813,193.392258603415,191.49538615178406,192.82911682128906,42355600
2024-01-24,193.06621990928542,194.01466361551059,191.99922639290756,192.1573028564453,53631300
2024-01-25,192.86860899256396,193.9059649333701,190.78402298627717,191.8312530517578,54822100
2024-01-26,191.93006387634745,192.41415228379137,189.6281264159501,190.1023406982422,44594000
2024-01-29,189.6972958396627,189.8850097627336,187.29657164460275,189.42066955566406,47145600
2024-01-30,188.64019550498801,189.48983770252025,185.21198926058483,185.77511596679688,55859400
2024-01-31,184.78712556686926,184.84641553917146,182.129538862794,182.17892456054688,55467800
2024-02-01,181.77391734166875,184.69825684937862,181.60596673463837,184.60934448242188,64885400
2024-02-02,177.6936383802958,185.07366557426653,177.0909850527091,183.6114959716797,102551700
2024-02-05,185.88375846902116,186.97051518171523,183.60158444736317,185.41941833496094,69668800
2024-02-06,184.60931480628852,187.02980210381148,184.5204024536245,187.01992797851562,43490800
2024-02-07,188.3437664109805,188.74883163449712,186.33821869210433,187.1285858154297,53439000
2024-02-08,187.1088468471974,187.25703410679802,185.09342474162452,186.05174255371094,40962000
2024-02-09,186.61559077121817,187.9411516715375,185.97260641439556,186.81344604492188,45155200
2024-02-12,186.38806813077576,186.63537211912902,184.7756412965565,185.1317596435547,41781900
2024-02-13,183.76663306878044,184.20189045877694,181.53099558275042,183.04449462890625,56529500
2024-02-14,183.32147349103352,183.5292003496781,180.47252724717288,182.16407775878906,54630500
2024-02-15,181.57057328309747,182.50043860227981,179.3943014199978,181.87722778320312,65434500
2024-02-16,181.44197861733377,182.8565652037317,179.7108507918506,180.3439483642578,49752500
2024-02-20,179.82956623009554,180.46266385305907,178.0588762686663,179.60205078125,53665600
2024-02-21,179.97795967071906,180.91771184255438,178.71176441081158,180.35386657714844,41371400
2024-02-22,181.50132758611662,182.9653779737103,180.49233824441416,182.38172912597656,52292200
2024-02-23,183.01485026342843,183.04452553646294,180.26483093781445,180.5517120361328,45119700
2024-02-26,180.27473021897956,180.78911167382452,178.70186529911302,179.2063751220703,40867400
2024-02-27,179.14703832319717,181.936619822868,177.62363710554357,180.66053771972656,54318900
2024-02-28,180.5417731107642,181.14519536218177,178.18744973320082,179.46353149414062,48953900
2024-02-29,179.31517776545977,180.6011615069905,177.59393659501978,178.80078125,136682600
2024-03-01,177.61370457626955,178.5831318593588,175.46710804516843,177.72251892089844,73563100
2024-03-04,174.25039570154502,174.99230771576262,171.91584529303745,173.21173095703125,81510100
2024-03-05,168.91849794898403,170.1846930657021,167.7907924514621,168.285400390625,95132400
2024-03-06,169.2152850514215,169.39335177885377,166.8609461620447,167.29620361328125,68587700
2024-03-07,167.32583603979853,168.888798717098,166.67296512435692,167.17745971679688,71765100
2024-03-08,167.17747009753631,171.82678133583968,167.11811956465033,168.88880920410156,76267000
2024-03-11,171.07499261235472,172.49946586057737,170.1945911039721,170.8870391845703,60139500
2024-03-12,171.28272310113206,172.15323790323208,169.16580172767317,171.3618621826172,59825400
2024-03-13,170.90682879160028,171.32229764254458,168.91849524765144,169.28451538085938,52488700
2024-03-14,171.04532782778392,172.43022407386235,170.19460153541087,171.1343536376953,72913500
2024-03-15,169.3240932528417,170.75845336914062,168.45357838204507,170.75845336914062,121752700
2024-03-18,173.67665901704393,175.79358063684148,171.6487632139381,171.8466033935547,75604200
2024-03-19,172.45988088096897,174.70540499850514,171.1640105835326,174.18112182617188,55215200
2024-03-20,173.82504084734046,176.74322509765625,173.2018299224136,176.74322509765625,53423100
2024-03-21,175.1406653733646,175.57592275278003,168.9976284397713,169.52191162109375,106181300
2024-03-22,169.90770741812418,171.18380430580046,168.22604350725265,170.42210388183594,71160100
2024-03-25,168.73057383883838,170.085794876263,167.6226416976105,169.00755310058594,54288300
2024-03-26,168.16670300567833,169.57138777241732,167.7512341389727,167.8798370361328,57388400
2024-03-27,168.5722593701728,171.72786002382026,168.2754916266955,171.44097900390625,60273300
2024-03-28,169.89786038812744,170.37267987636224,168.6712270247615,169.63076782226562,65672700
2024-04-01,169.3438746978549,169.40322523760474,167.65230884379906,168.19638061523438,46240500
2024-04-02,167.25662806803024,167.51381877100314,166.41578850586058,167.0192108154297,49329500
2024-04-03,166.96973884210524,168.83935621904524,166.76201196368757,167.82046508789062,47691700
2024-04-04,168.45355351894443,170.06598011820813,166.99942016601562,166.99942016601562,53704400
2024-04-05,167.7611226870966,168.5524984345705,167.12802510796487,167.75123596191406,42104800
2024-04-08,167.2071852220754,167.37535013675048,166.4257111957336,166.63343811035156,37425500
2024-04-09,166.88071513080217,168.2458378687617,166.53449863101693,167.8402557373047,42373800
2024-04-10,166.97966188332379,167.26652787853376,165.30788444762385,165.9706573486328,49709300
2024-04-11,166.52458559261675,173.56781241373886,166.34653399230652,173.15232849121094,91070300
2024-04-12,172.38078961681583,176.43658160486194,172.3313408879349,174.64610290527344,101670900
2024-04-15,173.46890241983837,174.72521085075485,170.63974431610336,170.82769775390625,73531800
2024-04-16,169.89784277952464,171.88616144450353,166.45537543168857,167.55340576171875,73711200
2024-04-17,167.780901063059,168.80967890645843,166.18826293945312,166.18826293945312,50901200
2024-04-18,166.21793076697907,166.8213530127437,164.75389559967167,165.2386016845703,43122900
2024-04-19,164.41760010663418,164.60553846988037,162.3105651694999,163.22064208984375,68149400
2024-04-22,163.7350029833429,165.45622881020677,162.9930911354229,164.05154418945312,48116400
2024-04-23,163.56685559955991,165.24851961582092,163.14148491226467,165.10012817382812,49537800
2024-04-24,164.74402954196006,167.47427542099652,164.4176015378687,167.19729614257812,48251800
2024-04-25,167.70177351115603,168.77012851479734,166.33665071301928,168.05789184570312,50558300
2024-04-26,168.04802077933093,169.49226770262163,167.35555749623813,167.47427368164062,44838400
2024-04-29,171.50037962888564,174.13169791183088,171.23330216655395,171.6289825439453,68169400
2024-04-30,171.46081207960546,173.1029142716877,168.1667209693098,168.4931640625,65934800
2024-05-01,167.75125295718234,170.84750390177777,167.28632022447192,167.47427368164062,50383100
2024-05-02,170.64962025703286,171.5498103000238,169.04709541575278,171.1640167236328,94214900
2024-05-03,184.63712970012278,184.98336128032037,180.69016817589636,181.40240478515625,163224100
2024-05-06,180.38352481626606,182.21356516877455,178.47433028646978,179.75042724609375,78569700
2024-05-07,181.47164781905605,182.9060078076493,179.36462828599997,180.43296813964844,77305800
2024-05-08,180.87813197889614,181.09576068278213,179.4932206728727,180.76931762695312,45057100
2024-05-09,180.5912561815798,182.66861565405213,180.14611203583203,182.57958984375,48983000
2024-05-10,183.15411695720846,183.34232534295325,180.41028294678514,181.32159423828125,50759500
2024-05-13,183.68902280376187,185.33335221774516,182.8767582325011,184.52108764648438,72044800
2024-05-14,185.7394637127145,186.52201273815805,184.53098214319476,185.66021728515625,52393600
2024-05-15,186.13566691836786,188.84978484549154,185.6007573941714,187.92857360839844,70400000
2024-05-16,188.67151097089564,189.29556710780693,187.86916171755817,188.04745483398438,52845200
2024-05-17,187.72054713149117,189.00827490956243,187.39366134142406,188.0771484375,41282900
2024-05-20,187.54226949481966,190.10781001398533,187.22528381236822,189.23611450195312,44361300
2024-05-21,189.28565540299905,190.91016932460286,189.11726241831752,190.5337677001953,42309400
2024-05-22,190.45450146899057,190.999311136132,188.47338639917342,189.09742736816406,34648500
2024-05-23,189.1766947549615,189.19651013997458,184.86777806929078,185.11541748046875,51005900
2024-05-24,187.03707622618555,188.78045200186543,186.26442746313117,188.1861114501953,36327000
2024-05-28,189.70169698060212,191.17763337385156,187.31446444482384,188.19606018066406,52280100
2024-05-29,187.81962268312432,190.4346940804733,187.72056087959155,188.49319458007812,53068000
2024-05-30,188.95875509095092,190.365345015264,188.82999288588945,189.48374938964844,49889100
2024-05-31,189.63235836586054,190.7516933437122,188.11680637508078,190.43470764160156,75158300
2024-06-03,191.07855630297723,193.14883318833753,190.7021546904014,192.19789123535156,50080500
2024-06-04,192.80211709386347,193.47570407411885,191.207318865485,192.51486206054688,47471400
2024-06-05,193.5549597642067,195.04079624688396,193.02996541617088,194.02052307128906,54156800
2024-06-06,193.8422122853953,194.64456149457678,192.3365605546928,192.6436309814453,41181800
2024-06-07,192.81205951087668,195.08044521695948,192.30688050093246,195.03091430664062,53103900
2024-06-10,195.04080033594326,195.43703247512377,190.33565137548777,191.29649353027344,97010200
2024-06-11,191.82148694435384,205.2039307530545,191.80168667352532,205.1940155029297,172373300
2024-06-12,205.4119153142898,218.12077055688877,204.94635205432962,211.05810546875,198134300
2024-06-13,212.71235034689784,214.70336573665497,209.60200000148347,212.21707153320312,97862700
2024-06-14,211.8307711431916,213.13829945342002,209.30484597389386,210.48361206054688,70122700
2024-06-17,211.35528688913016,216.88260054537645,210.71143044440285,214.62413024902344,93728300
2024-06-18,215.5354139875743,216.56560230529576,210.9887584540523,212.26657104492188,79943300
2024-06-20,211.90998899500866,212.2170745602359,206.87796947703916,207.7001190185547,86172500
2024-06-21,208.40341856791886,209.88925500861833,205.1543907600995,205.5308074951172,241805100
2024-06-24,205.75863496180304,210.69160779538842,204.63929998769706,206.17466735839844,80727000
2024-06-25,207.1751175381149,209.38407188516823,206.64022308060072,207.09588623046875,55549700
2024-06-26,209.5029437835443,212.83121810497767,208.6510635966682,211.23641967773438,66213200
2024-06-27,212.66282504623206,213.70291360533915,210.34492376459474,212.07839965820312,49772700
2024-06-28,213.73265291439517,214.02982326645972,208.31430073755797,208.6312713623047,82542700
2024-07-01,210.0873668962765,215.4561875080808,209.91897391071575,214.703369140625,60402900
2024-07-02,214.1090169642201,218.29908645117231,213.0689435868198,218.19012451171875,58046200
2024-07-03,217.92268618597842,219.4580535888672,216.9618440422543,219.4580535888672,37369800
2024-07-05,219.55710192478037,224.3117817727132,219.55710192478037,224.20281982421875,60412400
2024-07-08,224.9457357840812,225.69856928044194,221.14199799041046,225.66885375976562,59085900
2024-07-09,225.77778797195694,227.23390886254342,224.23252052432466,226.5207061767578,48076100
2024-07-10,227.1348758928893,230.87918266211804,227.08534498663496,230.78012084960938,62627700
2024-07-11,229.2051413563895,230.19569903805672,223.63821202212716,225.4212188720703,64710600
2024-07-12,226.7584454352943,230.44332094014862,226.5207061684713,228.36314392089844,53046500
2024-07-15,234.24705286947437,234.98997105632398,230.88906326950251,232.1866912841797,62631300
2024-07-16,232.78106107648213,234.03907359612094,230.13627381333595,232.60276794433594,43234300
2024-07-17,227.28343626123907,229.27446669281912,224.49997184852458,226.7188262939453,57345900
2024-07-18,228.10562515807683,228.26411801705945,220.17126344980832,222.06321716308594,66034600
2024-07-19,222.6971954569991,224.65849552449666,221.1717280930588,222.19200134277344,49151500
2024-07-22,224.86651071890955,225.6292444230493,220.98352612966187,221.84532165527344,48201800
2024-07-23,222.25140445670337,224.7971447504236,220.57735968997056,222.88536071777344,39960300
2024-07-24,221.88492258576645,222.67737176080064,215.07979609138368,216.47647094726562,61777600
2024-07-25,216.86277641061952,218.76466037633443,212.59347540961954,215.43638610839844,51391200
2024-07-26,216.6349653026102,217.41751434744816,213.97036267942912,215.90196228027344,41601300
2024-07-29,214.91139345300462,217.22929471632008,213.71281205128278,216.17930603027344,36311800
2024-07-30,217.1203256536185,218.24956072806748,214.07930652606245,216.7340087890625,41643800
2024-07-31,219.34909118598728,221.70662325926872,218.54674189777583,219.98304748535156,50036300
2024-08-01,222.25141811315143,222.36038006072013,214.97082835556836,216.2981719970703,62501000
2024-08-02,217.08067881945357,223.4697870434651,215.6542886583774,217.7839813232422,105568600
2024-08-05,197.21012147966275,211.4840610296135,194.14930192882554,207.29400634765625,119548600
2024-08-06,203.3614702980554,208.00718767754023,199.1714160471065,205.2732391357422,69660500
2024-08-07,204.94639470682978,211.62275945732517,204.4412156900116,207.83883666992188,63516400
2024-08-08,211.097744151489,212.17744837655164,206.8581585633277,211.2958526611328,47161100
2024-08-09,210.09728825409005,214.7330909034816,209.96851092003678,214.1981964111328,42201600
2024-08-12,214.27753840147545,217.68898821235913,213.81143620679725,215.7254180908203,38028100
2024-08-13,217.19314118814535,220.04925425523973,217.19314118814535,219.4344024658203,44155300
2024-08-14,218.7402072098891,221.17979111862692,217.8774142480331,219.8806610107422,41960600
2024-08-15,222.73677426147512,223.48055242779947,220.9120269929499,222.85577392578125,46414000
2024-08-16,222.06239369045758,224.94825642777528,221.79462933024135,224.1747283935547,44340200
2024-08-19,223.84744910734045,224.1152134494971,221.18967426906008,224.0160369873047,40687800
2024-08-20,223.8970537532744,225.28543353253482,223.57970115675508,224.6309051513672,30299000
2024-08-21,224.64083485973637,226.08871448701353,223.1830285060583,224.52182006835938,34765500
2024-08-22,225.90030886909642,226.44574924370923,222.04257986640772,222.6673583984375,43695300
2024-08-23,223.78798715352852,226.32674764036014,222.4690186706249,224.95819091796875,38677300
2024-08-26,224.87886564108967,225.39455612332776,222.03267909150793,225.29537963867188,30602200
2024-08-27,224.12514736512034,226.95151036486342,223.02435510684418,226.1383056640625,35934600
2024-08-28,226.02921369079436,227.95312221094204,223.80779089178384,224.611083984375,38052200
2024-08-29,228.1911537968638,230.98775191089825,226.9812734022471,227.8837127685547,51906300
2024-08-30,228.28038060324323,228.4886300006117,225.59285569982603,227.10025024414062,52990800
2024-09-03,226.65400042223428,227.10026429068756,219.335218503661,220.9219512939453,50190600
2024-09-04,219.82114598403248,219.94014563997789,215.67581475954933,219.0178680419922,43840200
2024-09-05,219.79139340374425,223.60944526365165,219.6823053430495,220.53517150878906,36615400
2024-09-06,222.09215251756703,223.37145940933704,217.94683622588397,218.98812866210938,48423000
2024-09-09,218.98814282610013,219.4344067184307,214.91223769602945,219.077392578125,67180000
2024-09-10,217.10388142289187,219.6426417511051,214.9320468059923,218.2840118408203,51591000
2024-09-11,219.6228241682371,221.2392917639212,216.08243282408242,220.8128662109375,44587100
2024-09-12,220.6541869199912,221.69547936785247,217.9964268983011,220.9219512939453,37455600
2024-09-13,221.7252477752003,222.18142327621288,220.06910342078112,220.65420532226562,36766600
2024-09-16,214.74364320285497,215.41800999792326,212.14538277021938,214.52548217773438,59357400
2024-09-17,213.96016573653907,215.10061943149995,212.7205355758407,214.9915313720703,45519300
2024-09-18,215.7452565018275,220.86245391858552,215.7353297749969,218.8592071533203,59894900
2024-09-19,223.1235568426533,227.913490447656,222.76654268786407,226.9713592529297,66781300
2024-09-20,228.06222073119503,231.15633305592988,225.7317097608303,226.30690002441406,318679900
2024-09-23,225.4540253555904,227.54652178723228,223.9367191660146,224.59124755859375,54146000
2024-09-24,226.75316007712865,227.44736512534206,223.85738561877668,225.48377990722656,43556100
2024-09-25,223.06400902085235,225.40443143928672,222.16156973744518,224.4920654296875,42308700
2024-09-26,225.4143769570366,226.60441901953834,223.54005654723983,225.63255310058594,36636700
2024-09-27,226.56473891662026,227.61594290444046,225.41435845997736,225.90028381347656,34026000
2024-09-30,228.1316114938428,231.0670623779297,227.7448474882838,231.0670623779297,54541900
2024-10-01,227.615942887257,227.74485413807125,221.88389405688537,224.33340454101562,63285000
2024-10-02,224.01605029183685,225.48376819979168,221.16986421787885,224.89866638183594,32880600
2024-10-03,223.2722952944607,224.92843958391967,221.46740141968138,223.7978973388672,34044200
2024-10-04,226.00936828631617,226.1085447535635,222.27065455992025,224.9185028076172,37245100
2024-10-07,222.63760820325265,223.81773870352313,219.4939074890314,219.85092163085938,39505400
2024-10-08,222.43927296601913,224.10532889247753,221.39798044587943,223.89707946777344,31855700
2024-10-09,223.36151510273743,227.84402197002447,222.96483950692257,227.63575744628906,33591100
2024-10-10,225.89038125247495,227.59611368544336,225.28544108575701,227.13992309570312,28183500
2024-10-11,227.39777482080956,227.5068628874906,225.4540279414576,225.66229248046875,31759200
2024-10-14,226.80272780199272,229.80759005626183,226.703566469934,229.38116455078125,39882100
2024-10-15,231.67201972311165,235.51983687729248,230.44230106244424,231.9100341796875,64751400
2024-10-16,229.67869350471682,230.19436878170097,227.93328446814013,229.85719299316406,34082200
2024-10-17,231.49350124327563,231.91003031839952,228.60765355789445,230.22412109375,32993800
2024-10-18,234.2206950473064,234.2206950473064,232.0686987091599,233.0504913330078,46431500
2024-10-21,232.5050605584077,234.8851598599691,232.5050605584077,234.51821899414062,36254500
2024-10-22,231.9496772340994,234.26034966164363,230.67038557078126,233.90333557128906,38846600
2024-10-23,232.13813805749322,233.18934216580075,225.8705597881939,228.84567260742188,52287000
2024-10-24,228.07212485007065,228.90516786821388,226.51515714412935,228.65724182128906,31109500
2024-10-25,227.83410560105818,231.2852316353655,227.66551771976023,229.49024963378906,38802300
2024-10-28,231.38442210065006,232.78271346714027,230.62080565968694,231.4637451171875,36087100
2024-10-29,231.1662580738538,232.38605001867157,230.3927299983884,231.7315216064453,35417200
2024-10-30,230.68030356750913,231.53316974412917,227.64569128136466,228.19113159179688,47070900
2024-10-31,227.43742665071557,227.92336713292326,223.5003599556127,224.035888671875,64370100
2024-11-01,219.13689753624155,223.48056715614828,218.44270756169647,221.06080627441406,65276700
2024-11-04,219.1567312107691,220.94178678396568,217.88735096075072,220.1682586669922,44944500
2024-11-05,219.9599923572388,222.09215031274817,219.3054639601429,221.59629821777344,28111300
2024-11-06,220.76328741365683,224.19459083458287,219.35506917081855,220.87237548828125,54561100
2024-11-07,222.7665321945981,225.9895710313294,222.70703236030374,225.59288024902344,42137700
2024-11-08,225.53330763226646,227.01257809039103,224.77878865400953,225.3248291015625,38328800
2024-11-11,223.3789433198207,224.07389700260043,219.90415975706793,222.61448669433594,42005600
2024-11-12,222.93218846295187,223.96468891324545,221.75075962779928,222.61448669433594,40398300
2024-11-13,222.39607398240116,225.0170530189228,221.15507983350162,223.49807739257812,48566200
2024-11-14,223.3987876531247,227.2210402122622,223.3789275067786,226.5757293701172,44923900
2024-11-15,224.76882873863602,225.28508648780175,222.65418524957263,223.37892150878906,47923700
2024-11-18,223.62710471676718,228.08476033762693,223.5476792879068,226.3771514892578,44633700
2024-11-19,225.34467799276683,228.501774994788,225.02699136706502,226.63531494140625,36211800
2024-11-20,226.4168677573381,228.2733899080337,224.2625040209905,227.35009765625,35169600
2024-11-21,227.2310031211041,228.5017799491732,224.08384369933498,226.87359619140625,42108300
2024-11-22,226.41689485035167,229.05773399756174,226.41689485035167,228.21385192871094,38168300
2024-11-25,229.79240040372403,231.5694972757357,228.08479132337303,231.19223022460938,90152800
2024-11-26,231.6489234928732,233.87279036398945,231.6489234928732,233.366455078125,45986200
2024-11-27,232.78068842055708,233.99189975911068,232.12543996222107,233.23736572265625,33498400
2024-11-29,233.11825362062933,236.0966394139658,232.28430923421996,235.62010192871094,28481400
2024-12-02,235.56052304560976,239.05515126765505,235.45131496686756,237.86380004882812,48137100
2024-12-03,238.08222901174219,241.01097200063165,237.17878168890522,240.90176391601562,38861000
2024-12-04,241.12019505186365,242.35126670496282,239.5118714775545,241.25918579101562,44383900
2024-12-05,242.23213863223197,242.77816394602775,240.38553870781277,241.28897094726562,40033900
2024-12-06,241.15989600483465,242.86750503393802,240.33587413565135,241.09039306640625,36870600
2024-12-09,240.08766321596437,245.4586888430206,240.00823778270345,244.9722137451172,44649200
2024-12-10,245.11122909402775,246.42172615122828,243.5723933612922,245.98489379882812,36914800
2024-12-11,246.17352158557497,248.9930565140259,244.48575750906295,244.714111328125,45205800
2024-12-12,245.11122473397327,246.9479020514793,243.9099357862414,246.17352294921875,32777500
2024-12-13,246.03453629863122,247.4939314395242,244.46591792091505,246.34230041503906,33155300
2024-12-16,246.2033097230519,249.56888515433104,245.86574781090837,249.2313232421875,51694800
2024-12-17,248.2782345553336,252.0012166921119,247.98039295462073,251.6537322998047,51356400
2024-12-18,250.34326772719038,252.4479889260113,245.95511429725673,246.26287841796875,56774100
2024-12-19,245.71684652457995,250.18442555229956,245.3097967996626,247.99034118652344,60882300
2024-12-20,246.2529371403228,253.16279902630112,243.919877297432,252.65647888183594,147495300
2024-12-23,252.9344343151273,253.8080837794399,251.6239373953799,253.4308319091797,40858800
2024-12-24,253.64930053302467,256.34969006633503,253.4507293352449,256.33978271484375,23234700
2024-12-26,256.32980188696064,258.2260444048055,255.77383898408218,257.15380859375,27237100
2024-12-27,255.97238682838486,256.836144148833,251.2367643772991,253.74853515625,42355300
2024-12-30,250.4127477342041,251.67360197393796,248.9434149702759,250.38296508789062,35557500
2024-12-31,250.62123433005314,251.45517870098834,247.63291094425557,248.61578369140625,39480700
2025-01-02,247.1365264348607,247.3053149666319,240.07776640397734,242.0931396484375,55740700
2025-01-03,241.60665893554688,242.42074318433572,240.14724866814672,241.60665893554688,40244100
2025-01-06,242.5498168429892,245.54806288478193,241.4478134561986,243.23484802246094,45045600
2025-01-07,241.22939201717418,243.78088314896328,239.61114601786818,240.46495056152344,40856000
2025-01-08,240.17702168463396,241.95413364050106,238.32049944087447,240.95140075683594,37628900
2025-01-10,238.2807606174901,238.4296889806259,231.32127200767005,235.14353942871094,61710900
2025-01-13,231.84748509521594,232.9792711307645,228.06493742769467,232.71121215820312,49630700
2025-01-14,233.05869925952226,234.41882398797216,230.79512716232853,231.5992889404297,39435300
2025-01-15,232.94949481929564,237.2383779015073,232.74100113522098,236.15621948242188,39832000
2025-01-16,235.63995285298606,236.29518618874627,226.38709407905125,226.6154327392578,71759100
2025-01-17,230.44764042021458,230.6164138035219,226.833866130533,228.32305908203125,68488300
2025-01-21,222.38613659782595,222.8031087860845,217.79942737812888,221.0359344482422,98070400
2025-01-22,218.2064601780486,222.5052654056773,218.2064601780486,222.2173614501953,64126500
2025-01-23,223.1208199792776,225.394314538592,220.69839703644928,222.04859924316406,60234800
2025-01-24,223.16053267311034,224.00441476166836,219.8148172645265,221.17494201660156,54697900
2025-01-27,222.4059977899183,230.47741293083342,222.36627749626697,228.20391845703125,94863400
2025-01-28,229.1867797612423,238.4594833656038,229.14705946957608,236.5433807373047,75707600
2025-01-29,232.43321505583046,238.1318651456976,232.3240069742682,237.63546752929688,45486100
2025-01-30,236.95044029141235,239.05516137192973,235.50096771104396,235.8782196044922,55658300
2025-01-31,245.40904807772534,245.40904807772534,231.7581140684966,234.29966735839844,100959800
2025-02-03,228.33297872450572,230.15971829856622,224.0738787357251,226.3672332763672,73063300
2025-02-04,225.61273982041166,231.45038123633566,225.01705656002386,231.1227569580078,45067300
2025-02-05,226.88350440739822,230.99367626573292,226.625383087866,230.7951202392578,39620300
2025-02-06,229.62361584180033,232.11554171369926,228.7698112868805,231.5397186279297,29925300
2025-02-07,230.92416830424466,232.3140755170278,225.6226304523949,225.98997497558594,39707200
2025-02-10,228.16660736242451,229.1803610121675,225.81108525741098,226.25833129882812,33115600
2025-02-11,226.8049592810601,233.7919821040532,226.7353950927951,231.19793701171875,53718400
2025-02-12,229.78663009476247,235.51142789245534,229.26980470124647,235.42196655273438,45243300
2025-02-13,235.4617298072221,240.85852795215618,234.1299251101732,240.05348205566406,53614100
2025-02-14,239.77519417214083,244.04891051069433,239.51678905976664,243.10472106933594,40896200
2025-02-18,242.65748906255496,243.68119139214684,240.36161266967392,242.9755401611328,48822500
2025-02-19,243.16433914739287,244.50607717853558,241.67350900245088,243.373046875,32204200
2025-02-20,243.4426355672204,245.27138364211797,242.7966000469895,244.3271942138672,32316900
2025-02-21,244.44646835255205,247.16972378813352,243.72093519653038,244.04891967773438,53197400
2025-02-24,243.43268408373555,247.33866705271078,242.92580728065096,245.5894317626953,51326400
2025-02-25,246.48395378064242,248.47172760145406,243.41284686721102,245.52981567382812,48013300
2025-02-26,242.83635669602367,243.48237703128345,237.66814851741972,238.890625,44433600
2025-02-27,237.94645181292123,240.9778097055873,235.61081167459415,235.84934997558594,41153600
2025-02-28,235.5014815283524,240.61005923211764,228.7927454203557,240.36158752441406,56833400
2025-03-03,240.31186830369816,242.53818006191796,234.66659889731284,236.57485961914062,47184000
2025-03-04,236.25684921580154,238.60242278275774,233.24535811530478,234.4877166748047,53798100
2025-03-05,233.98083809185871,235.1039350742086,227.82867612475383,234.29888916015625,47227600
2025-03-06,233.00684447444675,236.4059358119138,231.73467047090975,233.8914031982422,45170400
2025-03-07,233.67272217403436,239.8944479764648,233.3248557337566,237.6085205078125,46273600
2025-03-10,234.10009611136832,234.71631625547707,222.84930513729455,226.08937072753906,72071200
2025-03-11,222.4418047589131,224.4593937721428,216.1206840338927,219.48995971679688,76137400
2025-03-12,218.7942505386503,220.39440897367027,213.5962265598192,215.653564453125,62547500
2025-03-13,214.6298526174969,215.5144112677834,207.14588618522245,208.39817810058594,61368300
2025-03-14,209.9585940343847,212.64208545758027,208.2988048386841,212.18490600585938,60107600
2025-03-17,212.00600336087763,213.9043309003415,208.68642489319868,212.69178771972656,48073400
2025-03-18,212.85080057479257,213.83473880015984,210.19712464056028,211.38978576660156,42432400
2025-03-19,212.91044076829724,217.4226803637017,212.443312738742,213.92420959472656,54385400
2025-03-20,212.6818400591608,216.16044383082547,210.9226561911479,212.79116821289062,48862900
2025-03-21,210.26669685360034,217.5021918152461,209.9884097524224,216.93568420410156,94127800
2025-03-24,219.6490147320974,220.12607621910902,217.24381014629506,219.3806610107422,44299500
2025-03-25,219.4204082670252,222.73005335992565,218.73462390108503,222.38218688964844,34493600
2025-03-26,222.1436424317859,223.64442126802376,219.12223310716143,220.17575073242188,34466100
2025-03-27,220.03661426059983,223.61461307047793,219.21168633594712,222.48158264160156,37094800
2025-03-28,220.31488968867507,222.44180687800483,216.34927581514728,216.56793212890625,39818600
2025-03-31,215.683368745432,224.24073468961828,214.90813825561798,220.77207946777344,65299300
2025-04-01,218.46626491168394,222.31260214779184,217.5618242432653,221.8256072998047,36412700
2025-04-02,219.96705040499884,223.81338775742097,219.66888130946384,222.52133178710938,35905900
2025-04-03,204.2835010267849,206.22159255986557,200.01973301812973,201.9478759765625,103419000
2025-04-04,192.70470416765195,198.65809134675584,186.19474282689396,187.2283935546875,125910900
2025-04-07,176.1167553732534,192.96313526897592,173.55252535537636,180.35072326660156,160466300
2025-04-08,185.55866963100107,189.17641711488596,168.175598539417,171.365966796875,120859500
2025-04-09,170.8988481608281,199.38365014436008,170.8392173737498,197.63441467285156,184395900
2025-04-10,187.9142126464653,193.58929863014055,181.88131158917142,189.25595092773438,121880000
2025-04-11,184.96235041538483,198.32017705332044,184.92258644836306,196.9386749267578,87435900
2025-04-14,210.14745189040866,211.63828226401768,199.93029560984905,201.281982421875,101352900
2025-04-15,200.6259945192588,202.26590170954893,198.57859009217825,200.90428161621094,51343900
2025-04-16,197.1473909296092,199.47308245703653,191.19400339685228,193.0823974609375,59732400
2025-04-17,195.99445890478637,197.61449911758032,193.23145502579916,195.7758026123047,52164700
2025-04-21,192.0885304389909,192.6152892965427,188.64967500212322,191.9792022705078,46742500
2025-04-22,194.92107095045932,200.35763286451953,194.7719939992729,198.51895141601562,52976400
2025-04-23,204.74070932932477,206.7284832063085,201.56027415925303,203.34927368164062,52929200
2025-04-24,203.63745452212558,207.55337072286264,201.69937840299403,207.09617614746094,47311000
2025-04-25,205.10841141990002,208.46775361357263,204.9394524859384,208.00062561035156,38222300
2025-04-28,208.71623364812058,210.2070638884643,206.1917677806294,208.85537719726562,38743100
2025-04-29,207.41425458581946,210.94255602883885,207.096203506044,209.91885375976562,36827600
2025-04-30,208.02050829648644,212.2743425468257,205.40658118436113,211.20094299316406,52286500
2025-05-01,207.80187477964563,213.2483707428857,207.62296725165953,212.01596069335938,57365700
2025-05-02,204.8301167579532,205.72462393265195,200.92414910817757,204.0946502685547,101010600
2025-05-05,201.85841873478097,202.85230555244996,196.99831280299983,197.6741485595703,69018500
2025-05-06,196.9983091053983,199.42338015596502,195.81558138809015,197.2964630126953,51216500
2025-05-07,197.95242524507105,198.22077891807172,192.0686174137577,195.05027770996094,68536700
2025-05-08,196.51131984408346,198.82707814993435,193.48989516366862,196.28273010253906,50478900
2025-05-09,197.78345792922866,199.3140368102294,196.33237664044202,197.3163299560547,36453900
2025-05-12,209.95526516858178,210.2538252478288,205.75556156059073,209.776123046875,63775800
2025-05-13,209.4178625594749,212.3735786127325,207.99474788922345,211.9058380126953,51909300
2025-05-14,211.40822571910564,212.9109724892217,209.56713314477625,211.3087158203125,49325800
2025-05-15,209.9353425862246,211.9356843489774,208.5321209406448,210.4329376220703,45029500
2025-05-16,211.33858120774948,211.54757782116647,208.7610423595207,210.24386596679688,54737900
2025-05-19,206.90999202317107,208.47243269467637,203.2775387890809,207.7758026123047,46140500
2025-05-20,206.67113760639387,207.46729276724128,204.04383620537516,205.8650360107422,42496600
2025-05-21,204.1831685508297,206.04416933851562,199.74462882701684,201.11798095703125,59211800
2025-05-22,199.74461200022,201.77479312617928,198.73946027881726,200.3914794921875,46742400
2025-05-23,192.73846975457602,196.74908474491085,192.52948833207407,194.33078002929688,78432900
2025-05-27,197.34620772495165,199.77447409530296,196.48038197740732,199.2470245361328,56288500
2025-05-28,199.6252046868552,201.75491117265972,198.93852099816252,199.45602416992188,45339700
2025-05-29,202.60081106845576,202.8297005493605,197.55518975609246,198.98826599121094,51396800
2025-05-30,198.41106448584634,200.98861863398105,195.8335255231089,199.8839569091797,70819900
2025-06-02,199.31670530145792,201.15781336810346,199.1574712143689,200.72987365722656,35423300
2025-06-03,200.38153417950807,202.78989241693247,199.99341064507593,202.29229736328125,46381600
2025-06-04,201.93404589483336,205.24803106286797,201.12794426741362,201.844482421875,43604000
2025-06-05,202.521183994692,203.765171611367,199.1872911078447,199.6649932861328,55126100
2025-06-06,202.0236053289331,204.7106157617459,201.07817770068002,202.93917846679688,46607700
2025-06-09,203.4069099948636,205.0091667110405,199.05793398755327,200.48104858398438,72862600
2025-06-10,199.63513956616538,203.36710243054736,199.60528507808198,201.69517517089844,54672600
2025-06-11,202.5211970741936,203.51638723180633,197.45568281643992,197.8238983154297,60989900
2025-06-12,198.12244911144163,198.71955406677787,196.410720905765,198.2418670654297,43904600
2025-06-13,198.769334334526,199.40625545491926,194.7587190445596,195.50511169433594,51447300
2025-06-16,196.35101387226533,197.73432753277095,195.61456771612566,197.4656219482422,43020700
2025-06-17,196.25149936947125,197.4357781067605,194.27108064091922,194.69900512695312,38856200
2025-06-18,194.9975394291991,196.61970405840015,194.1317289512304,195.63446044921875,45394700
2025-06-20,197.28649906078425,200.72984844555882,195.9131318065836,200.03321838378906,96813500
2025-06-23,200.6602023375907,201.3269779408771,198.00304635957568,200.53082275390625,55814300
2025-06-24,201.61557243039425,202.46149014710028,199.23706853700068,199.3365936279297,54064000
2025-06-25,200.4810436177515,202.6903668657116,199.65503400834336,200.59051513671875,39525700
2025-06-26,200.4611428555203,201.66532960796235,198.50063224789568,200.03321838378906,50799100
2025-06-27,200.91895566349635,202.24256049649406,199.03804672932017,200.11285400390625,73188600
2025-06-30,201.03834688076608,206.39247448465787,198.30157410241034,204.1831512451172,91912800
2025-07-01,205.6759567295316,209.17903048404247,205.14850713857425,206.8204345703125,78788900
2025-07-02,207.90520763203585,212.3138933384243,207.13890685496787,211.41822814941406,67941800
2025-07-03,211.12958235725722,213.61755770997246,210.7912213537831,212.52285766601562,34955800
2025-07-07,211.65705062020388,215.18997897032483,207.7957228576545,208.940185546875,50229000
2025-07-08,209.08945658408672,210.41304612040562,207.4473837253886,208.9998779296875,42848900
2025-07-09,208.52219391164948,210.31353924447487,206.22330706177223,210.12445068359375,48749400
2025-07-10,209.49746585002458,212.45318170934252,209.01977884626095,211.38833618164062,44443600
2025-07-11,209.55720483784353,211.10969909895366,208.8506131239295,210.1443634033203,39765800
2025-07-14,208.92025854176603,209.89555581124029,206.54175471753558,207.61656188964844,38840100
2025-07-15,208.21368905566166,210.87084499335577,207.9151289669034,208.10421752929688,42296300
2025-07-16,209.28849593835915,211.37838618562168,207.63647661047767,209.149169921875,47490500
2025-07-17,209.5571995447156,210.78127919114968,208.58190225319882,209.0098419189453,48068100
2025-07-18,209.85575432940058,210.77132749863404,208.6913836081342,210.1642608642578,48974600
2025-07-21,211.07983063398711,214.74212298846783,210.61209006251647,211.45799255371094,51377400
2025-07-22,212.1148250502387,213.91611676733493,211.20919838168209,213.36875915527344,46404100
2025-07-23,213.96588230147148,214.11515474984876,211.38834345684663,213.11996459960938,46989300
2025-07-24,212.87116805528336,214.65256693634578,212.50295255730364,212.73184204101562,46022600
2025-07-25,213.6673206036272,214.2047317845148,212.37357038101962,212.8512725830078,40268800
2025-07-28,213.00055398053098,213.81661722083774,212.03521828670327,213.0204620361328,37858000
2025-07-29,213.14983725799084,213.77681196541135,209.80601264614248,210.25384521484375,51411700
2025-07-30,210.88079278566187,211.36844143995228,206.72090512781878,208.0445098876953,45512500
2025-07-31,207.48719786288635,208.83069544134486,206.16359315375274,206.57162475585938,80698400
2025-08-01,209.8557561748323,212.5527283441607,200.530828701964,201.40660095214844,104434500
2025-08-04,203.5263267271778,206.88012777005082,200.70993685491413,202.37191772460938,75109300
2025-08-05,202.42165671427045,204.35232790405936,201.18763073057525,201.9439697265625,44155100
2025-08-06,204.6409599471833,214.3440641251077,204.60114383647723,212.22430419921875,108483100
2025-08-07,217.82723230897543,219.78775818606874,215.53829184895108,218.97169494628906,90224800
2025-08-08,219.76786212559261,229.88894502591432,218.19545972697713,228.24688720703125,113854000
2025-08-11,227.08115402328403,228.71511750604432,223.9327805410339,226.3438720703125,61806100
2025-08-12,227.17083074525974,229.95057099439725,226.23430307406312,228.80479431152344,55626200
2025-08-13,230.2195756343437,234.1351043372746,229.58191650034667,232.47125244140625,69878500
2025-08-14,233.1985666998313,234.25466305951576,230.0003892485326,231.92327880859375,51916300
2025-08-15,233.13880497436926,233.41777326838445,228.4959516198378,230.7376708984375,56038700
2025-08-18,230.8472538899505,232.26202593201924,229.26310933608104,230.0402374267578,37476200
2025-08-19,230.42880766374827,232.0129522601839,228.50591803460907,229.71145629882812,39402600
2025-08-20,229.1335667246527,229.6217687789582,224.93906991665554,225.1781768798828,42263900
2025-08-21,225.43724912794482,225.68632903786573,222.9564077521854,224.07228088378906,30621200
2025-08-22,225.3376235225593,228.24687520672327,224.58042602754637,226.92176818847656,42477800
2025-08-25,225.6464693442017,228.45609804536198,225.3973894325087,226.323974609375,30983100
2025-08-26,226.03501179732243,228.64537936019502,223.8630424721864,228.46603393554688,54575100
2025-08-27,227.7686378094015,230.05020313892598,227.41991984776428,229.6417236328125,31259500
2025-08-28,229.9704999102399,232.55096405412047,228.4959359400532,231.70408630371094,38074700
2025-08-29,231.65426265633033,232.52107103838586,230.51845893056873,231.28562927246094,39418400
2025-09-02,228.4062708029861,230.00038826150748,226.1346633063032,228.87454223632812,44075600
2025-09-03,236.33697373754433,237.9709372370204,233.49745685978084,237.5923309326172,66427800
2025-09-04,237.57239985348932,239.0170601981439,235.8687018920251,238.8975067138672,47549400
2025-09-05,239.1167027112504,240.43185187342493,237.61226559630578,238.80784606933594,54870400
2025-09-08,238.41928864081726,239.2661511981365,235.47017586985078,237.0045166015625,48999500
2025-09-09,236.12774389612645,237.90119155812317,232.5011411802574,233.4875030517578,66313900
2025-09-10,231.3354417686907,231.56459101144756,225.11840222253522,225.95530700683594,83440800
2025-09-11,226.04500979013486,229.60186307827533,225.81584532196928,229.18341064453125,50208600
2025-09-12,228.37638560886936,233.6469097348115,228.17712472443904,233.2085418701172,55824200
2025-09-15,236.1277410783948,237.31336381412066,234.16499028444412,235.82884216308594,42699500
2025-09-16,236.30708253667353,240.33222235518573,235.45026224943368,237.2735137939453,63421100
2025-09-17,238.09049720761,239.21634322602875,236.85505542454314,238.1104278564453,46508000
2025-09-18,239.08682096339746,240.31228984200703,235.77903252032195,237.0045166015625,44249600
2025-09-19,240.34217704154452,245.3935247988757,239.32594197772087,244.59646606445312,163741300
2025-09-22,247.38616206443075,255.69547916115815,247.2068166293636,255.13751220703125,105517400
2025-09-23,254.9382669065294,256.3928850249964,252.64672876089196,253.49359130859375,60275200
2025-09-24,254.2807025242173,254.79879299943292,250.11607847800005,251.38140869140625,42303700
2025-09-25,252.27808820484515,256.22352044118514,250.7836088309123,255.9246063232422,55202100
2025-09-26,253.1648258525147,256.65194458214916,252.84599627139946,254.5198211669922,46076300
2025-09-29,253.62311772285494,254.06150078407975,252.07881928540593,253.49359130859375,40127700
2025-09-30,253.92203562343897,254.9781320575181,252.17847617402816,253.69288635253906,37704300
2025-10-01,254.10134722927504,257.83756097799323,253.9917514638179,254.5098419189453,48713900
2025-10-02,255.63563032858355,257.22974752480764,253.21458136967644,256.1836242675781,42630200
2025-10-03,253.73271197999827,258.2858846694617,253.01536064819075,257.07037353515625,49155600
2025-10-06,257.0405037108186,258.1165459888059,254.11133663097664,255.74530029296875,44664100
2025-10-07,255.86485915808862,256.4526841311554,254.48993311029045,255.5360870361328,31955800
2025-10-08,255.5758888188916,257.56852798749276,255.16739414069707,257.1102294921875,36496900
2025-10-09,256.8611554198282,257.0504585775582,252.2083446799687,253.1050262451172,38322000
2025-10-10,254.00171816056968,255.436420799504,243.10197943699816,244.3673095703125,61999100
2025-10-13,248.46219085423505,248.7710475029622,244.6562426215344,246.74851989746094,38142900
2025-10-14,245.69241642712313,247.93413549962378,243.79940008876653,246.8581085205078,35478000
2025-10-15,248.57178982967116,250.89321639065437,246.559219921403,248.42233276367188,33893600
2025-10-16,247.33635013275978,248.1234359576197,244.22783772705108,246.53929138183594,39777000
2025-10-17,247.1072067041429,252.4474806979352,246.3599669580113,251.36148071289062,49147000
2025-10-20,254.94822099113512,263.4069798400544,254.68918336894043,261.27484130859375,90483000
2025-10-21,260.9161783410852,264.3136317818121,260.86634411857244,261.8028869628906,46695900
2025-10-22,261.68336485657886,261.882640960004,254.48993535873984,257.49884033203125,45015300
2025-10-23,258.98332466328685,259.6608147081683,257.0604350924048,258.6246337890625,32754900
2025-10-24,260.2287163700197,263.15789839957887,258.22610426270086,261.85272216796875,38253700
2025-10-27,263.90514984178776,268.1295353654346,263.67598537979285,267.8206787109375,44888200
2025-10-28,267.9999758056659,268.896687690681,267.16307106420925,268.00994873046875,41534800
2025-10-29,268.28892986747474,270.4110953948544,266.1269030442272,268.7073974609375,51086700
2025-10-30,270.98897852374654,273.131090148023,267.49191714200913,270.4011535644531,69886500
2025-10-31,275.9705701844509,276.29937269597025,268.16940070155243,269.37493896484375,86167100
2025-11-03,269.42476736726525,269.8531775103368,265.2701011373342,268.0597839355469,50194600
2025-11-04,267.3424445625432,270.49081837885313,266.6350661079627,269.0461730957031,49274800
2025-11-05,267.6214146886098,270.7000692568828,265.94760492323326,269.14581298828125,43683100
2025-11-06,266.90407480138714,272.3937751745226,266.90407480138714,268.7771301269531,51204000
2025-11-07,268.8069946610708,271.28785094446636,265.78814772800683,267.4819030761719,48227400
2025-11-10,268.2298525605972,272.98692304032335,266.733924572705,268.6985778808594,41312400
2025-11-11,269.07757258136417,275.16101963639426,269.0675899882029,274.5028076171875,46208300
2025-11-12,274.2535066981436,274.9815360542478,270.9624767916609,272.7276611328125,48398000
2025-11-13,273.36590026791555,275.9488963676571,271.3513946141157,272.2090759277344,49602800
2025-11-14,270.31420819279356,275.21088338895913,268.8681625557137,271.6705322265625,47431300
2025-11-17,268.0903024129557,269.75575219797963,265.00869378967747,266.7339782714844,45018300
2025-11-18,269.25705465795,269.97510130800674,264.59974924229334,266.7139892578125,45677300
2025-11-19,264.80921977983166,271.47107967039307,264.77930243197466,267.83099365234375,40424500
2025-11-20,270.09480618650156,274.68232536305425,265.1981613886433,265.5272521972656,45823600
2025-11-21,265.2280517805383,272.5879921198442,264.9488130991126,270.75299072265625,59030800
2025-11-24,270.164627965921,276.24807542504453,270.164627965921,275.1710205078125,65585800
2025-11-25,274.52277261748515,279.6189174225992,274.50283786370125,276.2181701660156,46914200
2025-11-26,276.2081750495132,278.7712060098946,275.8790842359358,276.79656982421875,33431400
2025-11-28,276.50736791500816,278.242634823177,275.2407959413455,278.0930480957031,20135600
2025-12-01,277.2553332443013,282.65065109438723,275.3904143522869,282.3315124511719,46587700
2025-12-02,282.231773534172,286.619823290159,281.86278279875575,285.4131164550781,53669500
2025-12-03,285.4230848596457,287.8364984098337,282.5309329409685,283.3786315917969,43538700
2025-12-04,283.3287830094401,283.95707766942763,277.83373081751637,279.9380187988281,43989100
2025-12-05,279.77845592816414,280.37683325787106,277.2951945750906,278.0232238769531,47265800
2025-12-08,277.37501993231956,278.91084811822003,275.4003836933047,277.13568115234375,38211800
2025-12-09,277.40493251311347,279.2698514894354,276.16830825817004,276.4275817871094,32193300
2025-12-10,276.9960211276047,278.9905919368044,275.68957968235776,278.0232238769531,33038300
2025-12-11,278.34237127554803,278.8310314000742,273.0667227973629,277.2752685546875,33248000
2025-12-12,277.14562382282355,278.4620479370953,276.0685689150702,277.52459716796875,39532900
2025-12-15,279.3894873363706,279.3894873363706,272.0993337942639,273.3658752441406,50409100
2025-12-16,272.07941349564567,274.752131096348,271.0522107383373,273.8645324707031,37648600
2025-12-17,274.2634896625032,275.41036187784255,270.9026424636208,271.1020812988281,50138700
2025-12-18,272.86723904028526,272.8872042261758,266.22534517191764,271.45111083984375,51630700
2025-12-19,271.41126100078174,273.854622814086,269.1673684747946,272.9271545410156,144632000
2025-12-22,272.1192896847017,273.13654030849926,269.7756932559407,270.23443603515625,36571800
2025-12-23,270.1048034873943,271.7603010837797,268.8282792538215,271.62066650390625,29642000
2025-12-24,271.60070067851706,274.6823088952694,271.46109654935304,273.06671142578125,17910600
2025-12-26,273.41578359787746,274.6224904749486,272.11929424741834,272.6578369140625,21521800
2025-12-29,271.9497734782625,273.61522314661676,271.6107000753325,273.0168762207031,23715200
2025-12-30,272.06942798009953,273.3359694836473,271.54086793463244,272.33868408203125,22139600
2025-12-31,272.3187639976345,272.9370761103812,271.0123224859311,271.12200927734375,27293600
2026-01-02,271.52095990203577,277.0857995993762,268.26979943372277,270.27435302734375,37838100
2026-01-05,269.9053759278346,270.7730094869922,265.41759095171795,266.5345458984375,45647200
2026-01-06,266.27521573774703,266.82371056256306,261.40845786144683,261.6477966308594,52352100
2026-01-07,262.485556491205,262.96423405428067,259.10474402829175,259.6233215332031,48309800
2026-01-08,256.3222864925608,258.58614386359903,255.00587765735156,258.3368225097656,50419300
2026-01-09,258.3767027680543,259.5036402038468,255.52448097015204,258.6659240722656,39997000
2026-01-12,258.45648066308013,260.5906555331263,256.1028713590674,259.54351806640625,45263800
2026-01-13,258.01770778709204,261.0993163539261,257.68861696081353,260.34136962890625,45730800
2026-01-14,258.78557762508564,261.1092696408236,256.0131254420647,259.2543029785156,40019400
2026-01-15,259.9424426175537,260.3313985459844,256.35220896361545,257.5090637207031,39388600
2026-01-16,257.1999111311508,258.1971965798445,254.23797213114116,254.8363494873047,72142800
2026-01-20,252.04394930256512,254.09835490933511,242.75922413209136,246.0303192138672,80267500
2026-01-21,248.02489020045314,250.87712721718017,244.51444112970407,246.9777374267578,54641700
2026-01-22,248.52352576906395,250.31864258405668,247.47637302553753,247.67584228515625,39708300
2026-01-23,246.64863719927277,248.73296007338791,244.0157890837153,247.36666870117188,41689000
2026-01-26,250.7973501838168,255.86356228737432,249.121917868832,254.71669006347656,55969200
2026-01-27,258.4664899667647,261.2389423700868,257.5090739976807,257.56890869140625,49648300
2026-01-28,256.95057275810245,258.1572795494081,253.81909726521187,255.74386596679688,41288000
2026-01-29,257.29964922744847,258.94516415300217,253.7193980705993,257.5788879394531,67253000
2026-01-30,254.4773517832236,261.1890792690021,251.49546251262876,258.7756652832031,92443400
2026-02-02,259.3241487899344,269.7557466562268,258.50636737104884,269.2770690917969,73913400
2026-02-03,268.4692659190308,271.1419837262723,266.88355520832346,268.7485046386719,64394700
2026-02-04,271.55083028665655,278.19275421850585,271.55083028665655,275.7394104003906,90545700
2026-02-05,277.3749854862336,278.7412615768201,272.48829324857786,275.1610107421875,52977400
2026-02-06,276.3677353153735,280.14745564173626,276.1782486476445,277.3650207519531,50453400
2026-02-09,277.41494619870406,277.70443813431814,271.2160169672847,274.13079833984375,44623400
2026-02-10,274.40031021957236,274.87943562430115,272.4537718732244,273.19244384765625,34376900
2026-02-11,274.2106536370846,279.6808719096702,273.9610989943363,275.00921630859375,51931300
2026-02-12,275.09909064411113,275.22886395053104,259.7165366668213,261.2637939453125,81077200
2026-02-13,261.5432690161623,261.7628783299504,254.9949421084194,255.32435607910156,56290700
2026-02-17,257.5903108294174,265.8156532326085,255.08478749757862,263.4099426269531,58469100
2026-02-18,263.13045584681157,266.3447212846438,261.9825104325609,263.8791198730469,34203300
2026-02-19,262.13220471573277,264.00886051677537,259.5867290635135,260.11578369140625,30845300
2026-02-20,258.50868117461044,264.2783836675007,257.7001265171608,264.1086730957031,42070500
2026-02-23,263.0206001676805,268.95002088588865,262.91081074777924,265.705810546875,37308200
2026-02-24,267.38283777638213,274.4003442568012,267.233111068832,271.6552429199219,47014600
2026-02-25,271.29586819299504,274.45024283739696,270.567157599074,273.74151611328125,33714300
2026-02-26,274.4602128097023,275.61811956353745,270.31758130113775,272.4637756347656,32345100
2026-02-27,272.3240124520744,272.3240124520744,262.4217010495403,263.7093811035156,72366500
2026-03-02,261.94253069595567,266.05518620599753,259.73647625260065,264.2484130859375,41827900
2026-03-03,263.0106738027697,265.08695529305965,259.6666350681776,263.2801818847656,38568900
2026-03-04,264.17854815272653,265.67587606267574,260.95432154975975,262.0523376464844,39803100
2026-03-05,260.3254337562426,261.09405110124777,256.79173142961054,259.8263244628906,49658600
2026-03-06,258.16927189629365,258.3090066542827,253.916851068475,257.0013427734375,41120000
2026-03-09,255.2345148744848,260.68477987096253,253.22808575123491,259.41705322265625,38218500
2026-03-10,257.19102845716964,262.01244158439727,256.4922936817907,260.3653564453125,30590800
2026-03-11,260.62486739620806,261.6630231774062,259.08760235948154,260.3453674316406,26218900
2026-03-12,258.1992253881205,258.48871731031414,253.72719511663234,255.30438232421875,40794000
2026-03-13,255.024890934378,255.87336762960538,249.07551643845036,249.6744384765625,36930000
2026-03-16,251.66090222791988,253.43773019062647,249.4348789230203,252.36964416503906,32074200
2026-03-17,252.5093881906664,254.67552076289968,251.7307636559193,253.77711486816406,32361600
2026-03-18,252.1799767808244,254.48585937367065,248.55643828829037,249.49476623535156,35757900
2026-03-19,248.95572868612365,251.38140795985734,246.85947863088072,248.5165252685547,34864100
2026-03-20,247.53824109812177,248.75606899357115,245.56177255944445,247.54823303222656,88331100
2026-03-23,253.51758537106093,254.14646797882926,249.83415620831627,251.04200744628906,40546100
2026-03-24,249.90403139868116,254.37604644028636,249.10545347620703,251.1917266845703,45152300
2026-03-25,253.6473574345128,254.5457480998694,251.15181088451408,252.16998291015625,28476700
2026-03-26,251.67088153367666,256.5421934269488,250.32329549316128,252.43951416015625,41796700
2026-03-27,253.4477020992108,255.03488128462607,247.6281009352486,248.35679626464844,47900000
2026-03-30,249.62453299565456,250.4230956915925,245.07264337813007,246.19065856933594,39446200
2026-03-31,247.46837564153284,255.02488248828539,246.65982101631488,253.337890625,49598100
2026-04-01,253.62737973002484,255.7236296181179,252.8787157917901,255.17462158203125,40059400
2026-04-02,253.74717405681358,255.6737439434535,250.20349485503914,255.464111328125,31289400
2026-04-06,256.053045051996,261.6929736576745,256.003115847535,258.3988342285156,29329900
2026-04-07,255.70368128016966,255.7436185540334,245.2623079794448,253.0484161376953,62148000
2026-04-08,257.98960165960847,259.2872736156141,256.0730086009651,258.43878173828125,41032800
2026-04-09,258.5386040524215,260.65482250105316,255.6138310165902,260.02593994140625,28121600
2026-04-10,259.5168819122501,261.7229364827484,258.5585701252562,260.0159912109375,31291500
2026-04-13,259.2673359057164,259.71651601158027,256.2027973984465,258.73828125,36234700
2026-04-14,258.78816168339415,261.4633801130582,256.73183388682423,258.368896484375,48370700
2026-04-15,257.7001261657452,266.08515659729386,257.35074355126085,265.95538330078125,49913500
2026-04-16,266.3246925362851,266.6840670491935,260.804545264895,262.9307556152344,43323100
2026-04-17,266.4844323486072,271.8149160854778,266.24486962975914,269.7486267089844,61436200
2026-04-20,269.84841238867654,273.7913879220191,269.80850557942483,272.5635681152344,36590200
2026-04-21,271.0163536236942,272.3140256362382,264.9272139873882,265.69586181640625,50209800
2026-04-22,267.3429346055621,273.2523721409737,266.39461467279705,272.68341064453125,43249200
2026-04-23,274.56001085217736,275.2787294551341,271.1660737405759,272.9429016113281,33399600
2026-04-24,272.2741016414235,272.5735550213531,269.16962610782736,270.5771179199219,38157100
2026-04-27,265.6159889280984,267.88193422863776,264.59781690250213,267.1332702636719,41466800
2026-04-28,271.8548539018017,272.7432830913257,268.181416710472,270.2277526855469,40018900
2026-04-29,267.07336249706583,270.55716597281076,266.56429174844374,269.688720703125,30047900
2026-04-30,270.018146234023,275.50834883767226,267.6623648300734,270.86663818359375,91848200
2026-05-01,278.36321169794013,286.7083346607987,277.87409435408995,279.6409606933594,79915400
2026-05-04,279.16182884121525,280.13010214166496,274.3703610857382,276.33685302734375,46668400
2026-05-05,276.43668191704,284.0630869835518,276.00745521106614,283.67376708984375,49311700
2026-05-06,281.4177950537395,287.5168959460148,280.5693031693742,286.9978332519531,58336100
2026-05-07,288.75467457606095,291.60959552514373,285.2709015174152,286.9279479980469,45224300
2026-05-08,289.49338424193445,294.2349225642168,289.48339230776435,292.7974853515625,52692800
2026-05-11,291.72841688276577,293.6267735875138,289.979924827367,292.42779541015625,42247300
2026-05-12,292.3078994315659,295.0155556946294,292.3078994315659,294.54595947265625,45748100
2026-05-13,293.24708951115105,300.6607090744109,293.24708951115105,298.6124572753906,52684300
2026-05-14,299.5616620172475,300.1911240450107,295.12548538387824,297.9530334472656,35324900
2026-05-15,297.643304079477,302.93875555297063,296.26448829773227,299.9713134765625,54862800
2026-05-18,299.98126929450746,300.4009207908792,294.6558756451712,297.5833435058594,34483000
2026-05-19,296.7140952726279,300.2510533099592,296.09463441963413,298.7123718261719,42243600
2026-05-20,297.9230626302997,302.5390768782648,297.82314269813475,301.98956298828125,38229800
2026-05-21,300.80056674721834,305.27671719779084,300.1411318265125,304.7271728515625,42965100
2026-05-22,305.85620846339293,311.13165741506583,305.57645096183757,308.55389404296875,43670200
2026-05-26,309.29325163060713,311.5513139598484,307.4048960873393,308.0643005371094,48000500
2026-05-27,308.0643052358437,312.9900803339556,308.0343323058515,310.5821533203125,50430900
2026-05-28,310.412282475935,312.5304508120942,309.30325358892543,312.24072265625,48220400
2026-05-29,311.5113496628706,314.7285763294451,309.2632884033746,311.7911071777344,70026800
2026-06-01,309.363197507879,310.67206624496237,304.7571540774977,306.0460510253906,48849900
2026-06-02,307.1950545511415,315.1781903378333,306.42572903356995,314.92840576171875,44534700
2026-06-03,313.9092501546009,316.6668815001487,308.5838566628498,309.9926452636719,50836700
2026-06-04,312.96009909963743,313.26982953176514,309.38316692864953,310.9618225097656,44869100
2026-06-05,312.5903972939029,314.8984348439246,306.8853260765596,307.0751647949219,65310500
2026-06-08,308.4739595974908,317.1265012321255,300.9105055796523,301.2801818847656,77949100
2026-06-09,300.0212482417878,300.4908444635933,287.5320194610898,290.29962158203125,70108800
2026-06-10,290.4894628291428,294.4960172141002,287.1323727394638,291.3287353515625,52793300
2026-06-11,293.4668864344149,296.7440586571729,289.3404406054596,295.375244140625,42572500
2026-06-12,295.7749221682621,296.88398158337014,289.3704417369658,290.879150390625,38742100
2026-06-15,293.8665449684006,297.5233947188816,291.4486474146935,296.1645812988281,45732600
2026-06-16,294.99559499590845,300.2210994929347,293.71669913987887,298.9821472167969,39874400
2026-06-17,300.59074812548096,301.8096980081642,294.10632015937927,295.6949768066406,42745100
2026-06-18,297.8530937792582,300.31099586682666,295.3652492546472,297.7532043457031,85962200
2026-06-22,297.05381866220307,302.1594314563154,296.5043047694293,296.75408935546875,44879900
2026-06-23,297.2836155142734,301.3800886038737,293.9264950024863,294.04638671875,52010900
2026-06-24,295.1054570720635,299.4417438827621,292.68755959702736,292.8274230957031,53081900
2026-06-25,287.1523472601469,288.55113481081804,273.5141152813601,274.91290283203125,107013700
2026-06-26,274.7630284991681,285.70360492137456,273.9737007161028,283.53546142578125,261775500
2026-06-29,286.4829438934296,288.12151489662153,279.6088673150861,281.4972229003906,66427000
2026-06-30,280.9277417485351,289.69017405322865,280.45814550695326,289.11065673828125,65100200
2026-07-01,293.1871503157195,296.33442991747245,288.95081360688545,294.1263427734375,50164200
2026-07-02,293.866538367699,309.15337194761725,293.4269150966668,308.3640441894531,75352800
2026-07-06,307.0951430290638,313.9292760509671,306.7354678654279,312.3905944824219,53590000
2026-07-07,315.0183186077797,315.20815732134815,309.88273318392555,310.3923034667969,42490000
2026-07-08,311.6412289475945,314.5487250421545,306.7854009831778,313.1199645996094,41323500
2026-07-09,310.24243869469103,316.2572401947346,307.8944576262147,315.947509765625,48124500
2026-07-10,314.4488202226986,316.6369356310425,311.9010296470402,315.0483093261719,34132300
2026-07-13,316.7468014245228,323.171283634363,315.5078797345754,317.03656005859375,43257800
2026-07-14,313.48965629761443,315.91755515351207,311.64124426456783,314.58868408203125,36336800
2026-07-15,317.34631234952286,328.44675508114506,317.0465830462295,327.2178039550781,60957600
2026-07-16,327.72736328456057,334.3915986652446,326.50841333986017,332.97283935546875,62970600
2026-07-17,331.693929977533,334.7013154010385,328.71648699084636,333.452392578125,63407100
2026-07-20,333.2226134619852,333.4224228207836,323.4010672140761,326.3085632324219,53468000
2026-07-21,322.85156758462244,329.3159936819017,321.94234806189104,327.45758056640625,41338900
2026-07-22,327.58746619388995,328.7164973399543,323.0613709608057,325.60919189453125,38755900
2026-07-23,321.4527900194849,323.0214140443725,319.0748358849152,321.3828430175781,40840800
2026-07-24,321.5127284115298,334.0818750563203,321.3428614810286,332.7330322265625,47489400
2026-07-27,334.2517370375488,339.277401491225,333.73216560461384,336.61968994140625,49604300
2026-07-28,339.73698155301014,342.59453283396704,335.31080637618777,339.78692626953125,51859000
2026-07-29,339.43727163464206,344.2730974331505,337.0593175600121,337.8985900878906,56090800
2026-07-30,332.8129674612056,334.4615395264105,329.30598233808786,333.1426696777344,74817800
2026-07-31,304.54735603914753,310.4222943774597,299.7415030462749,308.6438293457031,132489100
2026-08-03,309.313234694189,311.5313230344714,302.29929450581176,303.1585693359375,75052000
2026-08-04,302.46913991298527,310.1525156602479,301.0603512911937,309.1134033203125,68001000
2026-08-05,309.09342362565195,311.4414048335362,305.40663118634393,310.7320251464844,49438800
2026-08-06,314.06913775686996,316.0174696892129,308.96355554648414,312.14080810546875,46139900
2026-08-07,311.1816431226555,314.53873325457766,310.47223295908327,313.05999755859375,34437200
2026-08-10,306.8299865722656,308.260009765625,304.6099853515625,308.260009765625,44812500
2026-08-11,307.75,309.9700012207031,302.7900085449219,304.9100036621094,37476700
2026-08-12,305.1000061035156,305.6600036621094,300.57000732421875,302.25,41657800
2026-08-13,304.2099914550781,306.0,302.04998779296875,305.260009765625,40349300
2026-08-14,306.0,307.489990234375,304.29998779296875,305.92999267578125,28229400
2026-08-17,306.2099914550781,307.6600036621094,302.94000244140625,305.5899963378906,38169300
2026-08-18,307.5799865722656,311.489990234375,305.739990234375,310.0299987792969,53424500
2026-08-19,310.1400146484375,319.2799987792969,309.6000061035156,316.8299865722656,50505600
2026-08-20,317.4599914550781,320.2799987792969,310.6499938964844,311.29998779296875,40959200
2026-08-21,312.04998779296875,312.3800048828125,307.010009765625,309.3500061035156,46876800
2026-08-24,311.4700012207031,313.3599853515625,309.9700012207031,310.3399963378906,34673600
2026-08-25,310.7900085449219,313.5899963378906,308.2099914550781,309.8999938964844,25869800
2026-08-26,310.29998779296875,315.42999267578125,308.79998779296875,313.45001220703125,34024500
2026-08-27,310.54998779296875,315.3999938964844,309.3999938964844,314.5799865722656,32364000
